2026-04-03 20:13:31 INFO  c.s.s.p.ProdReadyFeaturesApplicationTests - Starting ProdReadyFeaturesApplicationTests using Java 25 with PID 22124 (started by shikhilrane in /Users/shikhilrane/Downloads/Programming/Git-remote-repos/Learnings/_13_Spring_Boot_CS/Spring_Boot_Learning/_04_Production_Ready_SpringBoot_Features/_05_Logging_in_Spring_Boot/prod-ready-features)
2026-04-03 20:13:31 DEBUG c.s.s.p.ProdReadyFeaturesApplicationTests - Running with Spring Boot v4.0.2, Spring v7.0.3
2026-04-03 20:13:31 INFO  c.s.s.p.ProdReadyFeaturesApplicationTests - No active profile set, falling back to 1 default profile: "default"
2026-04-03 20:13:31 DEBUG o.s.b.SpringApplication - Loading source class com.shikhilrane.shikhil.prod_ready_features.ProdReadyFeaturesApplication
2026-04-03 20:13:31 DEBUG o.s.b.d.s.DevToolsSettings - Included patterns for restart : []
2026-04-03 20:13:31 DEBUG o.s.b.d.s.DevToolsSettings - Excluded patterns for restart : [/spring-boot-starter-[\w-]+/, /spring-boot/(bin|build|out)/, /spring-boot-starter/(bin|build|out)/, /spring-boot-devtools/(bin|build|out)/, /spring-boot-actuator/(bin|build|out)/, /spring-boot-autoconfigure/(bin|build|out)/]
2026-04-03 20:13:31 DEBUG o.s.w.c.s.GenericWebApplicationContext - Refreshing org.springframework.web.context.support.GenericWebApplicationContext@49ede9c7
2026-04-03 20:13:31 DEBUG o.s.b.f.s.DefaultListableBeanFactory - Creating shared instance of singleton bean 'org.springframework.context.annotation.internalConfigurationAnnotationProcessor'
2026-04-03 20:13:31 DEBUG o.s.b.f.s.DefaultListableBeanFactory - Creating shared instance of singleton bean 'org.springframework.boot.autoconfigure.internalCachingMetadataReaderFactory'
2026-04-03 20:13:31 DEBUG o.s.c.a.ClassPathBeanDefinitionScanner - Identified candidate component class: file [/Users/shikhilrane/Downloads/Programming/Git-remote-repos/Learnings/_13_Spring_Boot_CS/Spring_Boot_Learning/_04_Production_Ready_SpringBoot_Features/_05_Logging_in_Spring_Boot/prod-ready-features/target/classes/com/shikhilrane/shikhil/prod_ready_features/advice/GlobalExceptionHandler.class]
2026-04-03 20:13:31 DEBUG o.s.c.a.ClassPathBeanDefinitionScanner - Identified candidate component class: file [/Users/shikhilrane/Downloads/Programming/Git-remote-repos/Learnings/_13_Spring_Boot_CS/Spring_Boot_Learning/_04_Production_Ready_SpringBoot_Features/_05_Logging_in_Spring_Boot/prod-ready-features/target/classes/com/shikhilrane/shikhil/prod_ready_features/advice/GlobalResponseHandler.class]
2026-04-03 20:13:31 DEBUG o.s.c.a.ClassPathBeanDefinitionScanner - Identified candidate component class: file [/Users/shikhilrane/Downloads/Programming/Git-remote-repos/Learnings/_13_Spring_Boot_CS/Spring_Boot_Learning/_04_Production_Ready_SpringBoot_Features/_05_Logging_in_Spring_Boot/prod-ready-features/target/classes/com/shikhilrane/shikhil/prod_ready_features/auth/AuditorAwareImpl.class]
2026-04-03 20:13:31 DEBUG o.s.c.a.ClassPathBeanDefinitionScanner - Identified candidate component class: file [/Users/shikhilrane/Downloads/Programming/Git-remote-repos/Learnings/_13_Spring_Boot_CS/Spring_Boot_Learning/_04_Production_Ready_SpringBoot_Features/_05_Logging_in_Spring_Boot/prod-ready-features/target/classes/com/shikhilrane/shikhil/prod_ready_features/clients/impl/EmployeeClientImpl.class]
2026-04-03 20:13:31 DEBUG o.s.c.a.ClassPathBeanDefinitionScanner - Identified candidate component class: file [/Users/shikhilrane/Downloads/Programming/Git-remote-repos/Learnings/_13_Spring_Boot_CS/Spring_Boot_Learning/_04_Production_Ready_SpringBoot_Features/_05_Logging_in_Spring_Boot/prod-ready-features/target/classes/com/shikhilrane/shikhil/prod_ready_features/config/AuditingConfig.class]
2026-04-03 20:13:31 DEBUG o.s.c.a.ClassPathBeanDefinitionScanner - Identified candidate component class: file [/Users/shikhilrane/Downloads/Programming/Git-remote-repos/Learnings/_13_Spring_Boot_CS/Spring_Boot_Learning/_04_Production_Ready_SpringBoot_Features/_05_Logging_in_Spring_Boot/prod-ready-features/target/classes/com/shikhilrane/shikhil/prod_ready_features/config/MapperConfig.class]
2026-04-03 20:13:31 DEBUG o.s.c.a.ClassPathBeanDefinitionScanner - Identified candidate component class: file [/Users/shikhilrane/Downloads/Programming/Git-remote-repos/Learnings/_13_Spring_Boot_CS/Spring_Boot_Learning/_04_Production_Ready_SpringBoot_Features/_05_Logging_in_Spring_Boot/prod-ready-features/target/classes/com/shikhilrane/shikhil/prod_ready_features/config/RestClientConfig.class]
2026-04-03 20:13:31 DEBUG o.s.c.a.ClassPathBeanDefinitionScanner - Identified candidate component class: file [/Users/shikhilrane/Downloads/Programming/Git-remote-repos/Learnings/_13_Spring_Boot_CS/Spring_Boot_Learning/_04_Production_Ready_SpringBoot_Features/_05_Logging_in_Spring_Boot/prod-ready-features/target/classes/com/shikhilrane/shikhil/prod_ready_features/controllers/EmployeeRestClientController.class]
2026-04-03 20:13:31 DEBUG o.s.c.a.ClassPathBeanDefinitionScanner - Identified candidate component class: file [/Users/shikhilrane/Downloads/Programming/Git-remote-repos/Learnings/_13_Spring_Boot_CS/Spring_Boot_Learning/_04_Production_Ready_SpringBoot_Features/_05_Logging_in_Spring_Boot/prod-ready-features/target/classes/com/shikhilrane/shikhil/prod_ready_features/controllers/PostAuditController.class]
2026-04-03 20:13:31 DEBUG o.s.c.a.ClassPathBeanDefinitionScanner - Identified candidate component class: file [/Users/shikhilrane/Downloads/Programming/Git-remote-repos/Learnings/_13_Spring_Boot_CS/Spring_Boot_Learning/_04_Production_Ready_SpringBoot_Features/_05_Logging_in_Spring_Boot/prod-ready-features/target/classes/com/shikhilrane/shikhil/prod_ready_features/controllers/PostController.class]
2026-04-03 20:13:31 DEBUG o.s.c.a.ClassPathBeanDefinitionScanner - Ignored because not a concrete top-level class: file [/Users/shikhilrane/Downloads/Programming/Git-remote-repos/Learnings/_13_Spring_Boot_CS/Spring_Boot_Learning/_04_Production_Ready_SpringBoot_Features/_05_Logging_in_Spring_Boot/prod-ready-features/target/classes/com/shikhilrane/shikhil/prod_ready_features/repositories/PostRepository.class]
2026-04-03 20:13:31 DEBUG o.s.c.a.ClassPathBeanDefinitionScanner - Identified candidate component class: file [/Users/shikhilrane/Downloads/Programming/Git-remote-repos/Learnings/_13_Spring_Boot_CS/Spring_Boot_Learning/_04_Production_Ready_SpringBoot_Features/_05_Logging_in_Spring_Boot/prod-ready-features/target/classes/com/shikhilrane/shikhil/prod_ready_features/services/Implementation/PostServiceImpl.class]
2026-04-03 20:13:31 INFO  o.s.d.r.c.RepositoryConfigurationDelegate - Bootstrapping Spring Data JPA repositories in DEFAULT mode.
2026-04-03 20:13:31 DEBUG o.s.b.f.s.DefaultListableBeanFactory - Creating shared instance of singleton bean 'org.springframework.boot.autoconfigure.AutoConfigurationPackages'
2026-04-03 20:13:31 DEBUG o.s.b.a.AutoConfigurationPackages - @EnableAutoConfiguration was declared on a class in the package 'com.shikhilrane.shikhil.prod_ready_features'. Automatic @Repository and @Entity scanning is enabled.
2026-04-03 20:13:31 DEBUG o.s.d.r.c.RepositoryConfigurationDelegate - Scanning for JPA repositories in packages com.shikhilrane.shikhil.prod_ready_features.
2026-04-03 20:13:31 DEBUG o.s.d.r.c.RepositoryComponentProvider - Identified candidate component class: file [/Users/shikhilrane/Downloads/Programming/Git-remote-repos/Learnings/_13_Spring_Boot_CS/Spring_Boot_Learning/_04_Production_Ready_SpringBoot_Features/_05_Logging_in_Spring_Boot/prod-ready-features/target/classes/com/shikhilrane/shikhil/prod_ready_features/repositories/PostRepository.class]
2026-04-03 20:13:31 DEBUG o.s.c.a.ClassPathScanningCandidateComponentProvider - Identified candidate component class: file [/Users/shikhilrane/Downloads/Programming/Git-remote-repos/Learnings/_13_Spring_Boot_CS/Spring_Boot_Learning/_04_Production_Ready_SpringBoot_Features/_05_Logging_in_Spring_Boot/prod-ready-features/target/classes/com/shikhilrane/shikhil/prod_ready_features/auth/AuditorAwareImpl.class]
2026-04-03 20:13:31 DEBUG o.s.c.a.ClassPathScanningCandidateComponentProvider - Identified candidate component class: file [/Users/shikhilrane/Downloads/Programming/Git-remote-repos/Learnings/_13_Spring_Boot_CS/Spring_Boot_Learning/_04_Production_Ready_SpringBoot_Features/_05_Logging_in_Spring_Boot/prod-ready-features/target/classes/com/shikhilrane/shikhil/prod_ready_features/clients/impl/EmployeeClientImpl.class]
2026-04-03 20:13:31 DEBUG o.s.c.a.ClassPathScanningCandidateComponentProvider - Identified candidate component class: file [/Users/shikhilrane/Downloads/Programming/Git-remote-repos/Learnings/_13_Spring_Boot_CS/Spring_Boot_Learning/_04_Production_Ready_SpringBoot_Features/_05_Logging_in_Spring_Boot/prod-ready-features/target/classes/com/shikhilrane/shikhil/prod_ready_features/services/Implementation/PostServiceImpl.class]
2026-04-03 20:13:32 INFO  o.s.d.r.c.RepositoryConfigurationDelegate - Finished Spring Data repository scanning in 52 ms. Found 1 JPA repository interface.
2026-04-03 20:13:32 DEBUG o.s.b.f.s.DefaultListableBeanFactory - Creating shared instance of singleton bean 'propertySourcesPlaceholderConfigurer'
2026-04-03 20:13:32 DEBUG o.s.b.f.s.DefaultListableBeanFactory - Creating shared instance of singleton bean 'org.springframework.boot.sql.init.dependency.DatabaseInitializationDependencyConfigurer$DependsOnDatabaseInitializationPostProcessor'
2026-04-03 20:13:32 DEBUG o.s.b.f.s.DefaultListableBeanFactory - Creating shared instance of singleton bean 'org.springframework.context.event.internalEventListenerProcessor'
2026-04-03 20:13:32 DEBUG o.s.b.f.s.DefaultListableBeanFactory - Creating shared instance of singleton bean 'org.springframework.data.jpa.domain.support.AuditingBeanFactoryPostProcessor'
2026-04-03 20:13:32 DEBUG o.s.b.f.s.DefaultListableBeanFactory - Creating shared instance of singleton bean 'bootstrapExecutorAliasPostProcessor'
2026-04-03 20:13:32 DEBUG o.s.b.f.s.DefaultListableBeanFactory - Creating shared instance of singleton bean 'preserveErrorControllerTargetClassPostProcessor'
2026-04-03 20:13:32 DEBUG o.s.b.f.s.DefaultListableBeanFactory - Creating shared instance of singleton bean 'org.springframework.context.event.internalEventListenerFactory'
2026-04-03 20:13:32 DEBUG o.s.b.f.s.DefaultListableBeanFactory - Creating shared instance of singleton bean 'org.springframework.transaction.config.internalTransactionalEventListenerFactory'
2026-04-03 20:13:32 DEBUG o.s.b.f.s.DefaultListableBeanFactory - Creating shared instance of singleton bean 'org.springframework.context.annotation.internalAutowiredAnnotationProcessor'
2026-04-03 20:13:32 DEBUG o.s.b.f.s.DefaultListableBeanFactory - Creating shared instance of singleton bean 'org.springframework.context.annotation.internalCommonAnnotationProcessor'
2026-04-03 20:13:32 DEBUG o.s.b.f.s.DefaultListableBeanFactory - Creating shared instance of singleton bean 'org.springframework.context.annotation.internalPersistenceAnnotationProcessor'
2026-04-03 20:13:32 DEBUG o.s.b.f.s.DefaultListableBeanFactory - Creating shared instance of singleton bean 'org.springframework.boot.context.properties.ConfigurationPropertiesBindingPostProcessor'
2026-04-03 20:13:32 DEBUG o.s.b.f.s.DefaultListableBeanFactory - Creating shared instance of singleton bean 'org.springframework.boot.context.internalConfigurationPropertiesBinder'
2026-04-03 20:13:32 DEBUG o.s.b.f.s.DefaultListableBeanFactory - Creating shared instance of singleton bean 'jdbcConnectionDetailsHikariBeanPostProcessor'
2026-04-03 20:13:32 DEBUG o.s.b.f.s.DefaultListableBeanFactory - Creating shared instance of singleton bean 'org.springframework.aop.config.internalAutoProxyCreator'
2026-04-03 20:13:32 DEBUG o.s.b.f.s.DefaultListableBeanFactory - Creating shared instance of singleton bean 'org.springframework.aop.framework.autoproxy.defaultProxyConfig'
2026-04-03 20:13:32 DEBUG o.s.b.f.s.DefaultListableBeanFactory - Creating shared instance of singleton bean 'persistenceExceptionTranslationPostProcessor'
2026-04-03 20:13:32 DEBUG o.s.b.f.s.DefaultListableBeanFactory - Autowiring by type from bean name 'persistenceExceptionTranslationPostProcessor' via factory method to bean named 'environment'
2026-04-03 20:13:32 DEBUG o.s.b.f.s.DefaultListableBeanFactory - Creating shared instance of singleton bean 'projectingArgumentResolverBeanPostProcessor'
2026-04-03 20:13:32 DEBUG o.s.b.f.s.DefaultListableBeanFactory - Creating shared instance of singleton bean 'org.springframework.transaction.config.internalTransactionAdvisor'
2026-04-03 20:13:32 DEBUG o.s.b.f.s.DefaultListableBeanFactory - Creating shared instance of singleton bean 'org.springframework.transaction.annotation.ProxyTransactionManagementConfiguration'
2026-04-03 20:13:32 DEBUG o.s.a.a.a.ReflectiveAspectJAdvisorFactory - Found AspectJ method: public void org.springframework.beans.factory.aspectj.AbstractDependencyInjectionAspect.ajc$before$org_springframework_beans_factory_aspectj_AbstractDependencyInjectionAspect$1$e854fa65(java.lang.Object)
2026-04-03 20:13:32 DEBUG o.s.a.a.a.ReflectiveAspectJAdvisorFactory - Found AspectJ method: public void org.springframework.beans.factory.aspectj.AbstractDependencyInjectionAspect.ajc$afterReturning$org_springframework_beans_factory_aspectj_AbstractDependencyInjectionAspect$2$1ea6722c(java.lang.Object)
2026-04-03 20:13:32 DEBUG o.s.a.a.a.ReflectiveAspectJAdvisorFactory - Found AspectJ method: public void org.springframework.beans.factory.aspectj.AbstractDependencyInjectionAspect.ajc$afterReturning$org_springframework_beans_factory_aspectj_AbstractDependencyInjectionAspect$3$6aa27052(java.lang.Object)
2026-04-03 20:13:32 DEBUG o.s.a.a.AspectJExpressionPointcut - Pointcut parser rejected expression [(beanConstruction(bean) && (preConstructionCondition() && inConfigurableBean()))]: java.lang.IllegalArgumentException: error Type referred to is not an annotation type: Configurable
2026-04-03 20:13:32 DEBUG o.s.a.a.AspectJExpressionPointcut - Pointcut parser rejected expression [(beanConstruction(bean) && (postConstructionCondition() && inConfigurableBean()))]: java.lang.IllegalArgumentException: error Type referred to is not an annotation type: Configurable
2026-04-03 20:13:32 DEBUG o.s.a.a.AspectJExpressionPointcut - Pointcut parser rejected expression [(beanDeserialization(bean) && inConfigurableBean())]: java.lang.IllegalArgumentException: error Type referred to is not an annotation type: Configurable
2026-04-03 20:13:32 DEBUG o.s.b.f.s.DefaultListableBeanFactory - Creating shared instance of singleton bean 'transactionAttributeSource'
2026-04-03 20:13:32 DEBUG o.s.b.f.s.DefaultListableBeanFactory - Creating shared instance of singleton bean 'transactionInterceptor'
2026-04-03 20:13:32 DEBUG o.s.b.f.s.DefaultListableBeanFactory - Autowiring by type from bean name 'transactionInterceptor' via factory method to bean named 'transactionAttributeSource'
2026-04-03 20:13:32 DEBUG o.s.b.f.s.DefaultListableBeanFactory - Autowiring by type from bean name 'org.springframework.transaction.config.internalTransactionAdvisor' via factory method to bean named 'transactionAttributeSource'
2026-04-03 20:13:32 DEBUG o.s.b.f.s.DefaultListableBeanFactory - Autowiring by type from bean name 'org.springframework.transaction.config.internalTransactionAdvisor' via factory method to bean named 'transactionInterceptor'
2026-04-03 20:13:32 DEBUG o.s.b.f.s.DefaultListableBeanFactory - Creating shared instance of singleton bean 'webServerFactoryCustomizerBeanPostProcessor'
2026-04-03 20:13:32 DEBUG o.s.b.f.s.DefaultListableBeanFactory - Creating shared instance of singleton bean 'errorPageRegistrarBeanPostProcessor'
2026-04-03 20:13:32 DEBUG o.s.b.f.s.DefaultListableBeanFactory - Creating shared instance of singleton bean 'applicationTaskExecutor'
2026-04-03 20:13:32 DEBUG o.s.b.f.s.DefaultListableBeanFactory - Creating shared instance of singleton bean 'org.springframework.boot.autoconfigure.task.TaskExecutorConfigurations$TaskExecutorConfiguration'
2026-04-03 20:13:32 DEBUG o.s.b.f.s.DefaultListableBeanFactory - Creating shared instance of singleton bean 'threadPoolTaskExecutorBuilder'
2026-04-03 20:13:32 DEBUG o.s.b.f.s.DefaultListableBeanFactory - Creating shared instance of singleton bean 'org.springframework.boot.autoconfigure.task.TaskExecutorConfigurations$ThreadPoolTaskExecutorBuilderConfiguration'
2026-04-03 20:13:32 DEBUG o.s.b.f.s.DefaultListableBeanFactory - Creating shared instance of singleton bean 'spring.task.execution-org.springframework.boot.autoconfigure.task.TaskExecutionProperties'
2026-04-03 20:13:32 DEBUG o.s.b.f.s.DefaultListableBeanFactory - Creating shared instance of singleton bean 'org.springframework.boot.context.properties.BoundConfigurationProperties'
2026-04-03 20:13:32 DEBUG o.s.b.f.s.DefaultListableBeanFactory - Autowiring by type from bean name 'threadPoolTaskExecutorBuilder' via factory method to bean named 'spring.task.execution-org.springframework.boot.autoconfigure.task.TaskExecutionProperties'
2026-04-03 20:13:32 DEBUG o.s.b.f.s.DefaultListableBeanFactory - Autowiring by type from bean name 'applicationTaskExecutor' via factory method to bean named 'threadPoolTaskExecutorBuilder'
2026-04-03 20:13:32 DEBUG o.s.s.c.ThreadPoolTaskExecutor - Initializing ExecutorService 'applicationTaskExecutor'
2026-04-03 20:13:32 DEBUG o.s.b.f.s.DefaultListableBeanFactory - Creating shared instance of singleton bean 'org.springframework.test.context.support.internalDynamicPropertyRegistrarBeanInitializer'
2026-04-03 20:13:32 DEBUG o.s.b.f.s.DefaultListableBeanFactory - Creating shared instance of singleton bean 'dataSourceScriptDatabaseInitializer'
2026-04-03 20:13:32 DEBUG o.s.b.f.s.DefaultListableBeanFactory - Creating shared instance of singleton bean 'org.springframework.boot.jdbc.autoconfigure.DataSourceInitializationAutoConfiguration'
2026-04-03 20:13:32 DEBUG o.s.b.f.s.DefaultListableBeanFactory - Creating shared instance of singleton bean 'dataSource'
2026-04-03 20:13:32 DEBUG o.s.b.f.s.DefaultListableBeanFactory - Creating shared instance of singleton bean 'org.springframework.boot.jdbc.autoconfigure.DataSourceConfiguration$Hikari'
2026-04-03 20:13:32 DEBUG o.s.b.f.s.DefaultListableBeanFactory - Creating shared instance of singleton bean 'spring.datasource-org.springframework.boot.jdbc.autoconfigure.DataSourceProperties'
2026-04-03 20:13:32 DEBUG o.s.b.f.s.DefaultListableBeanFactory - Creating shared instance of singleton bean 'jdbcConnectionDetails'
2026-04-03 20:13:32 DEBUG o.s.b.f.s.DefaultListableBeanFactory - Creating shared instance of singleton bean 'org.springframework.boot.jdbc.autoconfigure.DataSourceAutoConfiguration$PooledDataSourceConfiguration'
2026-04-03 20:13:32 DEBUG o.s.b.f.s.DefaultListableBeanFactory - Autowiring by type from bean name 'jdbcConnectionDetails' via factory method to bean named 'spring.datasource-org.springframework.boot.jdbc.autoconfigure.DataSourceProperties'
2026-04-03 20:13:32 DEBUG o.s.b.f.s.DefaultListableBeanFactory - Autowiring by type from bean name 'dataSource' via factory method to bean named 'spring.datasource-org.springframework.boot.jdbc.autoconfigure.DataSourceProperties'
2026-04-03 20:13:32 DEBUG o.s.b.f.s.DefaultListableBeanFactory - Autowiring by type from bean name 'dataSource' via factory method to bean named 'jdbcConnectionDetails'
2026-04-03 20:13:32 DEBUG o.s.b.f.s.DefaultListableBeanFactory - Autowiring by type from bean name 'dataSource' via factory method to bean named 'environment'
2026-04-03 20:13:32 DEBUG c.z.h.u.UtilityElf - Class com.mysql.cj.jdbc.Driver found in Thread context class loader jdk.internal.loader.ClassLoaders$AppClassLoader@14dad5dc
2026-04-03 20:13:32 DEBUG o.s.b.f.s.DefaultListableBeanFactory - Creating shared instance of singleton bean 'spring.sql.init-org.springframework.boot.sql.autoconfigure.init.SqlInitializationProperties'
2026-04-03 20:13:32 DEBUG o.s.b.f.s.DefaultListableBeanFactory - Autowiring by type from bean name 'dataSourceScriptDatabaseInitializer' via factory method to bean named 'dataSource'
2026-04-03 20:13:32 DEBUG o.s.b.f.s.DefaultListableBeanFactory - Autowiring by type from bean name 'dataSourceScriptDatabaseInitializer' via factory method to bean named 'spring.sql.init-org.springframework.boot.sql.autoconfigure.init.SqlInitializationProperties'
2026-04-03 20:13:32 DEBUG o.s.b.f.s.DefaultListableBeanFactory - Creating shared instance of singleton bean 'org.springframework.context.config.internalBeanConfigurerAspect'
2026-04-03 20:13:32 DEBUG o.s.b.f.s.DefaultListableBeanFactory - Creating shared instance of singleton bean 'entityManagerFactory'
2026-04-03 20:13:32 DEBUG o.s.b.f.s.DefaultListableBeanFactory - Creating shared instance of singleton bean 'org.springframework.boot.hibernate.autoconfigure.HibernateJpaConfiguration'
2026-04-03 20:13:32 DEBUG o.s.b.f.s.DefaultListableBeanFactory - Creating shared instance of singleton bean 'spring.jpa-org.springframework.boot.jpa.autoconfigure.JpaProperties'
2026-04-03 20:13:32 DEBUG o.s.b.f.s.DefaultListableBeanFactory - Creating shared instance of singleton bean 'spring.jpa.hibernate-org.springframework.boot.hibernate.autoconfigure.HibernateProperties'
2026-04-03 20:13:32 DEBUG o.s.b.f.s.DefaultListableBeanFactory - Autowiring by type from bean name 'org.springframework.boot.hibernate.autoconfigure.HibernateJpaConfiguration' via constructor to bean named 'dataSource'
2026-04-03 20:13:32 DEBUG o.s.b.f.s.DefaultListableBeanFactory - Autowiring by type from bean name 'org.springframework.boot.hibernate.autoconfigure.HibernateJpaConfiguration' via constructor to bean named 'spring.jpa-org.springframework.boot.jpa.autoconfigure.JpaProperties'
2026-04-03 20:13:32 DEBUG o.s.b.f.s.DefaultListableBeanFactory - Autowiring by type from bean name 'org.springframework.boot.hibernate.autoconfigure.HibernateJpaConfiguration' via constructor to bean named 'org.springframework.beans.factory.support.DefaultListableBeanFactory@12eedfee'
2026-04-03 20:13:32 DEBUG o.s.b.f.s.DefaultListableBeanFactory - Autowiring by type from bean name 'org.springframework.boot.hibernate.autoconfigure.HibernateJpaConfiguration' via constructor to bean named 'spring.jpa.hibernate-org.springframework.boot.hibernate.autoconfigure.HibernateProperties'
2026-04-03 20:13:32 DEBUG o.s.b.f.s.DefaultListableBeanFactory - Creating shared instance of singleton bean 'hikariPoolDataSourceMetadataProvider'
2026-04-03 20:13:32 DEBUG o.s.b.f.s.DefaultListableBeanFactory - Creating shared instance of singleton bean 'org.springframework.boot.jdbc.autoconfigure.DataSourcePoolMetadataProvidersConfiguration$HikariPoolDataSourceMetadataProviderConfiguration'
2026-04-03 20:13:32 DEBUG o.s.b.f.s.DefaultListableBeanFactory - Creating shared instance of singleton bean 'entityManagerFactoryBuilder'
2026-04-03 20:13:32 DEBUG o.s.b.f.s.DefaultListableBeanFactory - Creating shared instance of singleton bean 'jpaVendorAdapter'
2026-04-03 20:13:32 DEBUG o.s.b.f.s.DefaultListableBeanFactory - Autowiring by type from bean name 'entityManagerFactoryBuilder' via factory method to bean named 'jpaVendorAdapter'
2026-04-03 20:13:32 DEBUG o.s.b.f.s.DefaultListableBeanFactory - Creating shared instance of singleton bean 'persistenceManagedTypes'
2026-04-03 20:13:32 DEBUG o.s.b.f.s.DefaultListableBeanFactory - Autowiring by type from bean name 'persistenceManagedTypes' via factory method to bean named 'org.springframework.beans.factory.support.DefaultListableBeanFactory@12eedfee'
2026-04-03 20:13:32 DEBUG o.s.b.f.s.DefaultListableBeanFactory - Autowiring by type from bean name 'persistenceManagedTypes' via factory method to bean named 'org.springframework.web.context.support.GenericWebApplicationContext@49ede9c7'
2026-04-03 20:13:32 DEBUG o.s.b.f.s.DefaultListableBeanFactory - Autowiring by type from bean name 'entityManagerFactory' via factory method to bean named 'entityManagerFactoryBuilder'
2026-04-03 20:13:32 DEBUG o.s.b.f.s.DefaultListableBeanFactory - Autowiring by type from bean name 'entityManagerFactory' via factory method to bean named 'persistenceManagedTypes'
2026-04-03 20:13:32 DEBUG o.s.o.j.LocalContainerEntityManagerFactoryBean - Building JPA container EntityManagerFactory for persistence unit 'default'
2026-04-03 20:13:32 DEBUG o.j.logging - Logging Provider: org.jboss.logging.Slf4jLoggerProvider found via system property
2026-04-03 20:13:32 DEBUG o.h.o.jpa - HHH008541: PersistenceUnitInfo [
	name: default
	persistence provider classname: null
	classloader: jdk.internal.loader.ClassLoaders$AppClassLoader@14dad5dc
	excludeUnlistedClasses: true
	JTA datasource: null
	Non JTA datasource: HikariDataSource (null)
	Transaction type: RESOURCE_LOCAL
	PU root URL: file:/Users/shikhilrane/Downloads/Programming/Git-remote-repos/Learnings/_13_Spring_Boot_CS/Spring_Boot_Learning/_04_Production_Ready_SpringBoot_Features/_05_Logging_in_Spring_Boot/prod-ready-features/target/test-classes/
	Shared Cache Mode: UNSPECIFIED
	Validation Mode: AUTO
	Jar files URLs []
	Managed classes names [
		com.shikhilrane.shikhil.prod_ready_features.entities.AuditableEntity
		com.shikhilrane.shikhil.prod_ready_features.entities.PostEntity]
	Mapping files names []
	Properties []
2026-04-03 20:13:32 DEBUG o.h.o.service - HHH010455: Adding integrator: org.hibernate.boot.beanvalidation.BeanValidationIntegrator
2026-04-03 20:13:32 DEBUG o.h.o.service - HHH010455: Adding integrator: org.hibernate.cache.internal.CollectionCacheInvalidator
2026-04-03 20:13:32 DEBUG o.h.o.service - HHH010455: Adding integrator: org.hibernate.envers.boot.internal.EnversIntegrator
2026-04-03 20:13:32 INFO  o.h.o.core - HHH000001: Hibernate ORM core version 7.2.1.Final
2026-04-03 20:13:32 DEBUG o.h.o.core - HHH000206: 'hibernate.properties' not found
2026-04-03 20:13:32 DEBUG o.s.o.j.h.SpringBeanContainer - Falling back to Hibernate's default producer after bean creation failure for interface org.hibernate.engine.jdbc.connections.spi.MultiTenantConnectionProvider: org.springframework.beans.factory.BeanCreationException: Error creating bean with name 'org.hibernate.engine.jdbc.connections.spi.MultiTenantConnectionProvider': Failed to instantiate [org.hibernate.engine.jdbc.connections.spi.MultiTenantConnectionProvider]: Specified class is an interface
2026-04-03 20:13:32 DEBUG o.h.o.cache - HHH90001031: Cannot default RegionFactory since no RegionFactory strategies were registered
2026-04-03 20:13:32 DEBUG o.h.o.cache - HHH90001029: Second-level cache disabled
2026-04-03 20:13:32 INFO  o.h.e.b.i.EnversServiceImpl - Envers integration enabled? : true
2026-04-03 20:13:33 INFO  o.s.o.j.p.SpringPersistenceUnitInfo - No LoadTimeWeaver setup: ignoring JPA class transformer
2026-04-03 20:13:33 DEBUG c.z.h.HikariConfig - HikariPool-1 - configuration:
2026-04-03 20:13:33 DEBUG c.z.h.HikariConfig - allowPoolSuspension.............false
2026-04-03 20:13:33 DEBUG c.z.h.HikariConfig - autoCommit......................true
2026-04-03 20:13:33 DEBUG c.z.h.HikariConfig - catalog.........................none
2026-04-03 20:13:33 DEBUG c.z.h.HikariConfig - connectionInitSql...............none
2026-04-03 20:13:33 DEBUG c.z.h.HikariConfig - connectionTestQuery.............none
2026-04-03 20:13:33 DEBUG c.z.h.HikariConfig - connectionTimeout...............30000
2026-04-03 20:13:33 DEBUG c.z.h.HikariConfig - credentials.....................com.zaxxer.hikari.util.Credentials@3346e906
2026-04-03 20:13:33 DEBUG c.z.h.HikariConfig - credentialsProvider.............none
2026-04-03 20:13:33 DEBUG c.z.h.HikariConfig - credentialsProviderClassName....none
2026-04-03 20:13:33 DEBUG c.z.h.HikariConfig - dataSource......................none
2026-04-03 20:13:33 DEBUG c.z.h.HikariConfig - dataSourceClassName.............none
2026-04-03 20:13:33 DEBUG c.z.h.HikariConfig - dataSourceJNDI..................none
2026-04-03 20:13:33 DEBUG c.z.h.HikariConfig - dataSourceProperties............{password=<masked>}
2026-04-03 20:13:33 DEBUG c.z.h.HikariConfig - driverClassName................."com.mysql.cj.jdbc.Driver"
2026-04-03 20:13:33 DEBUG c.z.h.HikariConfig - exceptionOverride...............none
2026-04-03 20:13:33 DEBUG c.z.h.HikariConfig - exceptionOverrideClassName......none
2026-04-03 20:13:33 DEBUG c.z.h.HikariConfig - healthCheckProperties...........{}
2026-04-03 20:13:33 DEBUG c.z.h.HikariConfig - healthCheckRegistry.............none
2026-04-03 20:13:33 DEBUG c.z.h.HikariConfig - idleTimeout.....................600000
2026-04-03 20:13:33 DEBUG c.z.h.HikariConfig - initializationFailTimeout.......1
2026-04-03 20:13:33 DEBUG c.z.h.HikariConfig - isolateInternalQueries..........false
2026-04-03 20:13:33 DEBUG c.z.h.HikariConfig - jdbcUrl.........................jdbc:mysql://localhost:3306/prod-ready-features?useSSL=false&allowPublicKeyRetrieval=true
2026-04-03 20:13:33 DEBUG c.z.h.HikariConfig - keepaliveTime...................120000
2026-04-03 20:13:33 DEBUG c.z.h.HikariConfig - leakDetectionThreshold..........0
2026-04-03 20:13:33 DEBUG c.z.h.HikariConfig - maxLifetime.....................1800000
2026-04-03 20:13:33 DEBUG c.z.h.HikariConfig - maximumPoolSize.................10
2026-04-03 20:13:33 DEBUG c.z.h.HikariConfig - metricRegistry..................none
2026-04-03 20:13:33 DEBUG c.z.h.HikariConfig - metricsTrackerFactory...........none
2026-04-03 20:13:33 DEBUG c.z.h.HikariConfig - minimumIdle.....................10
2026-04-03 20:13:33 DEBUG c.z.h.HikariConfig - password........................<masked>
2026-04-03 20:13:33 DEBUG c.z.h.HikariConfig - poolName........................"HikariPool-1"
2026-04-03 20:13:33 DEBUG c.z.h.HikariConfig - readOnly........................false
2026-04-03 20:13:33 DEBUG c.z.h.HikariConfig - registerMbeans..................false
2026-04-03 20:13:33 DEBUG c.z.h.HikariConfig - scheduledExecutor...............none
2026-04-03 20:13:33 DEBUG c.z.h.HikariConfig - schema..........................none
2026-04-03 20:13:33 DEBUG c.z.h.HikariConfig - threadFactory...................internal
2026-04-03 20:13:33 DEBUG c.z.h.HikariConfig - transactionIsolation............default
2026-04-03 20:13:33 DEBUG c.z.h.HikariConfig - username........................"root"
2026-04-03 20:13:33 DEBUG c.z.h.HikariConfig - validationTimeout...............5000
2026-04-03 20:13:33 INFO  c.z.h.HikariDataSource - HikariPool-1 - Starting...
2026-04-03 20:13:33 DEBUG c.z.h.p.PoolBase - HikariPool-1 - Attempting to create/setup new connection (5ee4a86c-7fb8-4fe6-9cc5-dbc60327dd66)
2026-04-03 20:13:33 DEBUG c.z.h.p.PoolBase - HikariPool-1 - Established new connection (5ee4a86c-7fb8-4fe6-9cc5-dbc60327dd66)
2026-04-03 20:13:33 INFO  c.z.h.p.HikariPool - HikariPool-1 - Added connection com.mysql.cj.jdbc.ConnectionImpl@74faf450
2026-04-03 20:13:33 INFO  c.z.h.HikariDataSource - HikariPool-1 - Start completed.
2026-04-03 20:13:33 DEBUG o.h.o.jdbc - HHH100017: Database:
	name: MySQL
	version: 9.4.0
	major: 9
	minor: 4
2026-04-03 20:13:33 DEBUG o.h.o.jdbc - HHH100018: Driver:
	name: MySQL Connector/J
	version: mysql-connector-j-9.5.0 (Revision: a7b3c94f50efbddb9f0dd69b3e0d1aaa25305cd6)
	major: 9
	minor: 5
	JDBC version: 4.2
2026-04-03 20:13:33 DEBUG o.h.o.dialect - HHH035001: Using dialect: org.hibernate.dialect.MySQLDialect, version: 9.4
2026-04-03 20:13:33 DEBUG o.h.e.j.e.s.IdentifierHelperBuilder - IdentifierCaseStrategy for both quoted and unquoted identifiers was set to the same strategy [MIXED]; that will likely lead to problems in schema update and validation if using quoted identifiers
2026-04-03 20:13:33 DEBUG o.h.o.jdbc - HHH100122: Using default JDBC fetch size: 0
2026-04-03 20:13:33 INFO  o.h.o.c.pooling - HHH10001005: Database info:
	Database JDBC URL [jdbc:mysql://localhost:3306/prod-ready-features?useSSL=false&allowPublicKeyRetrieval=true]
	Database driver: MySQL Connector/J
	Database dialect: MySQLDialect
	Database version: 9.4
	Default catalog/schema: prod-ready-features/undefined
	Autocommit mode: undefined/unknown
	Isolation level: REPEATABLE_READ [default REPEATABLE_READ]
	JDBC fetch size: none
	Pool: DataSourceConnectionProvider
	Minimum pool size: undefined/unknown
	Maximum pool size: undefined/unknown
2026-04-03 20:13:33 DEBUG c.z.h.p.HikariPool - HikariPool-1 - Pool stats (total=1/10, idle=1/10, active=0, waiting=0)
2026-04-03 20:13:33 DEBUG c.z.h.p.PoolBase - HikariPool-1 - Attempting to create/setup new connection (9e0a52f6-49f4-4bc6-accd-9b15d4e11c7f)
2026-04-03 20:13:33 DEBUG c.z.h.p.PoolBase - HikariPool-1 - Established new connection (9e0a52f6-49f4-4bc6-accd-9b15d4e11c7f)
2026-04-03 20:13:33 DEBUG c.z.h.p.HikariPool - HikariPool-1 - Added connection com.mysql.cj.jdbc.ConnectionImpl@7d6774d5
2026-04-03 20:13:33 DEBUG c.z.h.p.HikariPool - HikariPool-1 - After adding stats (total=2/10, idle=2/10, active=0, waiting=0)
2026-04-03 20:13:33 DEBUG c.z.h.p.PoolBase - HikariPool-1 - Attempting to create/setup new connection (e93130f7-3414-45d4-9bf0-dff1d44ff814)
2026-04-03 20:13:33 DEBUG c.z.h.p.PoolBase - HikariPool-1 - Established new connection (e93130f7-3414-45d4-9bf0-dff1d44ff814)
2026-04-03 20:13:33 DEBUG c.z.h.p.HikariPool - HikariPool-1 - Added connection com.mysql.cj.jdbc.ConnectionImpl@1d488b9a
2026-04-03 20:13:33 DEBUG c.z.h.p.HikariPool - HikariPool-1 - After adding stats (total=3/10, idle=3/10, active=0, waiting=0)
2026-04-03 20:13:33 DEBUG c.z.h.p.PoolBase - HikariPool-1 - Attempting to create/setup new connection (2ea4a3c3-e852-410f-9330-52b768f32b33)
2026-04-03 20:13:33 DEBUG c.z.h.p.PoolBase - HikariPool-1 - Established new connection (2ea4a3c3-e852-410f-9330-52b768f32b33)
2026-04-03 20:13:33 DEBUG c.z.h.p.HikariPool - HikariPool-1 - Added connection com.mysql.cj.jdbc.ConnectionImpl@19067263
2026-04-03 20:13:33 DEBUG c.z.h.p.HikariPool - HikariPool-1 - After adding stats (total=4/10, idle=4/10, active=0, waiting=0)
2026-04-03 20:13:33 DEBUG c.z.h.p.PoolBase - HikariPool-1 - Attempting to create/setup new connection (7276d898-d6c3-4d7a-9fc9-ff235ec91652)
2026-04-03 20:13:33 DEBUG c.z.h.p.PoolBase - HikariPool-1 - Established new connection (7276d898-d6c3-4d7a-9fc9-ff235ec91652)
2026-04-03 20:13:33 DEBUG c.z.h.p.HikariPool - HikariPool-1 - Added connection com.mysql.cj.jdbc.ConnectionImpl@74dd995d
2026-04-03 20:13:33 DEBUG c.z.h.p.HikariPool - HikariPool-1 - After adding stats (total=5/10, idle=5/10, active=0, waiting=0)
2026-04-03 20:13:33 DEBUG c.z.h.p.PoolBase - HikariPool-1 - Attempting to create/setup new connection (136a8cc1-d9e3-4c16-be19-23ecfe1498b2)
2026-04-03 20:13:33 DEBUG c.z.h.p.PoolBase - HikariPool-1 - Established new connection (136a8cc1-d9e3-4c16-be19-23ecfe1498b2)
2026-04-03 20:13:33 DEBUG c.z.h.p.HikariPool - HikariPool-1 - Added connection com.mysql.cj.jdbc.ConnectionImpl@7074dd3c
2026-04-03 20:13:33 DEBUG c.z.h.p.HikariPool - HikariPool-1 - After adding stats (total=6/10, idle=6/10, active=0, waiting=0)
2026-04-03 20:13:33 DEBUG c.z.h.p.PoolBase - HikariPool-1 - Attempting to create/setup new connection (d7c4815c-fcd5-4018-9e14-f7756881f87e)
2026-04-03 20:13:33 DEBUG c.z.h.p.PoolBase - HikariPool-1 - Established new connection (d7c4815c-fcd5-4018-9e14-f7756881f87e)
2026-04-03 20:13:33 DEBUG c.z.h.p.HikariPool - HikariPool-1 - Added connection com.mysql.cj.jdbc.ConnectionImpl@387620d0
2026-04-03 20:13:33 DEBUG o.h.e.c.i.m.AuditMetadataGenerator - Generating first-pass auditing mapping for entity com.shikhilrane.shikhil.prod_ready_features.entities.PostEntity
2026-04-03 20:13:33 INFO  o.h.e.c.i.m.AuditMetadataGenerator - Adding properties for entity: com.shikhilrane.shikhil.prod_ready_features.entities.PostEntity
2026-04-03 20:13:33 DEBUG o.h.e.c.i.m.AuditMetadataGenerator - Generating second-pass auditing mapping for entity com.shikhilrane.shikhil.prod_ready_features.entities.PostEntity
2026-04-03 20:13:33 DEBUG c.z.h.p.HikariPool - HikariPool-1 - After adding stats (total=7/10, idle=7/10, active=0, waiting=0)
2026-04-03 20:13:33 DEBUG c.z.h.p.PoolBase - HikariPool-1 - Attempting to create/setup new connection (ddc0ca92-8caf-4f33-816b-81bb3c176069)
2026-04-03 20:13:33 DEBUG c.z.h.p.PoolBase - HikariPool-1 - Established new connection (ddc0ca92-8caf-4f33-816b-81bb3c176069)
2026-04-03 20:13:33 DEBUG c.z.h.p.HikariPool - HikariPool-1 - Added connection com.mysql.cj.jdbc.ConnectionImpl@5c376793
2026-04-03 20:13:33 DEBUG c.z.h.p.HikariPool - HikariPool-1 - After adding stats (total=8/10, idle=8/10, active=0, waiting=0)
2026-04-03 20:13:33 DEBUG c.z.h.p.PoolBase - HikariPool-1 - Attempting to create/setup new connection (dfc1cb4a-053c-4a91-be92-068e6b3672af)
2026-04-03 20:13:33 DEBUG c.z.h.p.PoolBase - HikariPool-1 - Established new connection (dfc1cb4a-053c-4a91-be92-068e6b3672af)
2026-04-03 20:13:33 DEBUG c.z.h.p.HikariPool - HikariPool-1 - Added connection com.mysql.cj.jdbc.ConnectionImpl@35d66865
2026-04-03 20:13:33 DEBUG o.s.o.j.h.SpringBeanContainer - Falling back to Hibernate's default producer after bean creation failure for interface org.hibernate.context.spi.CurrentTenantIdentifierResolver: org.springframework.beans.factory.NoSuchBeanDefinitionException: No qualifying bean of type 'org.hibernate.context.spi.CurrentTenantIdentifierResolver<?>' available
2026-04-03 20:13:33 DEBUG o.s.o.j.h.SpringBeanContainer - Falling back to Hibernate's default producer after bean creation failure for interface org.hibernate.context.spi.TenantSchemaMapper: org.springframework.beans.factory.NoSuchBeanDefinitionException: No qualifying bean of type 'org.hibernate.context.spi.TenantSchemaMapper<?>' available
2026-04-03 20:13:33 DEBUG c.z.h.p.HikariPool - HikariPool-1 - After adding stats (total=9/10, idle=9/10, active=0, waiting=0)
2026-04-03 20:13:33 DEBUG c.z.h.p.PoolBase - HikariPool-1 - Attempting to create/setup new connection (82a5661c-c739-460f-9913-7fb12bf447d4)
2026-04-03 20:13:33 DEBUG c.z.h.p.PoolBase - HikariPool-1 - Established new connection (82a5661c-c739-460f-9913-7fb12bf447d4)
2026-04-03 20:13:33 DEBUG c.z.h.p.HikariPool - HikariPool-1 - Added connection com.mysql.cj.jdbc.ConnectionImpl@69f6b216
2026-04-03 20:13:33 DEBUG c.z.h.p.HikariPool - HikariPool-1 - After adding stats (total=10/10, idle=10/10, active=0, waiting=0)
2026-04-03 20:13:33 DEBUG o.h.o.factory - HHH90020001: Instantiating factory [e3919ef0-2151-492c-bde6-6aef82b24b78] with settings: {hibernate.format_sql=true, java.specification.version=25, hibernate.resource.beans.container=org.springframework.orm.jpa.hibernate.SpringBeanContainer@61627c9d, hibernate.connection.handling_mode=DELAYED_ACQUISITION_AND_HOLD, sun.jnu.encoding=UTF-8, hibernate.implicit_naming_strategy=org.springframework.boot.hibernate.SpringImplicitNamingStrategy, java.class.path=/Users/shikhilrane/.m2/repository/org/junit/platform/junit-platform-launcher/6.0.2/junit-platform-launcher-6.0.2.jar:/Applications/IntelliJ IDEA CE.app/Contents/lib/idea_rt.jar:/Applications/IntelliJ IDEA CE.app/Contents/plugins/junit/lib/junit6-rt.jar:/Applications/IntelliJ IDEA CE.app/Contents/plugins/junit/lib/junit5-rt.jar:/Applications/IntelliJ IDEA CE.app/Contents/plugins/junit/lib/junit-rt.jar:/Users/shikhilrane/Downloads/Programming/Git-remote-repos/Learnings/_13_Spring_Boot_CS/Spring_Boot_Learning/_04_Production_Ready_SpringBoot_Features/_05_Logging_in_Spring_Boot/prod-ready-features/target/test-classes:/Users/shikhilrane/Downloads/Programming/Git-remote-repos/Learnings/_13_Spring_Boot_CS/Spring_Boot_Learning/_04_Production_Ready_SpringBoot_Features/_05_Logging_in_Spring_Boot/prod-ready-features/target/classes:/Users/shikhilrane/.m2/repository/org/springframework/boot/spring-boot-starter-data-jpa/4.0.2/spring-boot-starter-data-jpa-4.0.2.jar:/Users/shikhilrane/.m2/repository/org/springframework/boot/spring-boot-starter/4.0.2/spring-boot-starter-4.0.2.jar:/Users/shikhilrane/.m2/repository/org/springframework/boot/spring-boot-starter-logging/4.0.2/spring-boot-starter-logging-4.0.2.jar:/Users/shikhilrane/.m2/repository/ch/qos/logback/logback-classic/1.5.25/logback-classic-1.5.25.jar:/Users/shikhilrane/.m2/repository/ch/qos/logback/logback-core/1.5.25/logback-core-1.5.25.jar:/Users/shikhilrane/.m2/repository/org/apache/logging/log4j/log4j-to-slf4j/2.25.3/log4j-to-slf4j-2.25.3.jar:/Users/shikhilrane/.m2/repository/org/apache/logging/log4j/log4j-api/2.25.3/log4j-api-2.25.3.jar:/Users/shikhilrane/.m2/repository/org/slf4j/jul-to-slf4j/2.0.17/jul-to-slf4j-2.0.17.jar:/Users/shikhilrane/.m2/repository/jakarta/annotation/jakarta.annotation-api/3.0.0/jakarta.annotation-api-3.0.0.jar:/Users/shikhilrane/.m2/repository/org/yaml/snakeyaml/2.5/snakeyaml-2.5.jar:/Users/shikhilrane/.m2/repository/org/springframework/boot/spring-boot-starter-jdbc/4.0.2/spring-boot-starter-jdbc-4.0.2.jar:/Users/shikhilrane/.m2/repository/com/zaxxer/HikariCP/7.0.2/HikariCP-7.0.2.jar:/Users/shikhilrane/.m2/repository/org/slf4j/slf4j-api/2.0.17/slf4j-api-2.0.17.jar:/Users/shikhilrane/.m2/repository/org/springframework/boot/spring-boot-data-jpa/4.0.2/spring-boot-data-jpa-4.0.2.jar:/Users/shikhilrane/.m2/repository/org/springframework/boot/spring-boot-data-commons/4.0.2/spring-boot-data-commons-4.0.2.jar:/Users/shikhilrane/.m2/repository/org/springframework/boot/spring-boot-persistence/4.0.2/spring-boot-persistence-4.0.2.jar:/Users/shikhilrane/.m2/repository/org/springframework/data/spring-data-commons/4.0.2/spring-data-commons-4.0.2.jar:/Users/shikhilrane/.m2/repository/org/springframework/boot/spring-boot-hibernate/4.0.2/spring-boot-hibernate-4.0.2.jar:/Users/shikhilrane/.m2/repository/org/springframework/boot/spring-boot-jpa/4.0.2/spring-boot-jpa-4.0.2.jar:/Users/shikhilrane/.m2/repository/org/springframework/spring-orm/7.0.3/spring-orm-7.0.3.jar:/Users/shikhilrane/.m2/repository/org/springframework/data/spring-data-jpa/4.0.2/spring-data-jpa-4.0.2.jar:/Users/shikhilrane/.m2/repository/org/springframework/spring-aop/7.0.3/spring-aop-7.0.3.jar:/Users/shikhilrane/.m2/repository/org/springframework/spring-tx/7.0.3/spring-tx-7.0.3.jar:/Users/shikhilrane/.m2/repository/org/springframework/spring-beans/7.0.3/spring-beans-7.0.3.jar:/Users/shikhilrane/.m2/repository/org/springframework/spring-aspects/7.0.3/spring-aspects-7.0.3.jar:/Users/shikhilrane/.m2/repository/org/aspectj/aspectjweaver/1.9.25.1/aspectjweaver-1.9.25.1.jar:/Users/shikhilrane/.m2/repository/org/springframework/boot/spring-boot-jdbc/4.0.2/spring-boot-jdbc-4.0.2.jar:/Users/shikhilrane/.m2/repository/org/springframework/boot/spring-boot-sql/4.0.2/spring-boot-sql-4.0.2.jar:/Users/shikhilrane/.m2/repository/org/springframework/boot/spring-boot-transaction/4.0.2/spring-boot-transaction-4.0.2.jar:/Users/shikhilrane/.m2/repository/org/springframework/spring-jdbc/7.0.3/spring-jdbc-7.0.3.jar:/Users/shikhilrane/.m2/repository/org/springframework/boot/spring-boot-starter-webmvc/4.0.2/spring-boot-starter-webmvc-4.0.2.jar:/Users/shikhilrane/.m2/repository/org/springframework/boot/spring-boot-starter-jackson/4.0.2/spring-boot-starter-jackson-4.0.2.jar:/Users/shikhilrane/.m2/repository/org/springframework/boot/spring-boot-jackson/4.0.2/spring-boot-jackson-4.0.2.jar:/Users/shikhilrane/.m2/repository/tools/jackson/core/jackson-databind/3.0.4/jackson-databind-3.0.4.jar:/Users/shikhilrane/.m2/repository/com/fasterxml/jackson/core/jackson-annotations/2.20/jackson-annotations-2.20.jar:/Users/shikhilrane/.m2/repository/tools/jackson/core/jackson-core/3.0.4/jackson-core-3.0.4.jar:/Users/shikhilrane/.m2/repository/org/springframework/boot/spring-boot-starter-tomcat/4.0.2/spring-boot-starter-tomcat-4.0.2.jar:/Users/shikhilrane/.m2/repository/org/springframework/boot/spring-boot-starter-tomcat-runtime/4.0.2/spring-boot-starter-tomcat-runtime-4.0.2.jar:/Users/shikhilrane/.m2/repository/org/apache/tomcat/embed/tomcat-embed-core/11.0.15/tomcat-embed-core-11.0.15.jar:/Users/shikhilrane/.m2/repository/org/apache/tomcat/embed/tomcat-embed-el/11.0.15/tomcat-embed-el-11.0.15.jar:/Users/shikhilrane/.m2/repository/org/apache/tomcat/embed/tomcat-embed-websocket/11.0.15/tomcat-embed-websocket-11.0.15.jar:/Users/shikhilrane/.m2/repository/org/springframework/boot/spring-boot-tomcat/4.0.2/spring-boot-tomcat-4.0.2.jar:/Users/shikhilrane/.m2/repository/org/springframework/boot/spring-boot-http-converter/4.0.2/spring-boot-http-converter-4.0.2.jar:/Users/shikhilrane/.m2/repository/org/springframework/spring-web/7.0.3/spring-web-7.0.3.jar:/Users/shikhilrane/.m2/repository/io/micrometer/micrometer-observation/1.16.2/micrometer-observation-1.16.2.jar:/Users/shikhilrane/.m2/repository/io/micrometer/micrometer-commons/1.16.2/micrometer-commons-1.16.2.jar:/Users/shikhilrane/.m2/repository/org/springframework/boot/spring-boot-webmvc/4.0.2/spring-boot-webmvc-4.0.2.jar:/Users/shikhilrane/.m2/repository/org/springframework/boot/spring-boot-servlet/4.0.2/spring-boot-servlet-4.0.2.jar:/Users/shikhilrane/.m2/repository/org/springframework/spring-webmvc/7.0.3/spring-webmvc-7.0.3.jar:/Users/shikhilrane/.m2/repository/org/springframework/spring-expression/7.0.3/spring-expression-7.0.3.jar:/Users/shikhilrane/.m2/repository/org/springframework/boot/spring-boot-devtools/4.0.2/spring-boot-devtools-4.0.2.jar:/Users/shikhilrane/.m2/repository/org/springframework/boot/spring-boot/4.0.2/spring-boot-4.0.2.jar:/Users/shikhilrane/.m2/repository/org/springframework/spring-core/7.0.3/spring-core-7.0.3.jar:/Users/shikhilrane/.m2/repository/commons-logging/commons-logging/1.3.5/commons-logging-1.3.5.jar:/Users/shikhilrane/.m2/repository/org/jspecify/jspecify/1.0.0/jspecify-1.0.0.jar:/Users/shikhilrane/.m2/repository/org/springframework/spring-context/7.0.3/spring-context-7.0.3.jar:/Users/shikhilrane/.m2/repository/org/springframework/boot/spring-boot-autoconfigure/4.0.2/spring-boot-autoconfigure-4.0.2.jar:/Users/shikhilrane/.m2/repository/com/mysql/mysql-connector-j/9.5.0/mysql-connector-j-9.5.0.jar:/Users/shikhilrane/.m2/repository/org/projectlombok/lombok/1.18.42/lombok-1.18.42.jar:/Users/shikhilrane/.m2/repository/org/hibernate/orm/hibernate-envers/7.2.1.Final/hibernate-envers-7.2.1.Final.jar:/Users/shikhilrane/.m2/repository/org/hibernate/orm/hibernate-core/7.2.1.Final/hibernate-core-7.2.1.Final.jar:/Users/shikhilrane/.m2/repository/jakarta/persistence/jakarta.persistence-api/3.2.0/jakarta.persistence-api-3.2.0.jar:/Users/shikhilrane/.m2/repository/jakarta/transaction/jakarta.transaction-api/2.0.1/jakarta.transaction-api-2.0.1.jar:/Users/shikhilrane/.m2/repository/com/fasterxml/classmate/1.7.3/classmate-1.7.3.jar:/Users/shikhilrane/.m2/repository/net/bytebuddy/byte-buddy/1.17.8/byte-buddy-1.17.8.jar:/Users/shikhilrane/.m2/repository/jakarta/inject/jakarta.inject-api/2.0.1/jakarta.inject-api-2.0.1.jar:/Users/shikhilrane/.m2/repository/org/antlr/antlr4-runtime/4.13.2/antlr4-runtime-4.13.2.jar:/Users/shikhilrane/.m2/repository/org/jboss/logging/jboss-logging/3.6.1.Final/jboss-logging-3.6.1.Final.jar:/Users/shikhilrane/.m2/repository/org/hibernate/models/hibernate-models/1.0.1/hibernate-models-1.0.1.jar:/Users/shikhilrane/.m2/repository/jakarta/xml/bind/jakarta.xml.bind-api/4.0.4/jakarta.xml.bind-api-4.0.4.jar:/Users/shikhilrane/.m2/repository/jakarta/activation/jakarta.activation-api/2.1.4/jakarta.activation-api-2.1.4.jar:/Users/shikhilrane/.m2/repository/org/glassfish/jaxb/jaxb-runtime/4.0.6/jaxb-runtime-4.0.6.jar:/Users/shikhilrane/.m2/repository/org/glassfish/jaxb/jaxb-core/4.0.6/jaxb-core-4.0.6.jar:/Users/shikhilrane/.m2/repository/org/eclipse/angus/angus-activation/2.0.3/angus-activation-2.0.3.jar:/Users/shikhilrane/.m2/repository/org/glassfish/jaxb/txw2/4.0.6/txw2-4.0.6.jar:/Users/shikhilrane/.m2/repository/com/sun/istack/istack-commons-runtime/4.1.2/istack-commons-runtime-4.1.2.jar:/Users/shikhilrane/.m2/repository/io/smallrye/jandex/3.3.2/jandex-3.3.2.jar:/Users/shikhilrane/.m2/repository/org/modelmapper/modelmapper/3.2.0/modelmapper-3.2.0.jar:/Users/shikhilrane/.m2/repository/org/springframework/boot/spring-boot-starter-data-jpa-test/4.0.2/spring-boot-starter-data-jpa-test-4.0.2.jar:/Users/shikhilrane/.m2/repository/org/springframework/boot/spring-boot-starter-test/4.0.2/spring-boot-starter-test-4.0.2.jar:/Users/shikhilrane/.m2/repository/org/springframework/boot/spring-boot-test/4.0.2/spring-boot-test-4.0.2.jar:/Users/shikhilrane/.m2/repository/org/springframework/boot/spring-boot-test-autoconfigure/4.0.2/spring-boot-test-autoconfigure-4.0.2.jar:/Users/shikhilrane/.m2/repository/com/jayway/jsonpath/json-path/2.10.0/json-path-2.10.0.jar:/Users/shikhilrane/.m2/repository/net/minidev/json-smart/2.6.0/json-smart-2.6.0.jar:/Users/shikhilrane/.m2/repository/net/minidev/accessors-smart/2.6.0/accessors-smart-2.6.0.jar:/Users/shikhilrane/.m2/repository/org/ow2/asm/asm/9.7.1/asm-9.7.1.jar:/Users/shikhilrane/.m2/repository/org/assertj/assertj-core/3.27.6/assertj-core-3.27.6.jar:/Users/shikhilrane/.m2/repository/org/awaitility/awaitility/4.3.0/awaitility-4.3.0.jar:/Users/shikhilrane/.m2/repository/org/hamcrest/hamcrest/3.0/hamcrest-3.0.jar:/Users/shikhilrane/.m2/repository/org/junit/jupiter/junit-jupiter/6.0.2/junit-jupiter-6.0.2.jar:/Users/shikhilrane/.m2/repository/org/junit/jupiter/junit-jupiter-api/6.0.2/junit-jupiter-api-6.0.2.jar:/Users/shikhilrane/.m2/repository/org/opentest4j/opentest4j/1.3.0/opentest4j-1.3.0.jar:/Users/shikhilrane/.m2/repository/org/junit/platform/junit-platform-commons/6.0.2/junit-platform-commons-6.0.2.jar:/Users/shikhilrane/.m2/repository/org/apiguardian/apiguardian-api/1.1.2/apiguardian-api-1.1.2.jar:/Users/shikhilrane/.m2/repository/org/junit/jupiter/junit-jupiter-params/6.0.2/junit-jupiter-params-6.0.2.jar:/Users/shikhilrane/.m2/repository/org/junit/jupiter/junit-jupiter-engine/6.0.2/junit-jupiter-engine-6.0.2.jar:/Users/shikhilrane/.m2/repository/org/junit/platform/junit-platform-engine/6.0.2/junit-platform-engine-6.0.2.jar:/Users/shikhilrane/.m2/repository/org/mockito/mockito-core/5.20.0/mockito-core-5.20.0.jar:/Users/shikhilrane/.m2/repository/net/bytebuddy/byte-buddy-agent/1.17.8/byte-buddy-agent-1.17.8.jar:/Users/shikhilrane/.m2/repository/org/objenesis/objenesis/3.3/objenesis-3.3.jar:/Users/shikhilrane/.m2/repository/org/mockito/mockito-junit-jupiter/5.20.0/mockito-junit-jupiter-5.20.0.jar:/Users/shikhilrane/.m2/repository/org/skyscreamer/jsonassert/1.5.3/jsonassert-1.5.3.jar:/Users/shikhilrane/.m2/repository/com/vaadin/external/google/android-json/0.0.20131108.vaadin1/android-json-0.0.20131108.vaadin1.jar:/Users/shikhilrane/.m2/repository/org/springframework/spring-test/7.0.3/spring-test-7.0.3.jar:/Users/shikhilrane/.m2/repository/org/xmlunit/xmlunit-core/2.10.4/xmlunit-core-2.10.4.jar:/Users/shikhilrane/.m2/repository/org/springframework/boot/spring-boot-starter-jdbc-test/4.0.2/spring-boot-starter-jdbc-test-4.0.2.jar:/Users/shikhilrane/.m2/repository/org/springframework/boot/spring-boot-jdbc-test/4.0.2/spring-boot-jdbc-test-4.0.2.jar:/Users/shikhilrane/.m2/repository/org/springframework/boot/spring-boot-data-jpa-test/4.0.2/spring-boot-data-jpa-test-4.0.2.jar:/Users/shikhilrane/.m2/repository/org/springframework/boot/spring-boot-jpa-test/4.0.2/spring-boot-jpa-test-4.0.2.jar:/Users/shikhilrane/.m2/repository/org/springframework/boot/spring-boot-starter-webmvc-test/4.0.2/spring-boot-starter-webmvc-test-4.0.2.jar:/Users/shikhilrane/.m2/repository/org/springframework/boot/spring-boot-starter-jackson-test/4.0.2/spring-boot-starter-jackson-test-4.0.2.jar:/Users/shikhilrane/.m2/repository/org/springframework/boot/spring-boot-webmvc-test/4.0.2/spring-boot-webmvc-test-4.0.2.jar:/Users/shikhilrane/.m2/repository/org/springframework/boot/spring-boot-web-server/4.0.2/spring-boot-web-server-4.0.2.jar:/Users/shikhilrane/.m2/repository/org/springframework/boot/spring-boot-resttestclient/4.0.2/spring-boot-resttestclient-4.0.2.jar, kotlinx.coroutines.debug.enable.mutable.state.flows.stack.trace=true, java.vm.vendor=Oracle Corporation, sun.arch.data.model=64, idea.test.cyclic.buffer.size=1048576, java.vendor.url=https://java.oracle.com/, user.timezone=Asia/Kolkata, jakarta.persistence.sharedCache.mode=UNSPECIFIED, org.jboss.logging.provider=slf4j, os.name=Mac OS X, java.vm.specification.version=25, APPLICATION_NAME=prod-ready-features, jakarta.persistence.nonJtaDataSource=HikariDataSource (HikariPool-1), sun.java.launcher=SUN_STANDARD, user.country=IN, sun.boot.library.path=/Users/shikhilrane/Library/Java/JavaVirtualMachines/openjdk-25/Contents/Home/lib, sun.java.command=com.intellij.rt.junit.JUnitStarter -ideVersion5 -junit6 com.shikhilrane.shikhil.prod_ready_features.ProdReadyFeaturesApplicationTests,getEmployeeById, javax.persistence.nonJtaDataSource=HikariDataSource (HikariPool-1), hibernate.transaction.jta.platform=org.hibernate.engine.transaction.jta.platform.internal.NoJtaPlatform@53c21c05, http.nonProxyHosts=local|*.local|169.254/16|*.169.254/16, jdk.debug=release, sun.cpu.endian=little, hibernate.cdi.extensions=true, user.home=/Users/shikhilrane, user.language=en, sun.stderr.encoding=UTF-8, java.specification.vendor=Oracle Corporation, java.version.date=2025-09-16, java.home=/Users/shikhilrane/Library/Java/JavaVirtualMachines/openjdk-25/Contents/Home, file.separator=/, java.vm.compressedOopsMode=Zero based, sun.stdout.encoding=UTF-8, line.separator=
, hibernate.persistenceUnitName=default, java.vm.specification.vendor=Oracle Corporation, java.specification.name=Java Platform API Specification, intellij.debug.agent=true, FILE_LOG_CHARSET=UTF-8, hibernate.transaction.coordinator_class=class org.hibernate.resource.transaction.backend.jdbc.internal.JdbcResourceLocalTransactionCoordinatorBuilderImpl, java.awt.headless=true, apple.awt.application.name=JUnitStarter, jakarta.persistence.validation.mode=AUTO, hibernate.hbm2ddl.auto=create, sun.management.compiler=HotSpot 64-Bit Tiered Compilers, ftp.nonProxyHosts=local|*.local|169.254/16|*.169.254/16, java.runtime.version=25+36-3489, user.name=shikhilrane, stdout.encoding=UTF-8, path.separator=:, kotlinx.coroutines.debug.enable.creation.stack.trace=false, os.version=26.1, java.runtime.name=OpenJDK Runtime Environment, file.encoding=UTF-8, java.vm.name=OpenJDK 64-Bit Server VM, hibernate.show_sql=true, java.vendor.url.bug=https://bugreport.java.com/bugreport/, java.io.tmpdir=/var/folders/44/_88cbvg97b33y0l6l0bdlzp40000gn/T/, java.version=25, jboss.modules.system.pkgs=com.intellij.rt, hibernate.physical_naming_strategy=org.hibernate.boot.model.naming.PhysicalNamingStrategySnakeCaseImpl, user.dir=/Users/shikhilrane/Downloads/Programming/Git-remote-repos/Learnings/_13_Spring_Boot_CS/Spring_Boot_Learning/_04_Production_Ready_SpringBoot_Features/_05_Logging_in_Spring_Boot/prod-ready-features, os.arch=x86_64, java.vm.specification.name=Java Virtual Machine Specification, PID=22124, CONSOLE_LOG_CHARSET=UTF-8, hibernate.boot.CfgXmlAccessService.key=org.hibernate.boot.registry.StandardServiceRegistryBuilder$1@6f986031, native.encoding=UTF-8, kotlinx.coroutines.debug.enable.flows.stack.trace=true, java.library.path=/Users/shikhilrane/Library/Java/Extensions:/Library/Java/Extensions:/Network/Library/Java/Extensions:/System/Library/Java/Extensions:/usr/lib/java:., stderr.encoding=UTF-8, java.vendor=Oracle Corporation, java.vm.info=mixed mode, sharing, java.vm.version=25+36-3489, stdin.encoding=UTF-8, sun.io.unicode.encoding=UnicodeBig, hibernate.archive.scanner=org.hibernate.boot.archive.scan.internal.DisabledScanner, hibernate.connection.datasource=HikariDataSource (HikariPool-1), socksNonProxyHosts=local|*.local|169.254/16|*.169.254/16, debugger.agent.enable.coroutines=true, java.class.version=69.0, LOGGED_APPLICATION_NAME=[prod-ready-features] }
2026-04-03 20:13:33 DEBUG o.h.HQL_FUNCTIONS - Available HQL Functions:
	_order_by_frag(arg0, arg1)
	abs(NUMERIC arg)
	Double acos(NUMERIC arg)
	adddate(DATE datetime, INTEGER days)
	addtime(TIME datetime, TIME time)
	Boolean any(BOOLEAN arg)
	Integer ascii(STRING arg)
	Double asin(NUMERIC arg)
	Double atan(NUMERIC arg)
	Double atan2(NUMERIC arg0, NUMERIC arg1)
	avg(arg)
	bit_and(arg)
	Integer bit_length(STRING_OR_CLOB arg)
	bit_or(arg)
	bitand(arg0, arg1)
	bitnot(arg)
	bitor(arg0, arg1)
	bitxor(arg0, arg1)
	cast(arg as Type)
	ceiling(NUMERIC arg)
	Character char(INTEGER arg)
	Integer character_length(STRING_OR_CLOB arg)
	Character chr(INTEGER arg)
	coalesce(arg0[, arg1[, ...]])
	String collate(STRING string as COLLATION collation)
	String concat(STRING string0[, STRING string1[, ...]])
	Double cos(NUMERIC arg)
	Double cosh(NUMERIC arg)
	Double cot(NUMERIC arg)
	Long count([distinct ]{arg|*})
	Integer crc32(arg)
	Double cume_dist([arg0[, ...]])
	Date curdate()
	Date current date
	Time current time
	Timestamp current timestamp
	Date current_date
	Instant current_instant
	Time current_time
	Timestamp current_timestamp
	Time curtime()
	Date date(arg)
	dateadd(TEMPORAL_UNIT field, INTEGER magnitude, TEMPORAL datetime)
	Integer datediff(DATE end, DATE start)
	Integer day(DATE arg)
	String dayname(DATE arg)
	Integer dayofmonth(DATE arg)
	Integer dayofweek(DATE arg)
	Integer dayofyear(DATE arg)
	Double degrees(NUMERIC arg)
	Long dense_rank([arg0[, ...]])
	Boolean every(BOOLEAN arg)
	Double exp(NUMERIC arg)
	extract(TEMPORAL_UNIT field from TEMPORAL arg)
	first_valueANY value
	floor(NUMERIC arg)
	String format(TEMPORAL datetime as STRING pattern)
	greatest(COMPARABLE arg0, COMPARABLE arg1[, arg2[, ...]])
	String hex(arg)
	Integer hour(TIME arg)
	ifnull(arg0, arg1)
	String insert(STRING string, INTEGER start, INTEGER length, STRING replacement)
	Instant instant
	Integer instr(STRING string, STRING pattern[, INTEGER start[, INTEGER occurrence]])
	String json_array([arg0[, ...]])
	String json_array_append(IMPLICIT_JSON arg0, STRING arg1, ANY arg2)
	String json_array_insert(IMPLICIT_JSON arg0, STRING arg1, ANY arg2)
	String json_arrayagg(arg0[, arg1])
	Boolean json_exists(IMPLICIT_JSON arg0, STRING arg1)
	String json_insert(IMPLICIT_JSON arg0, STRING arg1, ANY arg2)
	String json_mergepatch(IMPLICIT_JSON arg0, IMPLICIT_JSON arg1[, arg2[, ...]])
	String json_object( ... )
	String json_objectagg(arg0, arg1[, arg2, arg3])
	String json_query( ... )
	String json_remove(IMPLICIT_JSON arg0, STRING arg1)
	String json_replace(IMPLICIT_JSON arg0, STRING arg1, ANY arg2)
	String json_set(IMPLICIT_JSON arg0, STRING arg1, ANY arg2)
	json_value( ... )
	lagANY value[, INTEGER offset[, ANY default]]
	Date last_day(DATE arg)
	last_valueANY value
	leadANY value[, INTEGER offset[, ANY default]]
	least(COMPARABLE arg0, COMPARABLE arg1[, arg2[, ...]])
	String left(STRING string, INTEGER length)
	Integer length(STRING_OR_CLOB arg)
	String listagg(STRING arg0, STRING arg1)
	Double ln(NUMERIC arg)
	LocalDate local date
	LocalDateTime local datetime
	LocalTime local time
	LocalDate local_date
	LocalDateTime local_datetime
	LocalTime local_time
	Time localtime
	Timestamp localtimestamp
	Integer locate(STRING pattern, STRING string[, INTEGER start])
	Double log(NUMERIC arg0[, NUMERIC arg1])
	Double log10(NUMERIC arg)
	Double log2(NUMERIC arg)
	String lower(STRING string)
	String lpad(string, length[, padding])
	String ltrim(STRING string[, STRING characters])
	Date makedate(INTEGER year, INTEGER dayofyear)
	Time maketime(INTEGER hour, INTEGER min, INTEGER sec)
	max(COMPARABLE arg)
	byte[] md5(arg)
	Integer microsecond(TIME arg)
	min(COMPARABLE arg)
	Integer minute(TIME arg)
	Integer mod(INTEGER arg0, INTEGER arg1)
	Integer month(DATE arg)
	String monthname(DATE arg)
	Timestamp now()
	nth_valueANY value, INTEGER nth
	nullif(arg0, arg1)
	Integer octet_length(STRING_OR_CLOB arg)
	OffsetDateTime offset datetime
	OffsetDateTime offset_datetime
	Integer ordinal(ENUM arg)
	String overlay(STRING string placing STRING replacement from INTEGER start[ for INTEGER length])
	String pad(STRING string with INTEGER length {leading|trailing}[ STRING character])
	Double percent_rank([arg0[, ...]])
	Double pi
	Integer position(STRING pattern in STRING string)
	Double power(NUMERIC arg0, NUMERIC arg1)
	Integer quarter(DATE arg)
	Double radians(NUMERIC arg)
	Double rand([INTEGER seed])
	Long rank([arg0[, ...]])
	Boolean regexp_like(STRING arg0, STRING arg1[, STRING arg2])
	String repeat(STRING string, INTEGER times)
	String replace(STRING string, STRING pattern, STRING replacement)
	String reverse(STRING arg)
	String right(STRING string, INTEGER length)
	round(NUMERIC number[, INTEGER places])
	Long row_number()
	String rpad(string, length[, padding])
	String rtrim(STRING string[, STRING characters])
	Integer second(TIME arg)
	byte[] sha(arg)
	String sha1(arg)
	String sha2(arg0, arg1)
	Integer sign(NUMERIC arg)
	Double sin(NUMERIC arg)
	Double sinh(NUMERIC arg)
	String soundex(arg)
	String space(INTEGER arg)
	sql
	Double sqrt(NUMERIC arg)
	Double stddev(NUMERIC arg)
	Double stddev_pop(NUMERIC arg)
	Double stddev_samp(NUMERIC arg)
	String str(arg)
	String string(ENUM arg)
	subdate(DATE datetime, INTEGER days)
	String substr(STRING string, INTEGER start[, INTEGER length])
	String substring(STRING string{ from|,} INTEGER start[{ for|,} INTEGER length])
	subtime(TIME datetime, TIME time)
	sum(arg)
	Timestamp sysdate()
	Double tan(NUMERIC arg)
	Double tanh(NUMERIC arg)
	String time(arg)
	Timestamp timestamp(arg0[, arg1])
	timestampadd(TEMPORAL_UNIT field, INTEGER magnitude, TEMPORAL datetime)
	Long|Double timestampdiff(TEMPORAL_UNIT field, TEMPORAL start, TEMPORAL end)
	String trim([[{leading|trailing|both} ][STRING arg0 ]from] STRING arg1)
	trunc( ... )
	truncate( ... )
	String upper(STRING string)
	Date utc_date
	Time utc_time
	Timestamp utc_timestamp
	Double var_pop(NUMERIC arg)
	Double var_samp(NUMERIC arg)
	Double variance(NUMERIC arg)
	Integer week(DATE arg)
	Integer year(DATE arg)

2026-04-03 20:13:34 DEBUG o.h.o.core - HHH000513: Unable to create the ReflectionOptimizer for [com.shikhilrane.shikhil.prod_ready_features.entities.PostEntity]: private accessor [createdBy]
2026-04-03 20:13:34 INFO  o.h.o.core - HHH000489: No JTA platform available (set 'hibernate.transaction.jta.platform' to enable JTA platform integration)
2026-04-03 20:13:34 DEBUG o.h.o.service - HHH010454: EventListenerRegistry access via ServiceRegistry is deprecated - use 'sessionFactory.getEventEngine().getListenerRegistry()' instead
2026-04-03 20:13:34 DEBUG o.h.SQL - 
    alter table posts_aud 
       drop 
       foreign key FKgd2crtj4u69d0y8bba9jwogbi
2026-04-03 20:13:34 DEBUG o.h.SQL - 
    drop table if exists posts
2026-04-03 20:13:34 DEBUG o.h.SQL - 
    drop table if exists posts_aud
2026-04-03 20:13:34 DEBUG o.h.SQL - 
    drop table if exists revinfo
2026-04-03 20:13:34 DEBUG o.h.SQL - 
    create table posts (
        created_date datetime(6),
        id bigint not null auto_increment,
        updated_date datetime(6),
        created_by varchar(255),
        description varchar(255) not null,
        last_modified_by varchar(255),
        title varchar(255) not null,
        primary key (id)
    ) engine=InnoDB
2026-04-03 20:13:34 DEBUG o.h.SQL - 
    create table posts_aud (
        rev integer not null,
        revtype tinyint,
        created_date datetime(6),
        id bigint not null,
        updated_date datetime(6),
        created_by varchar(255),
        description varchar(255),
        last_modified_by varchar(255),
        title varchar(255),
        primary key (rev, id)
    ) engine=InnoDB
2026-04-03 20:13:34 DEBUG o.h.SQL - 
    create table revinfo (
        rev integer not null auto_increment,
        revtstmp bigint,
        primary key (rev)
    ) engine=InnoDB
2026-04-03 20:13:34 DEBUG o.h.SQL - 
    alter table posts_aud 
       add constraint FKgd2crtj4u69d0y8bba9jwogbi 
       foreign key (rev) 
       references revinfo (rev)
2026-04-03 20:13:34 DEBUG o.h.o.factoryRegistry - HHH020384: Registering SessionFactory [e3919ef0-2151-492c-bde6-6aef82b24b78] (default)
2026-04-03 20:13:34 INFO  o.s.o.j.LocalContainerEntityManagerFactoryBean - Initialized JPA EntityManagerFactory for persistence unit 'default'
2026-04-03 20:13:34 DEBUG o.s.b.f.s.DefaultListableBeanFactory - Creating shared instance of singleton bean 'prodReadyFeaturesApplication'
2026-04-03 20:13:34 DEBUG o.s.b.f.s.DefaultListableBeanFactory - Creating shared instance of singleton bean 'globalExceptionHandler'
2026-04-03 20:13:34 DEBUG o.s.b.f.s.DefaultListableBeanFactory - Creating shared instance of singleton bean 'globalResponseHandler'
2026-04-03 20:13:34 DEBUG o.s.b.f.s.DefaultListableBeanFactory - Creating shared instance of singleton bean 'auditorProvider'
2026-04-03 20:13:34 DEBUG o.s.b.f.s.DefaultListableBeanFactory - Creating shared instance of singleton bean 'employeeClientImpl'
2026-04-03 20:13:34 DEBUG o.s.b.f.s.DefaultListableBeanFactory - Creating shared instance of singleton bean 'getEmployeeServiceRestClient'
2026-04-03 20:13:34 DEBUG o.s.b.f.s.DefaultListableBeanFactory - Creating shared instance of singleton bean 'restClientConfig'
2026-04-03 20:13:34 DEBUG o.s.c.e.PropertySourcesPropertyResolver - Found key 'employeeService.base.url' in PropertySource 'environmentProperties' with value of type String
2026-04-03 20:13:34 DEBUG o.s.b.f.s.DefaultListableBeanFactory - Autowiring by type from bean name 'employeeClientImpl' via constructor to bean named 'getEmployeeServiceRestClient'
2026-04-03 20:13:34 DEBUG o.s.b.f.s.DefaultListableBeanFactory - Creating shared instance of singleton bean 'auditingConfig'
2026-04-03 20:13:34 DEBUG o.s.b.f.s.DefaultListableBeanFactory - Creating shared instance of singleton bean 'mapperConfig'
2026-04-03 20:13:34 DEBUG o.s.b.f.s.DefaultListableBeanFactory - Creating shared instance of singleton bean 'employeeRestClientController'
2026-04-03 20:13:34 DEBUG o.s.b.f.s.DefaultListableBeanFactory - Autowiring by type from bean name 'employeeRestClientController' via constructor to bean named 'employeeClientImpl'
2026-04-03 20:13:34 DEBUG o.s.b.f.s.DefaultListableBeanFactory - Creating shared instance of singleton bean 'postAuditController'
2026-04-03 20:13:34 DEBUG o.s.b.f.s.DefaultListableBeanFactory - Creating shared instance of singleton bean 'modelMapper'
2026-04-03 20:13:34 DEBUG o.s.b.f.s.DefaultListableBeanFactory - Autowiring by type from bean name 'postAuditController' via constructor to bean named 'entityManagerFactory'
2026-04-03 20:13:34 DEBUG o.s.b.f.s.DefaultListableBeanFactory - Autowiring by type from bean name 'postAuditController' via constructor to bean named 'modelMapper'
2026-04-03 20:13:34 DEBUG o.s.b.f.s.DefaultListableBeanFactory - Creating shared instance of singleton bean 'postController'
2026-04-03 20:13:34 DEBUG o.s.b.f.s.DefaultListableBeanFactory - Creating shared instance of singleton bean 'postServiceImpl'
2026-04-03 20:13:34 DEBUG o.s.b.f.s.DefaultListableBeanFactory - Creating shared instance of singleton bean 'postRepository'
2026-04-03 20:13:34 DEBUG o.s.b.f.s.DefaultListableBeanFactory - Creating shared instance of singleton bean 'jpa.named-queries#0'
2026-04-03 20:13:34 DEBUG o.s.b.f.s.DefaultListableBeanFactory - Creating shared instance of singleton bean 'jpa.PostRepository.fragments#0'
2026-04-03 20:13:34 DEBUG o.s.b.f.s.DefaultListableBeanFactory - Creating shared instance of singleton bean 'jpaSharedEM_entityManagerFactory'
2026-04-03 20:13:34 DEBUG o.s.b.f.s.DefaultListableBeanFactory - Creating shared instance of singleton bean 'jpaMappingContext'
2026-04-03 20:13:34 DEBUG o.s.d.j.r.c.JpaMetamodelMappingContextFactoryBean - Initializing JpaMetamodelMappingContext…
2026-04-03 20:13:34 DEBUG o.s.d.j.r.c.JpaMetamodelMappingContextFactoryBean - Finished initializing JpaMetamodelMappingContext
2026-04-03 20:13:34 INFO  o.s.d.j.r.q.QueryEnhancerFactories - Hibernate is in classpath; If applicable, HQL parser will be used.
2026-04-03 20:13:35 DEBUG o.s.d.r.c.s.RepositoryFactorySupport - Initializing repository instance for com.shikhilrane.shikhil.prod_ready_features.repositories.PostRepository…
2026-04-03 20:13:35 DEBUG o.s.d.r.c.s.RepositoryFactorySupport - Finished creation of repository instance for com.shikhilrane.shikhil.prod_ready_features.repositories.PostRepository.
2026-04-03 20:13:35 DEBUG o.s.b.f.s.DefaultListableBeanFactory - Autowiring by type from bean name 'postServiceImpl' via constructor to bean named 'postRepository'
2026-04-03 20:13:35 DEBUG o.s.b.f.s.DefaultListableBeanFactory - Autowiring by type from bean name 'postServiceImpl' via constructor to bean named 'modelMapper'
2026-04-03 20:13:35 DEBUG o.s.b.f.s.DefaultListableBeanFactory - Autowiring by type from bean name 'postController' via constructor to bean named 'postServiceImpl'
2026-04-03 20:13:35 DEBUG o.s.b.f.s.DefaultListableBeanFactory - Creating shared instance of singleton bean 'jpaAuditingHandler'
2026-04-03 20:13:35 DEBUG o.s.a.f.ProxyFactoryBean - Advice has changed; re-caching singleton instance
2026-04-03 20:13:35 DEBUG o.s.b.f.s.DefaultListableBeanFactory - Creating shared instance of singleton bean 'org.springframework.data.jpa.domain.support.AuditingEntityListener'
2026-04-03 20:13:35 DEBUG o.s.b.f.s.DefaultListableBeanFactory - Creating shared instance of singleton bean 'org.springframework.boot.autoconfigure.context.PropertyPlaceholderAutoConfiguration'
2026-04-03 20:13:35 DEBUG o.s.b.f.s.DefaultListableBeanFactory - Creating shared instance of singleton bean 'org.springframework.boot.webmvc.autoconfigure.DispatcherServletAutoConfiguration$DispatcherServletConfiguration'
2026-04-03 20:13:35 DEBUG o.s.b.f.s.DefaultListableBeanFactory - Creating shared instance of singleton bean 'dispatcherServlet'
2026-04-03 20:13:35 DEBUG o.s.b.f.s.DefaultListableBeanFactory - Creating shared instance of singleton bean 'spring.mvc-org.springframework.boot.webmvc.autoconfigure.WebMvcProperties'
2026-04-03 20:13:35 DEBUG o.s.b.f.s.DefaultListableBeanFactory - Autowiring by type from bean name 'dispatcherServlet' via factory method to bean named 'spring.mvc-org.springframework.boot.webmvc.autoconfigure.WebMvcProperties'
2026-04-03 20:13:35 DEBUG o.s.b.f.s.DefaultListableBeanFactory - Creating shared instance of singleton bean 'org.springframework.boot.context.properties.EnableConfigurationPropertiesRegistrar.methodValidationExcludeFilter'
2026-04-03 20:13:35 DEBUG o.s.b.f.s.DefaultListableBeanFactory - Creating shared instance of singleton bean 'org.springframework.boot.webmvc.autoconfigure.DispatcherServletAutoConfiguration$DispatcherServletRegistrationConfiguration'
2026-04-03 20:13:35 DEBUG o.s.b.f.s.DefaultListableBeanFactory - Creating shared instance of singleton bean 'dispatcherServletRegistration'
2026-04-03 20:13:35 DEBUG o.s.b.f.s.DefaultListableBeanFactory - Autowiring by type from bean name 'dispatcherServletRegistration' via factory method to bean named 'dispatcherServlet'
2026-04-03 20:13:35 DEBUG o.s.b.f.s.DefaultListableBeanFactory - Autowiring by type from bean name 'dispatcherServletRegistration' via factory method to bean named 'spring.mvc-org.springframework.boot.webmvc.autoconfigure.WebMvcProperties'
2026-04-03 20:13:35 DEBUG o.s.b.f.s.DefaultListableBeanFactory - Creating shared instance of singleton bean 'multipartConfigElement'
2026-04-03 20:13:35 DEBUG o.s.b.f.s.DefaultListableBeanFactory - Creating shared instance of singleton bean 'org.springframework.boot.servlet.autoconfigure.MultipartAutoConfiguration'
2026-04-03 20:13:35 DEBUG o.s.b.f.s.DefaultListableBeanFactory - Creating shared instance of singleton bean 'spring.servlet.multipart-org.springframework.boot.servlet.autoconfigure.MultipartProperties'
2026-04-03 20:13:35 DEBUG o.s.b.f.s.DefaultListableBeanFactory - Autowiring by type from bean name 'org.springframework.boot.servlet.autoconfigure.MultipartAutoConfiguration' via constructor to bean named 'spring.servlet.multipart-org.springframework.boot.servlet.autoconfigure.MultipartProperties'
2026-04-03 20:13:35 DEBUG o.s.b.f.s.DefaultListableBeanFactory - Creating shared instance of singleton bean 'org.springframework.boot.webmvc.autoconfigure.DispatcherServletAutoConfiguration'
2026-04-03 20:13:35 DEBUG o.s.b.f.s.DefaultListableBeanFactory - Creating shared instance of singleton bean 'org.springframework.boot.autoconfigure.task.TaskExecutorConfigurations$SimpleAsyncTaskExecutorBuilderConfiguration'
2026-04-03 20:13:35 DEBUG o.s.b.f.s.DefaultListableBeanFactory - Autowiring by type from bean name 'org.springframework.boot.autoconfigure.task.TaskExecutorConfigurations$SimpleAsyncTaskExecutorBuilderConfiguration' via constructor to bean named 'spring.task.execution-org.springframework.boot.autoconfigure.task.TaskExecutionProperties'
2026-04-03 20:13:35 DEBUG o.s.b.f.s.DefaultListableBeanFactory - Creating shared instance of singleton bean 'simpleAsyncTaskExecutorBuilder'
2026-04-03 20:13:35 DEBUG o.s.b.f.s.DefaultListableBeanFactory - Creating shared instance of singleton bean 'org.springframework.boot.autoconfigure.task.TaskExecutorConfigurations$AsyncConfigurerConfiguration'
2026-04-03 20:13:35 DEBUG o.s.b.f.s.DefaultListableBeanFactory - Creating shared instance of singleton bean 'applicationTaskExecutorAsyncConfigurer'
2026-04-03 20:13:35 DEBUG o.s.b.f.s.DefaultListableBeanFactory - Autowiring by type from bean name 'applicationTaskExecutorAsyncConfigurer' via factory method to bean named 'org.springframework.beans.factory.support.DefaultListableBeanFactory@12eedfee'
2026-04-03 20:13:35 DEBUG o.s.b.f.s.DefaultListableBeanFactory - Creating shared instance of singleton bean 'org.springframework.boot.autoconfigure.task.TaskExecutorConfigurations$BootstrapExecutorConfiguration'
2026-04-03 20:13:35 DEBUG o.s.b.f.s.DefaultListableBeanFactory - Creating shared instance of singleton bean 'org.springframework.boot.autoconfigure.task.TaskExecutionAutoConfiguration'
2026-04-03 20:13:35 DEBUG o.s.b.f.s.DefaultListableBeanFactory - Creating shared instance of singleton bean 'org.springframework.boot.webmvc.autoconfigure.error.ErrorMvcAutoConfiguration$WhitelabelErrorViewConfiguration'
2026-04-03 20:13:35 DEBUG o.s.b.f.s.DefaultListableBeanFactory - Creating shared instance of singleton bean 'error'
2026-04-03 20:13:35 DEBUG o.s.b.f.s.DefaultListableBeanFactory - Creating shared instance of singleton bean 'beanNameViewResolver'
2026-04-03 20:13:35 DEBUG o.s.b.f.s.DefaultListableBeanFactory - Creating shared instance of singleton bean 'org.springframework.boot.webmvc.autoconfigure.error.ErrorMvcAutoConfiguration$DefaultErrorViewResolverConfiguration'
2026-04-03 20:13:35 DEBUG o.s.b.f.s.DefaultListableBeanFactory - Creating shared instance of singleton bean 'spring.web-org.springframework.boot.autoconfigure.web.WebProperties'
2026-04-03 20:13:35 DEBUG o.s.b.f.s.DefaultListableBeanFactory - Autowiring by type from bean name 'org.springframework.boot.webmvc.autoconfigure.error.ErrorMvcAutoConfiguration$DefaultErrorViewResolverConfiguration' via constructor to bean named 'org.springframework.web.context.support.GenericWebApplicationContext@49ede9c7'
2026-04-03 20:13:35 DEBUG o.s.b.f.s.DefaultListableBeanFactory - Autowiring by type from bean name 'org.springframework.boot.webmvc.autoconfigure.error.ErrorMvcAutoConfiguration$DefaultErrorViewResolverConfiguration' via constructor to bean named 'spring.web-org.springframework.boot.autoconfigure.web.WebProperties'
2026-04-03 20:13:35 DEBUG o.s.b.f.s.DefaultListableBeanFactory - Creating shared instance of singleton bean 'conventionErrorViewResolver'
2026-04-03 20:13:35 DEBUG o.s.b.f.s.DefaultListableBeanFactory - Creating shared instance of singleton bean 'org.springframework.boot.webmvc.autoconfigure.error.ErrorMvcAutoConfiguration'
2026-04-03 20:13:35 DEBUG o.s.b.f.s.DefaultListableBeanFactory - Autowiring by type from bean name 'org.springframework.boot.webmvc.autoconfigure.error.ErrorMvcAutoConfiguration' via constructor to bean named 'spring.web-org.springframework.boot.autoconfigure.web.WebProperties'
2026-04-03 20:13:35 DEBUG o.s.b.f.s.DefaultListableBeanFactory - Creating shared instance of singleton bean 'errorAttributes'
2026-04-03 20:13:35 DEBUG o.s.b.f.s.DefaultListableBeanFactory - Creating shared instance of singleton bean 'basicErrorController'
2026-04-03 20:13:35 DEBUG o.s.b.f.s.DefaultListableBeanFactory - Autowiring by type from bean name 'basicErrorController' via factory method to bean named 'errorAttributes'
2026-04-03 20:13:35 DEBUG o.s.b.f.s.DefaultListableBeanFactory - Creating shared instance of singleton bean 'errorPageCustomizer'
2026-04-03 20:13:35 DEBUG o.s.b.f.s.DefaultListableBeanFactory - Autowiring by type from bean name 'errorPageCustomizer' via factory method to bean named 'dispatcherServletRegistration'
2026-04-03 20:13:35 DEBUG o.s.b.f.s.DefaultListableBeanFactory - Creating shared instance of singleton bean 'org.springframework.boot.webmvc.autoconfigure.WebMvcAutoConfiguration$EnableWebMvcConfiguration'
2026-04-03 20:13:35 DEBUG o.s.b.f.s.DefaultListableBeanFactory - Autowiring by type from bean name 'org.springframework.boot.webmvc.autoconfigure.WebMvcAutoConfiguration$EnableWebMvcConfiguration' via constructor to bean named 'spring.mvc-org.springframework.boot.webmvc.autoconfigure.WebMvcProperties'
2026-04-03 20:13:35 DEBUG o.s.b.f.s.DefaultListableBeanFactory - Autowiring by type from bean name 'org.springframework.boot.webmvc.autoconfigure.WebMvcAutoConfiguration$EnableWebMvcConfiguration' via constructor to bean named 'spring.web-org.springframework.boot.autoconfigure.web.WebProperties'
2026-04-03 20:13:35 DEBUG o.s.b.f.s.DefaultListableBeanFactory - Autowiring by type from bean name 'org.springframework.boot.webmvc.autoconfigure.WebMvcAutoConfiguration$EnableWebMvcConfiguration' via constructor to bean named 'org.springframework.beans.factory.support.DefaultListableBeanFactory@12eedfee'
2026-04-03 20:13:35 DEBUG o.s.b.f.s.DefaultListableBeanFactory - Creating shared instance of singleton bean 'org.springframework.boot.webmvc.autoconfigure.WebMvcAutoConfiguration$WebMvcAutoConfigurationAdapter'
2026-04-03 20:13:35 DEBUG o.s.b.f.s.DefaultListableBeanFactory - Autowiring by type from bean name 'org.springframework.boot.webmvc.autoconfigure.WebMvcAutoConfiguration$WebMvcAutoConfigurationAdapter' via constructor to bean named 'spring.web-org.springframework.boot.autoconfigure.web.WebProperties'
2026-04-03 20:13:35 DEBUG o.s.b.f.s.DefaultListableBeanFactory - Autowiring by type from bean name 'org.springframework.boot.webmvc.autoconfigure.WebMvcAutoConfiguration$WebMvcAutoConfigurationAdapter' via constructor to bean named 'spring.mvc-org.springframework.boot.webmvc.autoconfigure.WebMvcProperties'
2026-04-03 20:13:35 DEBUG o.s.b.f.s.DefaultListableBeanFactory - Autowiring by type from bean name 'org.springframework.boot.webmvc.autoconfigure.WebMvcAutoConfiguration$WebMvcAutoConfigurationAdapter' via constructor to bean named 'org.springframework.beans.factory.support.DefaultListableBeanFactory@12eedfee'
2026-04-03 20:13:35 DEBUG o.s.b.f.s.DefaultListableBeanFactory - Creating shared instance of singleton bean 'org.springframework.data.web.config.SpringDataWebConfiguration'
2026-04-03 20:13:35 DEBUG o.s.b.f.s.DefaultListableBeanFactory - Autowiring by type from bean name 'org.springframework.data.web.config.SpringDataWebConfiguration' via constructor to bean named 'org.springframework.web.context.support.GenericWebApplicationContext@49ede9c7'
2026-04-03 20:13:35 DEBUG o.s.b.f.s.DefaultListableBeanFactory - Creating shared instance of singleton bean 'openEntityManagerInViewInterceptorConfigurer'
2026-04-03 20:13:35 DEBUG o.s.b.f.s.DefaultListableBeanFactory - Creating shared instance of singleton bean 'org.springframework.boot.jpa.autoconfigure.JpaBaseConfiguration$JpaWebConfiguration'
2026-04-03 20:13:35 DEBUG o.s.b.f.s.DefaultListableBeanFactory - Autowiring by type from bean name 'org.springframework.boot.jpa.autoconfigure.JpaBaseConfiguration$JpaWebConfiguration' via constructor to bean named 'spring.jpa-org.springframework.boot.jpa.autoconfigure.JpaProperties'
2026-04-03 20:13:35 DEBUG o.s.b.f.s.DefaultListableBeanFactory - Creating shared instance of singleton bean 'openEntityManagerInViewInterceptor'
2026-04-03 20:13:35 WARN  o.s.b.j.a.JpaBaseConfiguration$JpaWebConfiguration - spring.jpa.open-in-view is enabled by default. Therefore, database queries may be performed during view rendering. Explicitly configure spring.jpa.open-in-view to disable this warning
2026-04-03 20:13:35 DEBUG o.s.b.f.s.DefaultListableBeanFactory - Autowiring by type from bean name 'openEntityManagerInViewInterceptorConfigurer' via factory method to bean named 'openEntityManagerInViewInterceptor'
2026-04-03 20:13:35 DEBUG o.s.b.f.s.DefaultListableBeanFactory - Creating shared instance of singleton bean 'welcomePageHandlerMapping'
2026-04-03 20:13:35 DEBUG o.s.b.f.s.DefaultListableBeanFactory - Creating shared instance of singleton bean 'mvcConversionService'
2026-04-03 20:13:35 DEBUG o.s.b.f.s.DefaultListableBeanFactory - Creating shared instance of singleton bean 'mvcResourceUrlProvider'
2026-04-03 20:13:35 DEBUG o.s.b.f.s.DefaultListableBeanFactory - Autowiring by type from bean name 'welcomePageHandlerMapping' via factory method to bean named 'org.springframework.web.context.support.GenericWebApplicationContext@49ede9c7'
2026-04-03 20:13:35 DEBUG o.s.b.f.s.DefaultListableBeanFactory - Autowiring by type from bean name 'welcomePageHandlerMapping' via factory method to bean named 'mvcConversionService'
2026-04-03 20:13:35 DEBUG o.s.b.f.s.DefaultListableBeanFactory - Autowiring by type from bean name 'welcomePageHandlerMapping' via factory method to bean named 'mvcResourceUrlProvider'
2026-04-03 20:13:35 DEBUG o.s.b.f.s.DefaultListableBeanFactory - Creating shared instance of singleton bean 'welcomePageNotAcceptableHandlerMapping'
2026-04-03 20:13:35 DEBUG o.s.b.f.s.DefaultListableBeanFactory - Autowiring by type from bean name 'welcomePageNotAcceptableHandlerMapping' via factory method to bean named 'org.springframework.web.context.support.GenericWebApplicationContext@49ede9c7'
2026-04-03 20:13:35 DEBUG o.s.b.f.s.DefaultListableBeanFactory - Autowiring by type from bean name 'welcomePageNotAcceptableHandlerMapping' via factory method to bean named 'mvcConversionService'
2026-04-03 20:13:35 DEBUG o.s.b.f.s.DefaultListableBeanFactory - Autowiring by type from bean name 'welcomePageNotAcceptableHandlerMapping' via factory method to bean named 'mvcResourceUrlProvider'
2026-04-03 20:13:35 DEBUG o.s.b.f.s.DefaultListableBeanFactory - Creating shared instance of singleton bean 'localeResolver'
2026-04-03 20:13:35 DEBUG o.s.b.f.s.DefaultListableBeanFactory - Creating shared instance of singleton bean 'flashMapManager'
2026-04-03 20:13:35 DEBUG o.s.b.f.s.DefaultListableBeanFactory - Creating shared instance of singleton bean 'viewNameTranslator'
2026-04-03 20:13:35 DEBUG o.s.b.f.s.DefaultListableBeanFactory - Creating shared instance of singleton bean 'mvcValidator'
2026-04-03 20:13:35 DEBUG o.s.b.f.s.DefaultListableBeanFactory - Creating shared instance of singleton bean 'requestMappingHandlerMapping'
2026-04-03 20:13:35 DEBUG o.s.b.f.s.DefaultListableBeanFactory - Creating shared instance of singleton bean 'mvcContentNegotiationManager'
2026-04-03 20:13:35 DEBUG o.s.b.f.s.DefaultListableBeanFactory - Creating shared instance of singleton bean 'stringHttpMessageConvertersCustomizer'
2026-04-03 20:13:35 DEBUG o.s.b.f.s.DefaultListableBeanFactory - Creating shared instance of singleton bean 'org.springframework.boot.http.converter.autoconfigure.HttpMessageConvertersAutoConfiguration$StringHttpMessageConverterConfiguration'
2026-04-03 20:13:35 DEBUG o.s.b.f.s.DefaultListableBeanFactory - Creating shared instance of singleton bean 'spring.http.converters-org.springframework.boot.http.converter.autoconfigure.HttpMessageConvertersProperties'
2026-04-03 20:13:35 DEBUG o.s.b.f.s.DefaultListableBeanFactory - Autowiring by type from bean name 'stringHttpMessageConvertersCustomizer' via factory method to bean named 'spring.http.converters-org.springframework.boot.http.converter.autoconfigure.HttpMessageConvertersProperties'
2026-04-03 20:13:35 DEBUG o.s.b.f.s.DefaultListableBeanFactory - Creating shared instance of singleton bean 'jacksonJsonHttpMessageConvertersCustomizer'
2026-04-03 20:13:35 DEBUG o.s.b.f.s.DefaultListableBeanFactory - Creating shared instance of singleton bean 'org.springframework.boot.http.converter.autoconfigure.JacksonHttpMessageConvertersConfiguration$JacksonJsonHttpMessageConverterConfiguration'
2026-04-03 20:13:35 DEBUG o.s.b.f.s.DefaultListableBeanFactory - Creating shared instance of singleton bean 'jacksonJsonMapper'
2026-04-03 20:13:35 DEBUG o.s.b.f.s.DefaultListableBeanFactory - Creating shared instance of singleton bean 'org.springframework.boot.jackson.autoconfigure.JacksonAutoConfiguration'
2026-04-03 20:13:35 DEBUG o.s.b.f.s.DefaultListableBeanFactory - Creating shared instance of singleton bean 'problemDetailJsonMapperBuilderCustomizer'
2026-04-03 20:13:35 DEBUG o.s.b.f.s.DefaultListableBeanFactory - Creating shared instance of singleton bean 'org.springframework.boot.jackson.autoconfigure.JacksonAutoConfiguration$JsonProblemDetailsConfiguration'
2026-04-03 20:13:35 DEBUG o.s.b.f.s.DefaultListableBeanFactory - Creating shared instance of singleton bean 'standardJsonMapperBuilderCustomizer'
2026-04-03 20:13:35 DEBUG o.s.b.f.s.DefaultListableBeanFactory - Creating shared instance of singleton bean 'org.springframework.boot.jackson.autoconfigure.JacksonAutoConfiguration$JacksonJsonMapperBuilderCustomizerConfiguration'
2026-04-03 20:13:35 DEBUG o.s.b.f.s.DefaultListableBeanFactory - Creating shared instance of singleton bean 'spring.jackson-org.springframework.boot.jackson.autoconfigure.JacksonProperties'
2026-04-03 20:13:35 DEBUG o.s.b.f.s.DefaultListableBeanFactory - Autowiring by type from bean name 'standardJsonMapperBuilderCustomizer' via factory method to bean named 'spring.jackson-org.springframework.boot.jackson.autoconfigure.JacksonProperties'
2026-04-03 20:13:35 DEBUG o.s.b.f.s.DefaultListableBeanFactory - Creating shared instance of singleton bean 'jackson3GeoModule'
2026-04-03 20:13:35 DEBUG o.s.b.f.s.DefaultListableBeanFactory - Creating shared instance of singleton bean 'org.springframework.data.web.config.SpringDataJackson3Configuration'
2026-04-03 20:13:35 DEBUG o.s.b.f.s.DefaultListableBeanFactory - Creating shared instance of singleton bean 'springDataWebSettings'
2026-04-03 20:13:35 DEBUG o.s.b.f.s.DefaultListableBeanFactory - Creating shared instance of singleton bean 'org.springframework.boot.data.autoconfigure.web.DataWebAutoConfiguration'
2026-04-03 20:13:35 DEBUG o.s.b.f.s.DefaultListableBeanFactory - Creating shared instance of singleton bean 'spring.data.web-org.springframework.boot.data.autoconfigure.web.DataWebProperties'
2026-04-03 20:13:35 DEBUG o.s.b.f.s.DefaultListableBeanFactory - Autowiring by type from bean name 'org.springframework.boot.data.autoconfigure.web.DataWebAutoConfiguration' via constructor to bean named 'spring.data.web-org.springframework.boot.data.autoconfigure.web.DataWebProperties'
2026-04-03 20:13:35 DEBUG o.s.b.f.s.DefaultListableBeanFactory - Creating shared instance of singleton bean 'jackson3pageModule'
2026-04-03 20:13:35 DEBUG o.s.b.f.s.DefaultListableBeanFactory - Creating shared instance of singleton bean 'jacksonMixinModule'
2026-04-03 20:13:35 DEBUG o.s.b.f.s.DefaultListableBeanFactory - Creating shared instance of singleton bean 'org.springframework.boot.jackson.autoconfigure.JacksonAutoConfiguration$JacksonMixinConfiguration'
2026-04-03 20:13:35 DEBUG o.s.b.f.s.DefaultListableBeanFactory - Creating shared instance of singleton bean 'jacksonMixinModuleEntries'
2026-04-03 20:13:35 DEBUG o.s.b.f.s.DefaultListableBeanFactory - Autowiring by type from bean name 'jacksonMixinModuleEntries' via factory method to bean named 'org.springframework.web.context.support.GenericWebApplicationContext@49ede9c7'
2026-04-03 20:13:35 DEBUG o.s.b.f.s.DefaultListableBeanFactory - Autowiring by type from bean name 'jacksonMixinModule' via factory method to bean named 'org.springframework.web.context.support.GenericWebApplicationContext@49ede9c7'
2026-04-03 20:13:35 DEBUG o.s.b.f.s.DefaultListableBeanFactory - Autowiring by type from bean name 'jacksonMixinModule' via factory method to bean named 'jacksonMixinModuleEntries'
2026-04-03 20:13:35 DEBUG o.s.b.f.s.DefaultListableBeanFactory - Creating shared instance of singleton bean 'jsonComponentModule'
2026-04-03 20:13:35 DEBUG o.s.b.f.s.DefaultListableBeanFactory - Autowiring by type from bean name 'jsonMapperBuilder' via factory method to bean named 'problemDetailJsonMapperBuilderCustomizer'
2026-04-03 20:13:35 DEBUG o.s.b.f.s.DefaultListableBeanFactory - Autowiring by type from bean name 'jsonMapperBuilder' via factory method to bean named 'standardJsonMapperBuilderCustomizer'
2026-04-03 20:13:35 DEBUG o.s.b.f.s.DefaultListableBeanFactory - Autowiring by type from bean name 'jacksonJsonMapper' via factory method to bean named 'jsonMapperBuilder'
2026-04-03 20:13:35 DEBUG o.s.b.f.s.DefaultListableBeanFactory - Autowiring by type from bean name 'jacksonJsonHttpMessageConvertersCustomizer' via factory method to bean named 'jacksonJsonMapper'
2026-04-03 20:13:35 DEBUG o.s.b.f.s.DefaultListableBeanFactory - Creating shared instance of singleton bean 'serverConvertersCustomizer'
2026-04-03 20:13:35 DEBUG o.s.b.f.s.DefaultListableBeanFactory - Creating shared instance of singleton bean 'org.springframework.boot.http.converter.autoconfigure.HttpMessageConvertersAutoConfiguration'
2026-04-03 20:13:35 DEBUG o.s.b.f.s.DefaultListableBeanFactory - Creating shared instance of singleton bean 'mvcApiVersionStrategy'
2026-04-03 20:13:35 DEBUG o.s.b.f.s.DefaultListableBeanFactory - Autowiring by type from bean name 'requestMappingHandlerMapping' via factory method to bean named 'mvcContentNegotiationManager'
2026-04-03 20:13:35 DEBUG o.s.b.f.s.DefaultListableBeanFactory - Autowiring by type from bean name 'requestMappingHandlerMapping' via factory method to bean named 'mvcApiVersionStrategy'
2026-04-03 20:13:35 DEBUG o.s.b.f.s.DefaultListableBeanFactory - Autowiring by type from bean name 'requestMappingHandlerMapping' via factory method to bean named 'mvcConversionService'
2026-04-03 20:13:35 DEBUG o.s.b.f.s.DefaultListableBeanFactory - Autowiring by type from bean name 'requestMappingHandlerMapping' via factory method to bean named 'mvcResourceUrlProvider'
2026-04-03 20:13:35 DEBUG _.s.w.s.H.Mappings - 
	c.s.s.p.c.EmployeeRestClientController:
	{PATCH [/client/employees/{id}]}: updatePartialEmployee(Long,Map)
	{DELETE [/client/employees/{id}]}: deleteEmployee(Long)
	{PUT [/client/employees/{id}]}: updateEmployee(Long,EmployeeDto)
	{GET [/client/employees/getAllEmployees]}: getAllEmployees()
	{GET [/client/employees/{id}]}: getEmployeeById(Long)
	{POST [/client/employees/getAllEmployees]}: createEmployee(EmployeeDto)
2026-04-03 20:13:35 DEBUG _.s.w.s.H.Mappings - 
	c.s.s.p.c.PostAuditController:
	{GET [/postAudit/posts/{postId}]}: getPostRevision(Long)
2026-04-03 20:13:35 DEBUG _.s.w.s.H.Mappings - 
	c.s.s.p.c.PostController:
	{GET [/posts/getAllPosts]}: getAll()
	{POST [/posts/createPost]}: createNewPost(PostDto)
	{GET [/posts/{getPostById}]}: getbyId(Long)
	{PUT [/posts/{id}]}: putPost(PostDto,Long)
2026-04-03 20:13:35 DEBUG _.s.w.s.H.Mappings - 
	o.s.b.w.a.e.BasicErrorController:
	{ [/error]}: error(HttpServletRequest)
	{ [/error], produces [text/html]}: errorHtml(HttpServletRequest,HttpServletResponse)
2026-04-03 20:13:35 DEBUG o.s.w.s.m.m.a.RequestMappingHandlerMapping - 13 mappings in 'requestMappingHandlerMapping'
2026-04-03 20:13:35 DEBUG o.s.b.f.s.DefaultListableBeanFactory - Creating shared instance of singleton bean 'mvcPatternParser'
2026-04-03 20:13:35 DEBUG o.s.b.f.s.DefaultListableBeanFactory - Creating shared instance of singleton bean 'mvcUrlPathHelper'
2026-04-03 20:13:35 DEBUG o.s.b.f.s.DefaultListableBeanFactory - Creating shared instance of singleton bean 'mvcPathMatcher'
2026-04-03 20:13:35 DEBUG o.s.b.f.s.DefaultListableBeanFactory - Creating shared instance of singleton bean 'viewControllerHandlerMapping'
2026-04-03 20:13:35 DEBUG o.s.b.f.s.DefaultListableBeanFactory - Autowiring by type from bean name 'viewControllerHandlerMapping' via factory method to bean named 'mvcConversionService'
2026-04-03 20:13:35 DEBUG o.s.b.f.s.DefaultListableBeanFactory - Autowiring by type from bean name 'viewControllerHandlerMapping' via factory method to bean named 'mvcResourceUrlProvider'
2026-04-03 20:13:35 DEBUG o.s.b.f.s.DefaultListableBeanFactory - Creating shared instance of singleton bean 'beanNameHandlerMapping'
2026-04-03 20:13:35 DEBUG o.s.b.f.s.DefaultListableBeanFactory - Autowiring by type from bean name 'beanNameHandlerMapping' via factory method to bean named 'mvcConversionService'
2026-04-03 20:13:35 DEBUG o.s.b.f.s.DefaultListableBeanFactory - Autowiring by type from bean name 'beanNameHandlerMapping' via factory method to bean named 'mvcResourceUrlProvider'
2026-04-03 20:13:35 DEBUG _.s.w.s.H.Mappings - 'beanNameHandlerMapping' {}
2026-04-03 20:13:35 DEBUG o.s.b.f.s.DefaultListableBeanFactory - Creating shared instance of singleton bean 'routerFunctionMapping'
2026-04-03 20:13:35 DEBUG o.s.b.f.s.DefaultListableBeanFactory - Autowiring by type from bean name 'routerFunctionMapping' via factory method to bean named 'mvcConversionService'
2026-04-03 20:13:35 DEBUG o.s.b.f.s.DefaultListableBeanFactory - Autowiring by type from bean name 'routerFunctionMapping' via factory method to bean named 'mvcResourceUrlProvider'
2026-04-03 20:13:35 DEBUG o.s.b.f.s.DefaultListableBeanFactory - Autowiring by type from bean name 'routerFunctionMapping' via factory method to bean named 'mvcApiVersionStrategy'
2026-04-03 20:13:35 DEBUG o.s.b.f.s.DefaultListableBeanFactory - Creating shared instance of singleton bean 'resourceHandlerMapping'
2026-04-03 20:13:35 DEBUG o.s.b.f.s.DefaultListableBeanFactory - Autowiring by type from bean name 'resourceHandlerMapping' via factory method to bean named 'mvcContentNegotiationManager'
2026-04-03 20:13:35 DEBUG o.s.b.f.s.DefaultListableBeanFactory - Autowiring by type from bean name 'resourceHandlerMapping' via factory method to bean named 'mvcConversionService'
2026-04-03 20:13:35 DEBUG o.s.b.f.s.DefaultListableBeanFactory - Autowiring by type from bean name 'resourceHandlerMapping' via factory method to bean named 'mvcResourceUrlProvider'
2026-04-03 20:13:35 DEBUG _.s.w.s.H.Mappings - 'resourceHandlerMapping' {/webjars/**=ResourceHttpRequestHandler [classpath [META-INF/resources/webjars/]], /**=ResourceHttpRequestHandler [classpath [META-INF/resources/], classpath [resources/], classpath [static/], classpath [public/], ServletContext [/]]}
2026-04-03 20:13:35 DEBUG o.s.b.f.s.DefaultListableBeanFactory - Creating shared instance of singleton bean 'defaultServletHandlerMapping'
2026-04-03 20:13:35 DEBUG o.s.b.f.s.DefaultListableBeanFactory - Creating shared instance of singleton bean 'requestMappingHandlerAdapter'
2026-04-03 20:13:35 DEBUG o.s.b.f.s.DefaultListableBeanFactory - Autowiring by type from bean name 'requestMappingHandlerAdapter' via factory method to bean named 'mvcContentNegotiationManager'
2026-04-03 20:13:35 DEBUG o.s.b.f.s.DefaultListableBeanFactory - Autowiring by type from bean name 'requestMappingHandlerAdapter' via factory method to bean named 'mvcConversionService'
2026-04-03 20:13:35 DEBUG o.s.b.f.s.DefaultListableBeanFactory - Autowiring by type from bean name 'requestMappingHandlerAdapter' via factory method to bean named 'mvcValidator'
2026-04-03 20:13:35 DEBUG o.s.b.f.s.DefaultListableBeanFactory - Creating shared instance of singleton bean 'sortResolver'
2026-04-03 20:13:35 DEBUG o.s.b.f.s.DefaultListableBeanFactory - Creating shared instance of singleton bean 'sortCustomizer'
2026-04-03 20:13:35 DEBUG o.s.b.f.s.DefaultListableBeanFactory - Creating shared instance of singleton bean 'pageableResolver'
2026-04-03 20:13:35 DEBUG o.s.b.f.s.DefaultListableBeanFactory - Creating shared instance of singleton bean 'pageableCustomizer'
2026-04-03 20:13:35 DEBUG o.s.w.s.m.m.a.RequestMappingHandlerAdapter - ControllerAdvice beans: 0 @ModelAttribute, 0 @InitBinder, 2 RequestBodyAdvice, 2 ResponseBodyAdvice
2026-04-03 20:13:35 DEBUG o.s.b.f.s.DefaultListableBeanFactory - Creating shared instance of singleton bean 'mvcViewResolver'
2026-04-03 20:13:35 DEBUG o.s.b.f.s.DefaultListableBeanFactory - Autowiring by type from bean name 'mvcViewResolver' via factory method to bean named 'mvcContentNegotiationManager'
2026-04-03 20:13:35 DEBUG o.s.b.f.s.DefaultListableBeanFactory - Creating shared instance of singleton bean 'defaultViewResolver'
2026-04-03 20:13:35 DEBUG o.s.b.f.s.DefaultListableBeanFactory - Creating shared instance of singleton bean 'viewResolver'
2026-04-03 20:13:35 DEBUG o.s.b.f.s.DefaultListableBeanFactory - Autowiring by type from bean name 'viewResolver' via factory method to bean named 'org.springframework.beans.factory.support.DefaultListableBeanFactory@12eedfee'
2026-04-03 20:13:35 DEBUG o.s.b.f.s.DefaultListableBeanFactory - Creating shared instance of singleton bean 'viewResolver'
2026-04-03 20:13:35 DEBUG o.s.b.f.s.DefaultListableBeanFactory - Creating shared instance of singleton bean 'handlerFunctionAdapter'
2026-04-03 20:13:35 DEBUG o.s.b.f.s.DefaultListableBeanFactory - Creating shared instance of singleton bean 'mvcUriComponentsContributor'
2026-04-03 20:13:35 DEBUG o.s.b.f.s.DefaultListableBeanFactory - Autowiring by type from bean name 'mvcUriComponentsContributor' via factory method to bean named 'mvcConversionService'
2026-04-03 20:13:35 DEBUG o.s.b.f.s.DefaultListableBeanFactory - Autowiring by type from bean name 'mvcUriComponentsContributor' via factory method to bean named 'requestMappingHandlerAdapter'
2026-04-03 20:13:35 DEBUG o.s.b.f.s.DefaultListableBeanFactory - Creating shared instance of singleton bean 'httpRequestHandlerAdapter'
2026-04-03 20:13:35 DEBUG o.s.b.f.s.DefaultListableBeanFactory - Creating shared instance of singleton bean 'simpleControllerHandlerAdapter'
2026-04-03 20:13:35 DEBUG o.s.b.f.s.DefaultListableBeanFactory - Creating shared instance of singleton bean 'handlerExceptionResolver'
2026-04-03 20:13:35 DEBUG o.s.b.f.s.DefaultListableBeanFactory - Autowiring by type from bean name 'handlerExceptionResolver' via factory method to bean named 'mvcContentNegotiationManager'
2026-04-03 20:13:35 DEBUG o.s.w.s.m.m.a.ExceptionHandlerExceptionResolver - ControllerAdvice beans: 1 @ExceptionHandler, 2 ResponseBodyAdvice
2026-04-03 20:13:35 DEBUG o.s.b.f.s.DefaultListableBeanFactory - Creating shared instance of singleton bean 'requestContextFilter'
2026-04-03 20:13:35 DEBUG o.s.b.f.s.DefaultListableBeanFactory - Creating shared instance of singleton bean 'org.springframework.boot.webmvc.autoconfigure.WebMvcAutoConfiguration'
2026-04-03 20:13:35 DEBUG o.s.b.f.s.DefaultListableBeanFactory - Creating shared instance of singleton bean 'formContentFilter'
2026-04-03 20:13:35 DEBUG o.s.b.f.s.DefaultListableBeanFactory - Creating shared instance of singleton bean 'org.springframework.boot.autoconfigure.aop.AopAutoConfiguration$AspectJAutoProxyingConfiguration$CglibAutoProxyConfiguration'
2026-04-03 20:13:35 DEBUG o.s.b.f.s.DefaultListableBeanFactory - Creating shared instance of singleton bean 'org.springframework.boot.autoconfigure.aop.AopAutoConfiguration$AspectJAutoProxyingConfiguration'
2026-04-03 20:13:35 DEBUG o.s.b.f.s.DefaultListableBeanFactory - Creating shared instance of singleton bean 'org.springframework.boot.autoconfigure.aop.AopAutoConfiguration'
2026-04-03 20:13:35 DEBUG o.s.b.f.s.DefaultListableBeanFactory - Creating shared instance of singleton bean 'org.springframework.boot.autoconfigure.availability.ApplicationAvailabilityAutoConfiguration'
2026-04-03 20:13:35 DEBUG o.s.b.f.s.DefaultListableBeanFactory - Creating shared instance of singleton bean 'applicationAvailability'
2026-04-03 20:13:35 DEBUG o.s.b.f.s.DefaultListableBeanFactory - Creating shared instance of singleton bean 'org.springframework.boot.autoconfigure.context.ConfigurationPropertiesAutoConfiguration'
2026-04-03 20:13:35 DEBUG o.s.b.f.s.DefaultListableBeanFactory - Creating shared instance of singleton bean 'org.springframework.boot.autoconfigure.context.LifecycleAutoConfiguration'
2026-04-03 20:13:35 DEBUG o.s.b.f.s.DefaultListableBeanFactory - Creating shared instance of singleton bean 'lifecycleProcessor'
2026-04-03 20:13:35 DEBUG o.s.b.f.s.DefaultListableBeanFactory - Creating shared instance of singleton bean 'spring.lifecycle-org.springframework.boot.autoconfigure.context.LifecycleProperties'
2026-04-03 20:13:35 DEBUG o.s.b.f.s.DefaultListableBeanFactory - Autowiring by type from bean name 'lifecycleProcessor' via factory method to bean named 'spring.lifecycle-org.springframework.boot.autoconfigure.context.LifecycleProperties'
2026-04-03 20:13:35 DEBUG o.s.b.f.s.DefaultListableBeanFactory - Creating shared instance of singleton bean 'org.springframework.boot.autoconfigure.info.ProjectInfoAutoConfiguration'
2026-04-03 20:13:35 DEBUG o.s.b.f.s.DefaultListableBeanFactory - Creating shared instance of singleton bean 'spring.info-org.springframework.boot.autoconfigure.info.ProjectInfoProperties'
2026-04-03 20:13:35 DEBUG o.s.b.f.s.DefaultListableBeanFactory - Autowiring by type from bean name 'org.springframework.boot.autoconfigure.info.ProjectInfoAutoConfiguration' via constructor to bean named 'spring.info-org.springframework.boot.autoconfigure.info.ProjectInfoProperties'
2026-04-03 20:13:35 DEBUG o.s.b.f.s.DefaultListableBeanFactory - Creating shared instance of singleton bean 'org.springframework.boot.autoconfigure.ssl.SslAutoConfiguration'
2026-04-03 20:13:35 DEBUG o.s.b.f.s.DefaultListableBeanFactory - Creating shared instance of singleton bean 'spring.ssl-org.springframework.boot.autoconfigure.ssl.SslProperties'
2026-04-03 20:13:35 DEBUG o.s.b.f.s.DefaultListableBeanFactory - Autowiring by type from bean name 'org.springframework.boot.autoconfigure.ssl.SslAutoConfiguration' via constructor to bean named 'org.springframework.web.context.support.GenericWebApplicationContext@49ede9c7'
2026-04-03 20:13:35 DEBUG o.s.b.f.s.DefaultListableBeanFactory - Autowiring by type from bean name 'org.springframework.boot.autoconfigure.ssl.SslAutoConfiguration' via constructor to bean named 'spring.ssl-org.springframework.boot.autoconfigure.ssl.SslProperties'
2026-04-03 20:13:35 DEBUG o.s.b.f.s.DefaultListableBeanFactory - Creating shared instance of singleton bean 'fileWatcher'
2026-04-03 20:13:35 DEBUG o.s.b.f.s.DefaultListableBeanFactory - Creating shared instance of singleton bean 'sslPropertiesSslBundleRegistrar'
2026-04-03 20:13:35 DEBUG o.s.b.f.s.DefaultListableBeanFactory - Autowiring by type from bean name 'sslPropertiesSslBundleRegistrar' via factory method to bean named 'fileWatcher'
2026-04-03 20:13:35 DEBUG o.s.b.f.s.DefaultListableBeanFactory - Creating shared instance of singleton bean 'sslBundleRegistry'
2026-04-03 20:13:35 DEBUG o.s.b.f.s.DefaultListableBeanFactory - Creating shared instance of singleton bean 'org.springframework.boot.autoconfigure.task.TaskSchedulingConfigurations$ThreadPoolTaskSchedulerBuilderConfiguration'
2026-04-03 20:13:35 DEBUG o.s.b.f.s.DefaultListableBeanFactory - Creating shared instance of singleton bean 'threadPoolTaskSchedulerBuilder'
2026-04-03 20:13:35 DEBUG o.s.b.f.s.DefaultListableBeanFactory - Creating shared instance of singleton bean 'spring.task.scheduling-org.springframework.boot.autoconfigure.task.TaskSchedulingProperties'
2026-04-03 20:13:35 DEBUG o.s.b.f.s.DefaultListableBeanFactory - Autowiring by type from bean name 'threadPoolTaskSchedulerBuilder' via factory method to bean named 'spring.task.scheduling-org.springframework.boot.autoconfigure.task.TaskSchedulingProperties'
2026-04-03 20:13:35 DEBUG o.s.b.f.s.DefaultListableBeanFactory - Creating shared instance of singleton bean 'org.springframework.boot.autoconfigure.task.TaskSchedulingConfigurations$SimpleAsyncTaskSchedulerBuilderConfiguration'
2026-04-03 20:13:35 DEBUG o.s.b.f.s.DefaultListableBeanFactory - Autowiring by type from bean name 'org.springframework.boot.autoconfigure.task.TaskSchedulingConfigurations$SimpleAsyncTaskSchedulerBuilderConfiguration' via constructor to bean named 'spring.task.scheduling-org.springframework.boot.autoconfigure.task.TaskSchedulingProperties'
2026-04-03 20:13:35 DEBUG o.s.b.f.s.DefaultListableBeanFactory - Creating shared instance of singleton bean 'simpleAsyncTaskSchedulerBuilder'
2026-04-03 20:13:35 DEBUG o.s.b.f.s.DefaultListableBeanFactory - Creating shared instance of singleton bean 'org.springframework.boot.autoconfigure.task.TaskSchedulingAutoConfiguration'
2026-04-03 20:13:35 DEBUG o.s.b.f.s.DefaultListableBeanFactory - Creating shared instance of singleton bean 'org.springframework.data.web.config.ProjectingArgumentResolverRegistrar'
2026-04-03 20:13:35 DEBUG o.s.b.f.s.DefaultListableBeanFactory - Creating shared instance of singleton bean 'offsetResolver'
2026-04-03 20:13:35 DEBUG o.s.b.f.s.DefaultListableBeanFactory - Creating shared instance of singleton bean 'org.springframework.boot.transaction.jta.autoconfigure.JtaAutoConfiguration'
2026-04-03 20:13:35 DEBUG o.s.b.f.s.DefaultListableBeanFactory - Creating shared instance of singleton bean 'org.springframework.boot.jdbc.autoconfigure.DataSourcePoolMetadataProvidersConfiguration'
2026-04-03 20:13:35 DEBUG o.s.b.f.s.DefaultListableBeanFactory - Creating shared instance of singleton bean 'org.springframework.boot.jdbc.autoconfigure.DataSourceAutoConfiguration'
2026-04-03 20:13:35 DEBUG o.s.b.f.s.DefaultListableBeanFactory - Creating shared instance of singleton bean 'org.springframework.boot.transaction.autoconfigure.TransactionManagerCustomizationAutoConfiguration'
2026-04-03 20:13:35 DEBUG o.s.b.f.s.DefaultListableBeanFactory - Creating shared instance of singleton bean 'platformTransactionManagerCustomizers'
2026-04-03 20:13:35 DEBUG o.s.b.f.s.DefaultListableBeanFactory - Creating shared instance of singleton bean 'transactionExecutionListeners'
2026-04-03 20:13:35 DEBUG o.s.b.f.s.DefaultListableBeanFactory - Creating shared instance of singleton bean 'spring.transaction-org.springframework.boot.transaction.autoconfigure.TransactionProperties'
2026-04-03 20:13:35 DEBUG o.s.b.f.s.DefaultListableBeanFactory - Creating shared instance of singleton bean 'org.springframework.boot.jpa.autoconfigure.JpaBaseConfiguration$PersistenceManagedTypesConfiguration'
2026-04-03 20:13:35 DEBUG o.s.b.f.s.DefaultListableBeanFactory - Creating shared instance of singleton bean 'transactionManager'
2026-04-03 20:13:35 DEBUG o.s.b.f.s.DefaultListableBeanFactory - Creating shared instance of singleton bean 'org.springframework.boot.hibernate.autoconfigure.HibernateJpaAutoConfiguration'
2026-04-03 20:13:35 DEBUG o.s.b.f.s.DefaultListableBeanFactory - Creating shared instance of singleton bean 'org.springframework.boot.data.jpa.autoconfigure.DataJpaRepositoriesAutoConfiguration'
2026-04-03 20:13:35 DEBUG o.s.b.f.s.DefaultListableBeanFactory - Creating shared instance of singleton bean 'eagerJpaMetamodelCacheCleanup'
2026-04-03 20:13:35 DEBUG o.s.b.f.s.DefaultListableBeanFactory - Creating shared instance of singleton bean 'org.springframework.data.jpa.util.JpaMetamodelCacheCleanup'
2026-04-03 20:13:35 DEBUG o.s.b.f.s.DefaultListableBeanFactory - Creating shared instance of singleton bean 'org.springframework.data.jpa.repository.support.JpaEvaluationContextExtension'
2026-04-03 20:13:35 DEBUG o.s.b.f.s.DefaultListableBeanFactory - Creating shared instance of singleton bean 'data-jpa.repository-aot-processor#0'
2026-04-03 20:13:35 DEBUG o.s.b.f.s.DefaultListableBeanFactory - Creating shared instance of singleton bean 'org.springframework.boot.http.converter.autoconfigure.JacksonHttpMessageConvertersConfiguration'
2026-04-03 20:13:35 DEBUG o.s.b.f.s.DefaultListableBeanFactory - Creating shared instance of singleton bean 'org.springframework.boot.http.converter.autoconfigure.Jackson2HttpMessageConvertersConfiguration'
2026-04-03 20:13:35 DEBUG o.s.b.f.s.DefaultListableBeanFactory - Creating shared instance of singleton bean 'clientConvertersCustomizer'
2026-04-03 20:13:35 DEBUG o.s.b.f.s.DefaultListableBeanFactory - Creating shared instance of singleton bean 'org.springframework.boot.jdbc.autoconfigure.JdbcTemplateConfiguration'
2026-04-03 20:13:35 DEBUG o.s.b.f.s.DefaultListableBeanFactory - Creating shared instance of singleton bean 'jdbcTemplate'
2026-04-03 20:13:35 DEBUG o.s.b.f.s.DefaultListableBeanFactory - Creating shared instance of singleton bean 'spring.jdbc-org.springframework.boot.jdbc.autoconfigure.JdbcProperties'
2026-04-03 20:13:35 DEBUG o.s.b.f.s.DefaultListableBeanFactory - Autowiring by type from bean name 'jdbcTemplate' via factory method to bean named 'dataSource'
2026-04-03 20:13:35 DEBUG o.s.b.f.s.DefaultListableBeanFactory - Autowiring by type from bean name 'jdbcTemplate' via factory method to bean named 'spring.jdbc-org.springframework.boot.jdbc.autoconfigure.JdbcProperties'
2026-04-03 20:13:35 DEBUG o.s.b.f.s.DefaultListableBeanFactory - Creating shared instance of singleton bean 'org.springframework.boot.jdbc.autoconfigure.NamedParameterJdbcTemplateConfiguration'
2026-04-03 20:13:35 DEBUG o.s.b.f.s.DefaultListableBeanFactory - Creating shared instance of singleton bean 'namedParameterJdbcTemplate'
2026-04-03 20:13:35 DEBUG o.s.b.f.s.DefaultListableBeanFactory - Autowiring by type from bean name 'namedParameterJdbcTemplate' via factory method to bean named 'jdbcTemplate'
2026-04-03 20:13:35 DEBUG o.s.b.f.s.DefaultListableBeanFactory - Creating shared instance of singleton bean 'org.springframework.boot.jdbc.autoconfigure.JdbcTemplateAutoConfiguration'
2026-04-03 20:13:35 DEBUG o.s.b.f.s.DefaultListableBeanFactory - Creating shared instance of singleton bean 'org.springframework.boot.jdbc.autoconfigure.JdbcClientAutoConfiguration'
2026-04-03 20:13:35 DEBUG o.s.b.f.s.DefaultListableBeanFactory - Creating shared instance of singleton bean 'jdbcClient'
2026-04-03 20:13:35 DEBUG o.s.b.f.s.DefaultListableBeanFactory - Autowiring by type from bean name 'jdbcClient' via factory method to bean named 'namedParameterJdbcTemplate'
2026-04-03 20:13:35 DEBUG o.s.b.f.s.DefaultListableBeanFactory - Creating shared instance of singleton bean 'org.springframework.boot.persistence.autoconfigure.PersistenceExceptionTranslationAutoConfiguration'
2026-04-03 20:13:35 DEBUG o.s.b.f.s.DefaultListableBeanFactory - Creating shared instance of singleton bean 'org.springframework.boot.servlet.autoconfigure.HttpEncodingAutoConfiguration'
2026-04-03 20:13:35 DEBUG o.s.b.f.s.DefaultListableBeanFactory - Creating shared instance of singleton bean 'characterEncodingFilter'
2026-04-03 20:13:35 DEBUG o.s.b.f.s.DefaultListableBeanFactory - Creating shared instance of singleton bean 'spring.servlet.encoding-org.springframework.boot.servlet.autoconfigure.ServletEncodingProperties'
2026-04-03 20:13:35 DEBUG o.s.b.f.s.DefaultListableBeanFactory - Autowiring by type from bean name 'characterEncodingFilter' via factory method to bean named 'spring.servlet.encoding-org.springframework.boot.servlet.autoconfigure.ServletEncodingProperties'
2026-04-03 20:13:35 DEBUG o.s.b.f.s.DefaultListableBeanFactory - Creating shared instance of singleton bean 'multipartResolver'
2026-04-03 20:13:35 DEBUG o.s.b.f.s.DefaultListableBeanFactory - Creating shared instance of singleton bean 'org.springframework.boot.web.server.autoconfigure.servlet.ServletWebServerConfiguration'
2026-04-03 20:13:35 DEBUG o.s.b.f.s.DefaultListableBeanFactory - Creating shared instance of singleton bean 'servletWebServerFactoryCustomizer'
2026-04-03 20:13:35 DEBUG o.s.b.f.s.DefaultListableBeanFactory - Creating shared instance of singleton bean 'server-org.springframework.boot.web.server.autoconfigure.ServerProperties'
2026-04-03 20:13:35 DEBUG o.s.b.f.s.DefaultListableBeanFactory - Autowiring by type from bean name 'servletWebServerFactoryCustomizer' via factory method to bean named 'server-org.springframework.boot.web.server.autoconfigure.ServerProperties'
2026-04-03 20:13:35 DEBUG o.s.b.f.s.DefaultListableBeanFactory - Creating shared instance of singleton bean 'org.springframework.boot.tomcat.autoconfigure.servlet.TomcatServletWebServerAutoConfiguration'
2026-04-03 20:13:35 DEBUG o.s.b.f.s.DefaultListableBeanFactory - Creating shared instance of singleton bean 'server.tomcat-org.springframework.boot.tomcat.autoconfigure.TomcatServerProperties'
2026-04-03 20:13:35 DEBUG o.s.b.f.s.DefaultListableBeanFactory - Autowiring by type from bean name 'org.springframework.boot.tomcat.autoconfigure.servlet.TomcatServletWebServerAutoConfiguration' via constructor to bean named 'server.tomcat-org.springframework.boot.tomcat.autoconfigure.TomcatServerProperties'
2026-04-03 20:13:35 DEBUG o.s.b.f.s.DefaultListableBeanFactory - Creating shared instance of singleton bean 'tomcatServletWebServerFactory'
2026-04-03 20:13:35 DEBUG o.s.b.f.s.DefaultListableBeanFactory - Creating shared instance of singleton bean 'tomcatServletWebServerFactoryCustomizer'
2026-04-03 20:13:35 DEBUG o.s.b.f.s.DefaultListableBeanFactory - Autowiring by type from bean name 'tomcatServletWebServerFactoryCustomizer' via factory method to bean named 'server.tomcat-org.springframework.boot.tomcat.autoconfigure.TomcatServerProperties'
2026-04-03 20:13:35 DEBUG o.s.b.f.s.DefaultListableBeanFactory - Creating shared instance of singleton bean 'org.springframework.boot.jdbc.autoconfigure.DataSourceTransactionManagerAutoConfiguration$JdbcTransactionManagerConfiguration'
2026-04-03 20:13:35 DEBUG o.s.b.f.s.DefaultListableBeanFactory - Creating shared instance of singleton bean 'org.springframework.boot.jdbc.autoconfigure.DataSourceTransactionManagerAutoConfiguration'
2026-04-03 20:13:35 DEBUG o.s.b.f.s.DefaultListableBeanFactory - Creating shared instance of singleton bean 'org.springframework.boot.transaction.autoconfigure.TransactionAutoConfiguration$EnableTransactionManagementConfiguration$CglibAutoProxyConfiguration'
2026-04-03 20:13:35 DEBUG o.s.b.f.s.DefaultListableBeanFactory - Creating shared instance of singleton bean 'org.springframework.boot.transaction.autoconfigure.TransactionAutoConfiguration$EnableTransactionManagementConfiguration'
2026-04-03 20:13:35 DEBUG o.s.b.f.s.DefaultListableBeanFactory - Creating shared instance of singleton bean 'org.springframework.boot.transaction.autoconfigure.TransactionAutoConfiguration$TransactionTemplateConfiguration'
2026-04-03 20:13:35 DEBUG o.s.b.f.s.DefaultListableBeanFactory - Creating shared instance of singleton bean 'transactionTemplate'
2026-04-03 20:13:35 DEBUG o.s.b.f.s.DefaultListableBeanFactory - Autowiring by type from bean name 'transactionTemplate' via factory method to bean named 'transactionManager'
2026-04-03 20:13:35 DEBUG o.s.b.f.s.DefaultListableBeanFactory - Creating shared instance of singleton bean 'org.springframework.boot.transaction.autoconfigure.TransactionAutoConfiguration'
2026-04-03 20:13:35 DEBUG o.s.c.s.DefaultLifecycleProcessor - Starting beans in phase -2147483647
2026-04-03 20:13:35 DEBUG o.s.c.s.DefaultLifecycleProcessor - Successfully started bean 'springBootLoggingLifecycle'
2026-04-03 20:13:35 DEBUG o.s.c.s.DefaultLifecycleProcessor - Starting beans in phase 1073741823
2026-04-03 20:13:35 DEBUG o.s.b.a.l.ConditionEvaluationReportLogger - 


============================
CONDITIONS EVALUATION REPORT
============================


Positive matches:
-----------------

   AopAutoConfiguration matched:
      - @ConditionalOnBooleanProperty (spring.aop.auto=true) matched (OnPropertyCondition)

   AopAutoConfiguration.AspectJAutoProxyingConfiguration matched:
      - @ConditionalOnClass found required class 'org.aspectj.weaver.Advice' (OnClassCondition)

   AopAutoConfiguration.AspectJAutoProxyingConfiguration.CglibAutoProxyConfiguration matched:
      - @ConditionalOnBooleanProperty (spring.aop.proxy-target-class=true) matched (OnPropertyCondition)

   ApplicationAvailabilityAutoConfiguration#applicationAvailability matched:
      - @ConditionalOnMissingBean (types: org.springframework.boot.availability.ApplicationAvailability; SearchStrategy: all) did not find any beans (OnBeanCondition)

   DataJpaRepositoriesAutoConfiguration matched:
      - @ConditionalOnClass found required class 'org.springframework.data.jpa.repository.JpaRepository' (OnClassCondition)
      - @ConditionalOnBooleanProperty (spring.data.jpa.repositories.enabled=true) matched (OnPropertyCondition)
      - @ConditionalOnBean (types: javax.sql.DataSource; SearchStrategy: all) found bean 'dataSource'; @ConditionalOnMissingBean (types: org.springframework.data.jpa.repository.support.JpaRepositoryFactoryBean,org.springframework.data.jpa.repository.config.JpaRepositoryConfigExtension; SearchStrategy: all) did not find any beans (OnBeanCondition)

   DataSourceAutoConfiguration matched:
      - @ConditionalOnClass found required classes 'javax.sql.DataSource', 'org.springframework.jdbc.datasource.embedded.EmbeddedDatabaseType' (OnClassCondition)
      - @ConditionalOnMissingBean (types: io.r2dbc.spi.ConnectionFactory; SearchStrategy: all) did not find any beans (OnBeanCondition)

   DataSourceAutoConfiguration.PooledDataSourceConfiguration matched:
      - AnyNestedCondition 1 matched 1 did not; NestedCondition on DataSourceAutoConfiguration.PooledDataSourceCondition.PooledDataSourceAvailable PooledDataSource found supported DataSource; NestedCondition on DataSourceAutoConfiguration.PooledDataSourceCondition.ExplicitType @ConditionalOnProperty (spring.datasource.type) did not find property 'spring.datasource.type' (DataSourceAutoConfiguration.PooledDataSourceCondition)
      - @ConditionalOnMissingBean (types: javax.sql.DataSource,javax.sql.XADataSource; SearchStrategy: all) did not find any beans (OnBeanCondition)

   DataSourceAutoConfiguration.PooledDataSourceConfiguration#jdbcConnectionDetails matched:
      - @ConditionalOnMissingBean (types: org.springframework.boot.jdbc.autoconfigure.JdbcConnectionDetails; SearchStrategy: all) did not find any beans (OnBeanCondition)

   DataSourceConfiguration.Hikari matched:
      - @ConditionalOnClass found required class 'com.zaxxer.hikari.HikariDataSource' (OnClassCondition)
      - @ConditionalOnProperty (spring.datasource.type=com.zaxxer.hikari.HikariDataSource) matched (OnPropertyCondition)
      - @ConditionalOnMissingBean (types: javax.sql.DataSource; SearchStrategy: all) did not find any beans (OnBeanCondition)

   DataSourceInitializationAutoConfiguration matched:
      - @ConditionalOnClass found required class 'org.springframework.jdbc.datasource.init.DatabasePopulator' (OnClassCondition)
      - SQL InitializationDatabase Initialization default value is EMBEDDED (OnSqlInitializationCondition)
      - @ConditionalOnSingleCandidate (types: javax.sql.DataSource; SearchStrategy: all) found a single bean 'dataSource'; @ConditionalOnMissingBean (types: org.springframework.boot.sql.autoconfigure.init.ApplicationScriptDatabaseInitializer; SearchStrategy: all) did not find any beans (OnBeanCondition)

   DataSourcePoolMetadataProvidersConfiguration.HikariPoolDataSourceMetadataProviderConfiguration matched:
      - @ConditionalOnClass found required class 'com.zaxxer.hikari.HikariDataSource' (OnClassCondition)

   DataSourceTransactionManagerAutoConfiguration matched:
      - @ConditionalOnClass found required classes 'javax.sql.DataSource', 'org.springframework.jdbc.core.JdbcTemplate', 'org.springframework.transaction.TransactionManager' (OnClassCondition)

   DataSourceTransactionManagerAutoConfiguration.JdbcTransactionManagerConfiguration matched:
      - @ConditionalOnSingleCandidate (types: javax.sql.DataSource; SearchStrategy: all) found a single bean 'dataSource' (OnBeanCondition)

   DataWebAutoConfiguration matched:
      - @ConditionalOnClass found required classes 'org.springframework.data.web.PageableHandlerMethodArgumentResolver', 'org.springframework.web.servlet.config.annotation.WebMvcConfigurer' (OnClassCondition)
      - found 'session' scope (OnWebApplicationCondition)
      - @ConditionalOnMissingBean (types: org.springframework.data.web.PageableHandlerMethodArgumentResolver; SearchStrategy: all) did not find any beans (OnBeanCondition)

   DataWebAutoConfiguration#pageableCustomizer matched:
      - @ConditionalOnMissingBean (types: org.springframework.data.web.config.PageableHandlerMethodArgumentResolverCustomizer; SearchStrategy: all) did not find any beans (OnBeanCondition)

   DataWebAutoConfiguration#sortCustomizer matched:
      - @ConditionalOnMissingBean (types: org.springframework.data.web.config.SortHandlerMethodArgumentResolverCustomizer; SearchStrategy: all) did not find any beans (OnBeanCondition)

   DataWebAutoConfiguration#springDataWebSettings matched:
      - @ConditionalOnMissingBean (types: org.springframework.data.web.config.SpringDataWebSettings; SearchStrategy: all) did not find any beans (OnBeanCondition)

   DispatcherServletAutoConfiguration matched:
      - @ConditionalOnClass found required class 'org.springframework.web.servlet.DispatcherServlet' (OnClassCondition)
      - found 'session' scope (OnWebApplicationCondition)

   DispatcherServletAutoConfiguration.DispatcherServletConfiguration matched:
      - @ConditionalOnClass found required class 'jakarta.servlet.ServletRegistration' (OnClassCondition)
      - Default DispatcherServlet did not find dispatcher servlet beans (DispatcherServletAutoConfiguration.DefaultDispatcherServletCondition)

   DispatcherServletAutoConfiguration.DispatcherServletRegistrationConfiguration matched:
      - @ConditionalOnClass found required class 'jakarta.servlet.ServletRegistration' (OnClassCondition)
      - DispatcherServlet Registration did not find servlet registration bean (DispatcherServletAutoConfiguration.DispatcherServletRegistrationCondition)

   DispatcherServletAutoConfiguration.DispatcherServletRegistrationConfiguration#dispatcherServletRegistration matched:
      - @ConditionalOnBean (names: dispatcherServlet types: org.springframework.web.servlet.DispatcherServlet; SearchStrategy: all) found bean 'dispatcherServlet' (OnBeanCondition)

   ErrorMvcAutoConfiguration matched:
      - @ConditionalOnClass found required classes 'jakarta.servlet.Servlet', 'org.springframework.web.servlet.DispatcherServlet' (OnClassCondition)
      - found 'session' scope (OnWebApplicationCondition)

   ErrorMvcAutoConfiguration#basicErrorController matched:
      - @ConditionalOnMissingBean (types: org.springframework.boot.webmvc.error.ErrorController; SearchStrategy: current) did not find any beans (OnBeanCondition)

   ErrorMvcAutoConfiguration#errorAttributes matched:
      - @ConditionalOnMissingBean (types: org.springframework.boot.webmvc.error.ErrorAttributes; SearchStrategy: current) did not find any beans (OnBeanCondition)

   ErrorMvcAutoConfiguration.DefaultErrorViewResolverConfiguration#conventionErrorViewResolver matched:
      - @ConditionalOnBean (types: org.springframework.web.servlet.DispatcherServlet; SearchStrategy: all) found bean 'dispatcherServlet'; @ConditionalOnMissingBean (types: org.springframework.boot.webmvc.autoconfigure.error.ErrorViewResolver; SearchStrategy: all) did not find any beans (OnBeanCondition)

   ErrorMvcAutoConfiguration.WhitelabelErrorViewConfiguration matched:
      - @ConditionalOnBooleanProperty (spring.web.error.whitelabel.enabled=true) matched (OnPropertyCondition)
      - ErrorTemplate Missing did not find error template view (ErrorMvcAutoConfiguration.ErrorTemplateMissingCondition)

   ErrorMvcAutoConfiguration.WhitelabelErrorViewConfiguration#beanNameViewResolver matched:
      - @ConditionalOnMissingBean (types: org.springframework.web.servlet.view.BeanNameViewResolver; SearchStrategy: all) did not find any beans (OnBeanCondition)

   ErrorMvcAutoConfiguration.WhitelabelErrorViewConfiguration#defaultErrorView matched:
      - @ConditionalOnMissingBean (names: error; SearchStrategy: all) did not find any beans (OnBeanCondition)

   HibernateJpaAutoConfiguration matched:
      - @ConditionalOnClass found required classes 'org.springframework.orm.jpa.LocalContainerEntityManagerFactoryBean', 'jakarta.persistence.EntityManager', 'org.hibernate.engine.spi.SessionImplementor' (OnClassCondition)

   HibernateJpaConfiguration matched:
      - @ConditionalOnSingleCandidate (types: javax.sql.DataSource; SearchStrategy: all) found a single bean 'dataSource' (OnBeanCondition)

   HttpEncodingAutoConfiguration matched:
      - @ConditionalOnClass found required class 'org.springframework.web.filter.CharacterEncodingFilter' (OnClassCondition)
      - found 'session' scope (OnWebApplicationCondition)
      - @ConditionalOnBooleanProperty (spring.servlet.encoding.enabled=true) matched (OnPropertyCondition)

   HttpEncodingAutoConfiguration#characterEncodingFilter matched:
      - @ConditionalOnMissingBean (types: org.springframework.web.filter.CharacterEncodingFilter; SearchStrategy: all) did not find any beans (OnBeanCondition)

   HttpMessageConvertersAutoConfiguration matched:
      - @ConditionalOnClass found required class 'org.springframework.http.converter.HttpMessageConverter' (OnClassCondition)
      - NoneNestedConditions 0 matched 1 did not; NestedCondition on HttpMessageConvertersAutoConfiguration.NotReactiveWebApplicationCondition.ReactiveWebApplication did not find reactive web application classes (HttpMessageConvertersAutoConfiguration.NotReactiveWebApplicationCondition)

   HttpMessageConvertersAutoConfiguration.StringHttpMessageConverterConfiguration#stringHttpMessageConvertersCustomizer matched:
      - @ConditionalOnMissingBean (types: org.springframework.http.converter.StringHttpMessageConverter; SearchStrategy: all) did not find any beans (OnBeanCondition)

   JacksonAutoConfiguration matched:
      - @ConditionalOnClass found required class 'tools.jackson.databind.json.JsonMapper' (OnClassCondition)

   JacksonAutoConfiguration#jacksonJsonMapper matched:
      - @ConditionalOnMissingBean (types: tools.jackson.databind.json.JsonMapper; SearchStrategy: all) did not find any beans (OnBeanCondition)

   JacksonAutoConfiguration#jsonMapperBuilder matched:
      - @ConditionalOnMissingBean (types: tools.jackson.databind.json.JsonMapper$Builder; SearchStrategy: all) did not find any beans (OnBeanCondition)

   JacksonAutoConfiguration.JsonProblemDetailsConfiguration matched:
      - @ConditionalOnClass found required class 'org.springframework.http.ProblemDetail' (OnClassCondition)

   JacksonHttpMessageConvertersConfiguration.JacksonJsonHttpMessageConverterConfiguration matched:
      - @ConditionalOnClass found required class 'tools.jackson.databind.json.JsonMapper' (OnClassCondition)
      - @ConditionalOnProperty (spring.http.converters.preferred-json-mapper=jackson) matched (OnPropertyCondition)
      - @ConditionalOnBean (types: tools.jackson.databind.json.JsonMapper; SearchStrategy: all) found bean 'jacksonJsonMapper' (OnBeanCondition)

   JacksonHttpMessageConvertersConfiguration.JacksonJsonHttpMessageConverterConfiguration#jacksonJsonHttpMessageConvertersCustomizer matched:
      - @ConditionalOnMissingBean (types: org.springframework.http.converter.json.JacksonJsonHttpMessageConverter ignored: org.springframework.hateoas.server.mvc.TypeConstrainedJacksonJsonHttpMessageConverter,org.springframework.data.rest.webmvc.alps.AlpsJacksonJsonHttpMessageConverter; SearchStrategy: all) did not find any beans (OnBeanCondition)

   JdbcClientAutoConfiguration matched:
      - @ConditionalOnSingleCandidate (types: org.springframework.jdbc.core.namedparam.NamedParameterJdbcTemplate; SearchStrategy: all) found a single bean 'namedParameterJdbcTemplate'; @ConditionalOnMissingBean (types: org.springframework.jdbc.core.simple.JdbcClient; SearchStrategy: all) did not find any beans (OnBeanCondition)

   JdbcTemplateAutoConfiguration matched:
      - @ConditionalOnClass found required classes 'javax.sql.DataSource', 'org.springframework.jdbc.core.JdbcTemplate' (OnClassCondition)
      - @ConditionalOnSingleCandidate (types: javax.sql.DataSource; SearchStrategy: all) found a single bean 'dataSource' (OnBeanCondition)

   JdbcTemplateConfiguration matched:
      - @ConditionalOnMissingBean (types: org.springframework.jdbc.core.JdbcOperations; SearchStrategy: all) did not find any beans (OnBeanCondition)

   JpaBaseConfiguration#entityManagerFactory matched:
      - @ConditionalOnMissingBean (types: org.springframework.orm.jpa.LocalContainerEntityManagerFactoryBean,jakarta.persistence.EntityManagerFactory; SearchStrategy: all) did not find any beans (OnBeanCondition)

   JpaBaseConfiguration#entityManagerFactoryBuilder matched:
      - @ConditionalOnMissingBean (types: org.springframework.boot.jpa.EntityManagerFactoryBuilder; SearchStrategy: all) did not find any beans (OnBeanCondition)

   JpaBaseConfiguration#jpaVendorAdapter matched:
      - @ConditionalOnMissingBean (types: org.springframework.orm.jpa.JpaVendorAdapter; SearchStrategy: all) did not find any beans (OnBeanCondition)

   JpaBaseConfiguration#transactionManager matched:
      - @ConditionalOnMissingBean (types: org.springframework.transaction.TransactionManager; SearchStrategy: all) did not find any beans (OnBeanCondition)

   JpaBaseConfiguration.JpaWebConfiguration matched:
      - @ConditionalOnClass found required class 'org.springframework.web.servlet.config.annotation.WebMvcConfigurer' (OnClassCondition)
      - found 'session' scope (OnWebApplicationCondition)
      - @ConditionalOnBooleanProperty (spring.jpa.open-in-view=true) matched (OnPropertyCondition)
      - @ConditionalOnMissingBean (types: org.springframework.orm.jpa.support.OpenEntityManagerInViewInterceptor,org.springframework.orm.jpa.support.OpenEntityManagerInViewFilter; SearchStrategy: all) did not find any beans (OnBeanCondition)

   JpaBaseConfiguration.PersistenceManagedTypesConfiguration matched:
      - @ConditionalOnMissingBean (types: org.springframework.orm.jpa.LocalContainerEntityManagerFactoryBean,jakarta.persistence.EntityManagerFactory; SearchStrategy: all) did not find any beans (OnBeanCondition)

   JpaBaseConfiguration.PersistenceManagedTypesConfiguration#persistenceManagedTypes matched:
      - @ConditionalOnMissingBean (types: org.springframework.orm.jpa.persistenceunit.PersistenceManagedTypes; SearchStrategy: all) did not find any beans (OnBeanCondition)

   JtaAutoConfiguration matched:
      - @ConditionalOnClass found required class 'jakarta.transaction.Transaction' (OnClassCondition)
      - @ConditionalOnBooleanProperty (spring.jta.enabled=true) matched (OnPropertyCondition)

   LifecycleAutoConfiguration#defaultLifecycleProcessor matched:
      - @ConditionalOnMissingBean (names: lifecycleProcessor; SearchStrategy: current) did not find any beans (OnBeanCondition)

   MultipartAutoConfiguration matched:
      - @ConditionalOnClass found required classes 'jakarta.servlet.Servlet', 'org.springframework.web.multipart.support.StandardServletMultipartResolver', 'jakarta.servlet.MultipartConfigElement' (OnClassCondition)
      - found 'session' scope (OnWebApplicationCondition)
      - @ConditionalOnBooleanProperty (spring.servlet.multipart.enabled=true) matched (OnPropertyCondition)

   MultipartAutoConfiguration#multipartConfigElement matched:
      - @ConditionalOnMissingBean (types: jakarta.servlet.MultipartConfigElement; SearchStrategy: all) did not find any beans (OnBeanCondition)

   MultipartAutoConfiguration#multipartResolver matched:
      - @ConditionalOnMissingBean (types: org.springframework.web.multipart.MultipartResolver; SearchStrategy: all) did not find any beans (OnBeanCondition)

   NamedParameterJdbcTemplateConfiguration matched:
      - @ConditionalOnSingleCandidate (types: org.springframework.jdbc.core.JdbcTemplate; SearchStrategy: all) found a single bean 'jdbcTemplate'; @ConditionalOnMissingBean (types: org.springframework.jdbc.core.namedparam.NamedParameterJdbcOperations; SearchStrategy: all) did not find any beans (OnBeanCondition)

   PersistenceExceptionTranslationAutoConfiguration matched:
      - @ConditionalOnClass found required class 'org.springframework.dao.annotation.PersistenceExceptionTranslationPostProcessor' (OnClassCondition)

   PersistenceExceptionTranslationAutoConfiguration#persistenceExceptionTranslationPostProcessor matched:
      - @ConditionalOnBooleanProperty (spring.persistence.exceptiontranslation.enabled=true) matched (OnPropertyCondition)
      - @ConditionalOnMissingBean (types: org.springframework.dao.annotation.PersistenceExceptionTranslationPostProcessor; SearchStrategy: all) did not find any beans (OnBeanCondition)

   PropertyPlaceholderAutoConfiguration#propertySourcesPlaceholderConfigurer matched:
      - @ConditionalOnMissingBean (types: org.springframework.context.support.PropertySourcesPlaceholderConfigurer; SearchStrategy: current) did not find any beans (OnBeanCondition)

   SslAutoConfiguration#sslBundleRegistry matched:
      - @ConditionalOnMissingBean (types: org.springframework.boot.ssl.SslBundleRegistry,org.springframework.boot.ssl.SslBundles; SearchStrategy: all) did not find any beans (OnBeanCondition)

   TaskExecutionAutoConfiguration matched:
      - @ConditionalOnClass found required class 'org.springframework.scheduling.concurrent.ThreadPoolTaskExecutor' (OnClassCondition)

   TaskExecutorConfigurations.AsyncConfigurerConfiguration matched:
      - @ConditionalOnMissingBean (types: org.springframework.scheduling.annotation.AsyncConfigurer; SearchStrategy: all) did not find any beans (OnBeanCondition)

   TaskExecutorConfigurations.SimpleAsyncTaskExecutorBuilderConfiguration#simpleAsyncTaskExecutorBuilder matched:
      - @ConditionalOnMissingBean (types: org.springframework.boot.task.SimpleAsyncTaskExecutorBuilder; SearchStrategy: all) did not find any beans (OnBeanCondition)
      - @ConditionalOnThreading found PLATFORM (OnThreadingCondition)

   TaskExecutorConfigurations.TaskExecutorConfiguration matched:
      - AnyNestedCondition 1 matched 1 did not; NestedCondition on TaskExecutorConfigurations.OnExecutorCondition.ModelCondition @ConditionalOnProperty (spring.task.execution.mode=force) did not find property 'spring.task.execution.mode'; NestedCondition on TaskExecutorConfigurations.OnExecutorCondition.ExecutorBeanCondition @ConditionalOnMissingBean (types: java.util.concurrent.Executor; SearchStrategy: all) did not find any beans (TaskExecutorConfigurations.OnExecutorCondition)

   TaskExecutorConfigurations.TaskExecutorConfiguration#applicationTaskExecutor matched:
      - @ConditionalOnThreading found PLATFORM (OnThreadingCondition)

   TaskExecutorConfigurations.ThreadPoolTaskExecutorBuilderConfiguration#threadPoolTaskExecutorBuilder matched:
      - @ConditionalOnMissingBean (types: org.springframework.boot.task.ThreadPoolTaskExecutorBuilder; SearchStrategy: all) did not find any beans (OnBeanCondition)

   TaskSchedulingAutoConfiguration matched:
      - @ConditionalOnClass found required class 'org.springframework.scheduling.concurrent.ThreadPoolTaskScheduler' (OnClassCondition)

   TaskSchedulingConfigurations.SimpleAsyncTaskSchedulerBuilderConfiguration#simpleAsyncTaskSchedulerBuilder matched:
      - @ConditionalOnThreading found PLATFORM (OnThreadingCondition)
      - @ConditionalOnMissingBean (types: org.springframework.boot.task.SimpleAsyncTaskSchedulerBuilder; SearchStrategy: all) did not find any beans (OnBeanCondition)

   TaskSchedulingConfigurations.ThreadPoolTaskSchedulerBuilderConfiguration#threadPoolTaskSchedulerBuilder matched:
      - @ConditionalOnMissingBean (types: org.springframework.boot.task.ThreadPoolTaskSchedulerBuilder; SearchStrategy: all) did not find any beans (OnBeanCondition)

   TomcatServletWebServerAutoConfiguration matched:
      - @ConditionalOnClass found required classes 'jakarta.servlet.ServletRequest', 'org.apache.catalina.startup.Tomcat', 'org.apache.coyote.UpgradeProtocol', 'org.springframework.boot.tomcat.servlet.TomcatServletWebServerFactory' (OnClassCondition)
      - found 'session' scope (OnWebApplicationCondition)

   TomcatServletWebServerAutoConfiguration#tomcatServletWebServerFactory matched:
      - @ConditionalOnMissingBean (types: org.springframework.boot.web.server.servlet.ServletWebServerFactory; SearchStrategy: current) did not find any beans (OnBeanCondition)

   TransactionAutoConfiguration matched:
      - @ConditionalOnClass found required class 'org.springframework.transaction.PlatformTransactionManager' (OnClassCondition)

   TransactionAutoConfiguration.EnableTransactionManagementConfiguration matched:
      - @ConditionalOnBean (types: org.springframework.transaction.TransactionManager; SearchStrategy: all) found bean 'transactionManager'; @ConditionalOnMissingBean (types: org.springframework.transaction.annotation.AbstractTransactionManagementConfiguration; SearchStrategy: all) did not find any beans (OnBeanCondition)

   TransactionAutoConfiguration.EnableTransactionManagementConfiguration.CglibAutoProxyConfiguration matched:
      - @ConditionalOnBooleanProperty (spring.aop.proxy-target-class=true) matched (OnPropertyCondition)

   TransactionAutoConfiguration.TransactionTemplateConfiguration matched:
      - @ConditionalOnSingleCandidate (types: org.springframework.transaction.PlatformTransactionManager; SearchStrategy: all) found a single bean 'transactionManager' (OnBeanCondition)

   TransactionAutoConfiguration.TransactionTemplateConfiguration#transactionTemplate matched:
      - @ConditionalOnMissingBean (types: org.springframework.transaction.support.TransactionOperations; SearchStrategy: all) did not find any beans (OnBeanCondition)

   TransactionManagerCustomizationAutoConfiguration matched:
      - @ConditionalOnClass found required class 'org.springframework.transaction.PlatformTransactionManager' (OnClassCondition)

   TransactionManagerCustomizationAutoConfiguration#platformTransactionManagerCustomizers matched:
      - @ConditionalOnMissingBean (types: org.springframework.boot.transaction.autoconfigure.TransactionManagerCustomizers; SearchStrategy: all) did not find any beans (OnBeanCondition)

   WebMvcAutoConfiguration matched:
      - @ConditionalOnClass found required classes 'jakarta.servlet.Servlet', 'org.springframework.web.servlet.DispatcherServlet', 'org.springframework.web.servlet.config.annotation.WebMvcConfigurer' (OnClassCondition)
      - found 'session' scope (OnWebApplicationCondition)
      - @ConditionalOnMissingBean (types: org.springframework.web.servlet.config.annotation.WebMvcConfigurationSupport; SearchStrategy: all) did not find any beans (OnBeanCondition)

   WebMvcAutoConfiguration#formContentFilter matched:
      - @ConditionalOnBooleanProperty (spring.mvc.formcontent.filter.enabled=true) matched (OnPropertyCondition)
      - @ConditionalOnMissingBean (types: org.springframework.web.filter.FormContentFilter; SearchStrategy: all) did not find any beans (OnBeanCondition)

   WebMvcAutoConfiguration.EnableWebMvcConfiguration#flashMapManager matched:
      - @ConditionalOnMissingBean (names: flashMapManager; SearchStrategy: all) did not find any beans (OnBeanCondition)

   WebMvcAutoConfiguration.EnableWebMvcConfiguration#localeResolver matched:
      - @ConditionalOnMissingBean (names: localeResolver; SearchStrategy: all) did not find any beans (OnBeanCondition)

   WebMvcAutoConfiguration.EnableWebMvcConfiguration#viewNameTranslator matched:
      - @ConditionalOnMissingBean (names: viewNameTranslator; SearchStrategy: all) did not find any beans (OnBeanCondition)

   WebMvcAutoConfiguration.WebMvcAutoConfigurationAdapter#defaultViewResolver matched:
      - @ConditionalOnMissingBean (types: org.springframework.web.servlet.view.InternalResourceViewResolver; SearchStrategy: all) did not find any beans (OnBeanCondition)

   WebMvcAutoConfiguration.WebMvcAutoConfigurationAdapter#requestContextFilter matched:
      - @ConditionalOnMissingBean (types: org.springframework.web.context.request.RequestContextListener,org.springframework.web.filter.RequestContextFilter; SearchStrategy: all) did not find any beans (OnBeanCondition)

   WebMvcAutoConfiguration.WebMvcAutoConfigurationAdapter#viewResolver matched:
      - @ConditionalOnBean (types: org.springframework.web.servlet.ViewResolver; SearchStrategy: all) found beans 'defaultViewResolver', 'beanNameViewResolver', 'mvcViewResolver'; @ConditionalOnMissingBean (names: viewResolver types: org.springframework.web.servlet.view.ContentNegotiatingViewResolver; SearchStrategy: all) did not find any beans (OnBeanCondition)


Negative matches:
-----------------

   AopAutoConfiguration.AspectJAutoProxyingConfiguration.JdkDynamicAutoProxyConfiguration:
      Did not match:
         - @ConditionalOnBooleanProperty (spring.aop.proxy-target-class=false) did not find property 'spring.aop.proxy-target-class' (OnPropertyCondition)

   AopAutoConfiguration.ClassProxyingConfiguration:
      Did not match:
         - @ConditionalOnMissingClass found unwanted class 'org.aspectj.weaver.Advice' (OnClassCondition)

   DataJpaRepositoriesAutoConfiguration#entityManagerFactoryBootstrapExecutorCustomizer:
      Did not match:
         - AnyNestedCondition 0 matched 2 did not; NestedCondition on DataJpaRepositoriesAutoConfiguration.BootstrapExecutorCondition.LazyBootstrapMode @ConditionalOnProperty (spring.data.jpa.repositories.bootstrap-mode=lazy) did not find property 'spring.data.jpa.repositories.bootstrap-mode'; NestedCondition on DataJpaRepositoriesAutoConfiguration.BootstrapExecutorCondition.DeferredBootstrapMode @ConditionalOnProperty (spring.data.jpa.repositories.bootstrap-mode=deferred) did not find property 'spring.data.jpa.repositories.bootstrap-mode' (DataJpaRepositoriesAutoConfiguration.BootstrapExecutorCondition)

   DataRepositoryMetricsAutoConfiguration:
      Did not match:
         - @ConditionalOnBean did not find required type 'io.micrometer.core.instrument.MeterRegistry' (OnBeanCondition)

   DataSourceAutoConfiguration.EmbeddedDatabaseConfiguration:
      Did not match:
         - EmbeddedDataSource spring.datasource.url is set (DataSourceAutoConfiguration.EmbeddedDatabaseCondition)

   DataSourceCheckpointRestoreConfiguration:
      Did not match:
         - @ConditionalOnClass did not find required class 'org.crac.Resource' (OnClassCondition)

   DataSourceConfiguration.Dbcp2:
      Did not match:
         - @ConditionalOnClass did not find required class 'org.apache.commons.dbcp2.BasicDataSource' (OnClassCondition)

   DataSourceConfiguration.Generic:
      Did not match:
         - @ConditionalOnProperty (spring.datasource.type) did not find property 'spring.datasource.type' (OnPropertyCondition)

   DataSourceConfiguration.OracleUcp:
      Did not match:
         - @ConditionalOnClass did not find required classes 'oracle.ucp.jdbc.PoolDataSourceImpl', 'oracle.jdbc.OracleConnection' (OnClassCondition)

   DataSourceConfiguration.Tomcat:
      Did not match:
         - @ConditionalOnClass did not find required class 'org.apache.tomcat.jdbc.pool.DataSource' (OnClassCondition)

   DataSourceHealthContributorAutoConfiguration:
      Did not match:
         - @ConditionalOnClass did not find required class 'org.springframework.boot.health.autoconfigure.contributor.ConditionalOnEnabledHealthIndicator' (OnClassCondition)

   DataSourceJmxConfiguration:
      Did not match:
         - @ConditionalOnBooleanProperty (spring.jmx.enabled=true) found different value in property 'spring.jmx.enabled' (OnPropertyCondition)

   DataSourcePoolMetadataProvidersConfiguration.CommonsDbcp2PoolDataSourceMetadataProviderConfiguration:
      Did not match:
         - @ConditionalOnClass did not find required class 'org.apache.commons.dbcp2.BasicDataSource' (OnClassCondition)

   DataSourcePoolMetadataProvidersConfiguration.OracleUcpPoolDataSourceMetadataProviderConfiguration:
      Did not match:
         - @ConditionalOnClass did not find required classes 'oracle.ucp.jdbc.PoolDataSource', 'oracle.jdbc.OracleConnection' (OnClassCondition)

   DataSourcePoolMetadataProvidersConfiguration.TomcatDataSourcePoolMetadataProviderConfiguration:
      Did not match:
         - @ConditionalOnClass did not find required class 'org.apache.tomcat.jdbc.pool.DataSource' (OnClassCondition)

   DataSourcePoolMetricsAutoConfiguration:
      Did not match:
         - @ConditionalOnClass did not find required class 'io.micrometer.core.instrument.MeterRegistry' (OnClassCondition)

   DataSourceTransactionManagerAutoConfiguration.JdbcTransactionManagerConfiguration#transactionManager:
      Did not match:
         - @ConditionalOnMissingBean (types: org.springframework.transaction.TransactionManager; SearchStrategy: all) found beans of type 'org.springframework.transaction.TransactionManager' transactionManager (OnBeanCondition)

   DevToolsDataSourceAutoConfiguration:
      Did not match:
         - Devtools devtools is disabled for current context. (OnEnabledDevToolsCondition)
      Matched:
         - @ConditionalOnClass found required class 'javax.sql.DataSource' (OnClassCondition)

   DevToolsR2dbcAutoConfiguration:
      Did not match:
         - @ConditionalOnClass did not find required class 'io.r2dbc.spi.ConnectionFactory' (OnClassCondition)

   DispatcherServletAutoConfiguration.DispatcherServletConfiguration#multipartResolver:
      Did not match:
         - @ConditionalOnBean (types: org.springframework.web.multipart.MultipartResolver; SearchStrategy: all) did not find any beans of type org.springframework.web.multipart.MultipartResolver (OnBeanCondition)

   GsonHttpMessageConvertersConfiguration:
      Did not match:
         - @ConditionalOnClass did not find required class 'com.google.gson.Gson' (OnClassCondition)

   HibernateMetricsAutoConfiguration:
      Did not match:
         - @ConditionalOnClass did not find required class 'io.micrometer.core.instrument.MeterRegistry' (OnClassCondition)

   Jackson2HttpMessageConvertersConfiguration.MappingJackson2HttpMessageConverterConfiguration:
      Did not match:
         - @ConditionalOnClass did not find required class 'com.fasterxml.jackson.databind.ObjectMapper' (OnClassCondition)

   Jackson2HttpMessageConvertersConfiguration.MappingJackson2XmlHttpMessageConverterConfiguration:
      Did not match:
         - @ConditionalOnClass did not find required class 'tools.jackson.dataformat.xml.XmlMapper' (OnClassCondition)

   JacksonAutoConfiguration.CborConfiguration:
      Did not match:
         - @ConditionalOnClass did not find required class 'tools.jackson.dataformat.cbor.CBORMapper' (OnClassCondition)

   JacksonAutoConfiguration.XmlConfiguration:
      Did not match:
         - @ConditionalOnClass did not find required class 'tools.jackson.dataformat.xml.XmlMapper' (OnClassCondition)

   JacksonHttpMessageConvertersConfiguration.JacksonXmlHttpMessageConverterConfiguration:
      Did not match:
         - @ConditionalOnClass did not find required class 'tools.jackson.dataformat.xml.XmlMapper' (OnClassCondition)

   JmxAutoConfiguration:
      Did not match:
         - @ConditionalOnBooleanProperty (spring.jmx.enabled=true) found different value in property 'spring.jmx.enabled' (OnPropertyCondition)
      Matched:
         - @ConditionalOnClass found required class 'org.springframework.jmx.export.MBeanExporter' (OnClassCondition)

   JndiDataSourceAutoConfiguration:
      Did not match:
         - @ConditionalOnProperty (spring.datasource.jndi-name) did not find property 'spring.datasource.jndi-name' (OnPropertyCondition)
      Matched:
         - @ConditionalOnClass found required classes 'javax.sql.DataSource', 'org.springframework.jdbc.datasource.embedded.EmbeddedDatabaseType' (OnClassCondition)

   JndiJtaConfiguration:
      Did not match:
         - @ConditionalOnJndi JNDI environment is not available (OnJndiCondition)
      Matched:
         - @ConditionalOnClass found required class 'org.springframework.transaction.jta.JtaTransactionManager' (OnClassCondition)

   JsonbHttpMessageConvertersConfiguration:
      Did not match:
         - @ConditionalOnClass did not find required class 'jakarta.json.bind.Jsonb' (OnClassCondition)

   KotlinSerializationHttpMessageConvertersConfiguration:
      Did not match:
         - @ConditionalOnClass did not find required classes 'kotlinx.serialization.Serializable', 'kotlinx.serialization.json.Json' (OnClassCondition)

   LocalDevToolsAutoConfiguration:
      Did not match:
         - Initialized Restarter Condition initialized without URLs (OnInitializedRestarterCondition)

   MessageSourceAutoConfiguration:
      Did not match:
         - ResourceBundle did not find bundle with basename messages (MessageSourceAutoConfiguration.ResourceBundleCondition)

   ProjectInfoAutoConfiguration#buildProperties:
      Did not match:
         - @ConditionalOnResource did not find resource '${spring.info.build.location:classpath:META-INF/build-info.properties}' (OnResourceCondition)

   ProjectInfoAutoConfiguration#gitProperties:
      Did not match:
         - GitResource did not find git info at classpath:git.properties (ProjectInfoAutoConfiguration.GitResourceAvailableCondition)

   RemoteDevToolsAutoConfiguration:
      Did not match:
         - @ConditionalOnProperty (spring.devtools.remote.secret) did not find property 'spring.devtools.remote.secret' (OnPropertyCondition)
      Matched:
         - @ConditionalOnClass found required classes 'jakarta.servlet.Filter', 'org.springframework.http.server.ServerHttpRequest', 'org.springframework.boot.web.server.autoconfigure.ServerProperties' (OnClassCondition)

   ServletHttpExchangesAutoConfiguration:
      Did not match:
         - @ConditionalOnBean did not find required type 'org.springframework.boot.actuate.web.exchanges.HttpExchangeRepository' (OnBeanCondition)

   ServletManagementContextAutoConfiguration:
      Did not match:
         - @ConditionalOnClass did not find required class 'org.springframework.boot.actuate.autoconfigure.endpoint.web.WebEndpointProperties' (OnClassCondition)

   ServletMappingsAutoConfiguration:
      Did not match:
         - @ConditionalOnClass did not find required class 'org.springframework.boot.actuate.autoconfigure.endpoint.condition.ConditionalOnAvailableEndpoint' (OnClassCondition)

   ServletWebServerConfiguration#forwardedHeaderFilter:
      Did not match:
         - @ConditionalOnProperty (server.forward-headers-strategy=framework) did not find property 'server.forward-headers-strategy' (OnPropertyCondition)

   SpringApplicationAdminJmxAutoConfiguration:
      Did not match:
         - @ConditionalOnBooleanProperty (spring.application.admin.enabled=true) did not find property 'spring.application.admin.enabled' (OnPropertyCondition)

   TaskExecutorConfigurations.AsyncConfigurerWrapperConfiguration:
      Did not match:
         - @ConditionalOnBean (types: org.springframework.scheduling.annotation.AsyncConfigurer; SearchStrategy: all) did not find any beans of type org.springframework.scheduling.annotation.AsyncConfigurer (OnBeanCondition)

   TaskExecutorConfigurations.SimpleAsyncTaskExecutorBuilderConfiguration#simpleAsyncTaskExecutorBuilderVirtualThreads:
      Did not match:
         - @ConditionalOnMissingBean (types: org.springframework.boot.task.SimpleAsyncTaskExecutorBuilder; SearchStrategy: all) found beans of type 'org.springframework.boot.task.SimpleAsyncTaskExecutorBuilder' simpleAsyncTaskExecutorBuilder (OnBeanCondition)

   TaskExecutorConfigurations.TaskExecutorConfiguration#applicationTaskExecutorVirtualThreads:
      Did not match:
         - @ConditionalOnThreading did not find VIRTUAL (OnThreadingCondition)

   TaskSchedulingAutoConfiguration#scheduledBeanLazyInitializationExcludeFilter:
      Did not match:
         - @ConditionalOnBean (names: org.springframework.scheduling.config.internalScheduledAnnotationProcessor; SearchStrategy: all) did not find any beans named org.springframework.scheduling.config.internalScheduledAnnotationProcessor (OnBeanCondition)

   TaskSchedulingConfigurations.SimpleAsyncTaskSchedulerBuilderConfiguration#simpleAsyncTaskSchedulerBuilderVirtualThreads:
      Did not match:
         - @ConditionalOnMissingBean (types: org.springframework.boot.task.SimpleAsyncTaskSchedulerBuilder; SearchStrategy: all) found beans of type 'org.springframework.boot.task.SimpleAsyncTaskSchedulerBuilder' simpleAsyncTaskSchedulerBuilder (OnBeanCondition)

   TaskSchedulingConfigurations.TaskSchedulerConfiguration:
      Did not match:
         - @ConditionalOnBean (names: org.springframework.scheduling.config.internalScheduledAnnotationProcessor; SearchStrategy: all) did not find any beans named org.springframework.scheduling.config.internalScheduledAnnotationProcessor (OnBeanCondition)

   TomcatMetricsAutoConfiguration:
      Did not match:
         - @ConditionalOnClass did not find required class 'io.micrometer.core.instrument.binder.tomcat.TomcatMetrics' (OnClassCondition)

   TomcatReactiveManagementContextAutoConfiguration:
      Did not match:
         - @ConditionalOnClass did not find required class 'org.springframework.boot.actuate.autoconfigure.web.server.ManagementContextFactory' (OnClassCondition)

   TomcatReactiveWebServerAutoConfiguration:
      Did not match:
         - @ConditionalOnWebApplication did not find reactive web application classes (OnWebApplicationCondition)

   TomcatServletManagementContextAutoConfiguration:
      Did not match:
         - @ConditionalOnClass did not find required class 'org.springframework.boot.actuate.autoconfigure.web.server.ManagementContextFactory' (OnClassCondition)

   TomcatServletWebServerAutoConfiguration#tomcatForwardedHeaderFilterCustomizer:
      Did not match:
         - @ConditionalOnProperty (server.forward-headers-strategy=framework) did not find property 'server.forward-headers-strategy' (OnPropertyCondition)

   TomcatWebServerConfiguration:
      Did not match:
         - Application is deployed as a WAR file. (OnWarDeploymentCondition)

   TransactionAutoConfiguration#transactionalOperator:
      Did not match:
         - @ConditionalOnSingleCandidate (types: org.springframework.transaction.ReactiveTransactionManager; SearchStrategy: all) did not find any beans (OnBeanCondition)

   TransactionAutoConfiguration.AspectJTransactionManagementConfiguration:
      Did not match:
         - @ConditionalOnBean (types: org.springframework.transaction.aspectj.AbstractTransactionAspect; SearchStrategy: all) did not find any beans of type org.springframework.transaction.aspectj.AbstractTransactionAspect (OnBeanCondition)

   TransactionAutoConfiguration.EnableTransactionManagementConfiguration.JdkDynamicAutoProxyConfiguration:
      Did not match:
         - @ConditionalOnBooleanProperty (spring.aop.proxy-target-class=false) did not find property 'spring.aop.proxy-target-class' (OnPropertyCondition)

   WebMvcAutoConfiguration#hiddenHttpMethodFilter:
      Did not match:
         - @ConditionalOnBooleanProperty (spring.mvc.hiddenmethod.filter.enabled=true) did not find property 'spring.mvc.hiddenmethod.filter.enabled' (OnPropertyCondition)

   WebMvcAutoConfiguration.ProblemDetailsErrorHandlingConfiguration:
      Did not match:
         - @ConditionalOnBooleanProperty (spring.mvc.problemdetails.enabled=true) did not find property 'spring.mvc.problemdetails.enabled' (OnPropertyCondition)

   WebMvcAutoConfiguration.ResourceChainCustomizerConfiguration:
      Did not match:
         - @ConditionalOnEnabledResourceChain did not find class org.webjars.WebJarVersionLocator (OnEnabledResourceChainCondition)

   WebMvcAutoConfiguration.WebMvcAutoConfigurationAdapter#beanNameViewResolver:
      Did not match:
         - @ConditionalOnMissingBean (types: org.springframework.web.servlet.view.BeanNameViewResolver; SearchStrategy: all) found beans of type 'org.springframework.web.servlet.view.BeanNameViewResolver' beanNameViewResolver (OnBeanCondition)

   WebMvcHealthEndpointExtensionAutoConfiguration:
      Did not match:
         - @ConditionalOnClass did not find required class 'org.springframework.boot.health.actuate.endpoint.HealthEndpoint' (OnClassCondition)

   WebMvcMappingsAutoConfiguration:
      Did not match:
         - @ConditionalOnClass did not find required class 'org.springframework.boot.actuate.autoconfigure.endpoint.condition.ConditionalOnAvailableEndpoint' (OnClassCondition)

   WebMvcObservationAutoConfiguration:
      Did not match:
         - @ConditionalOnClass did not find required class 'org.springframework.boot.micrometer.observation.autoconfigure.ObservationProperties' (OnClassCondition)

   XADataSourceAutoConfiguration:
      Did not match:
         - @ConditionalOnBean (types: org.springframework.boot.jdbc.XADataSourceWrapper; SearchStrategy: all) did not find any beans of type org.springframework.boot.jdbc.XADataSourceWrapper (OnBeanCondition)
      Matched:
         - @ConditionalOnClass found required classes 'javax.sql.DataSource', 'jakarta.transaction.TransactionManager', 'org.springframework.jdbc.datasource.embedded.EmbeddedDatabaseType' (OnClassCondition)


Exclusions:
-----------

    None


Unconditional classes:
----------------------

    org.springframework.boot.autoconfigure.context.ConfigurationPropertiesAutoConfiguration

    org.springframework.boot.autoconfigure.ssl.SslAutoConfiguration

    org.springframework.boot.autoconfigure.context.LifecycleAutoConfiguration

    org.springframework.boot.autoconfigure.context.PropertyPlaceholderAutoConfiguration

    org.springframework.boot.autoconfigure.availability.ApplicationAvailabilityAutoConfiguration

    org.springframework.boot.autoconfigure.info.ProjectInfoAutoConfiguration



2026-04-03 20:13:35 INFO  c.s.s.p.ProdReadyFeaturesApplicationTests - Started ProdReadyFeaturesApplicationTests in 4.847 seconds (process running for 6.331)
2026-04-03 20:13:35 DEBUG o.s.b.a.ApplicationAvailabilityBean - Application availability state LivenessState changed to CORRECT
2026-04-03 20:13:35 DEBUG o.s.b.d.r.Restarter - Creating new Restarter for thread Thread[#3,main,5,main]
2026-04-03 20:13:35 DEBUG o.s.b.a.ApplicationAvailabilityBean - Application availability state ReadinessState changed to ACCEPTING_TRAFFIC
2026-04-03 20:13:35 DEBUG o.s.t.c.cache - Spring test ApplicationContext cache statistics: [DefaultContextCache@6f3d33bc size = 1, maxSize = 32, contextUsageCount = 0, parentContextCount = 0, hitCount = 0, missCount = 1, failureCount = 0]
2026-04-03 20:13:35 DEBUG o.s.t.c.w.ServletTestExecutionListener - Setting up MockHttpServletRequest, MockHttpServletResponse, ServletWebRequest, and RequestContextHolder for test class com.shikhilrane.shikhil.prod_ready_features.ProdReadyFeaturesApplicationTests
2026-04-03 20:13:35 DEBUG o.s.t.c.s.DependencyInjectionTestExecutionListener - Performing dependency injection for test class com.shikhilrane.shikhil.prod_ready_features.ProdReadyFeaturesApplicationTests
2026-04-03 20:13:35 DEBUG o.s.t.c.cache - Spring test ApplicationContext cache statistics: [DefaultContextCache@6f3d33bc size = 1, maxSize = 32, contextUsageCount = 1, parentContextCount = 0, hitCount = 1, missCount = 1, failureCount = 0]
2026-04-03 20:13:35 DEBUG o.s.t.c.cache - Spring test ApplicationContext cache statistics: [DefaultContextCache@6f3d33bc size = 1, maxSize = 32, contextUsageCount = 1, parentContextCount = 0, hitCount = 2, missCount = 1, failureCount = 0]
2026-04-03 20:13:35 DEBUG o.s.t.c.s.DirtiesContextBeforeModesTestExecutionListener - Before test method: class [ProdReadyFeaturesApplicationTests], method [getEmployeeById], class annotated with @DirtiesContext [false] with mode [null], method annotated with @DirtiesContext [false] with mode [null]
2026-04-03 20:13:35 DEBUG o.s.t.c.cache - Spring test ApplicationContext cache statistics: [DefaultContextCache@6f3d33bc size = 1, maxSize = 32, contextUsageCount = 1, parentContextCount = 0, hitCount = 3, missCount = 1, failureCount = 0]
2026-04-03 20:13:35 DEBUG o.s.t.c.cache - Spring test ApplicationContext cache statistics: [DefaultContextCache@6f3d33bc size = 1, maxSize = 32, contextUsageCount = 1, parentContextCount = 0, hitCount = 4, missCount = 1, failureCount = 0]
2026-04-03 20:13:35 DEBUG o.s.t.c.cache - Spring test ApplicationContext cache statistics: [DefaultContextCache@6f3d33bc size = 1, maxSize = 32, contextUsageCount = 1, parentContextCount = 0, hitCount = 5, missCount = 1, failureCount = 0]
2026-04-03 20:13:36 TRACE c.s.s.p.c.i.EmployeeClientImpl - Trying to fetch Employee by ID
2026-04-03 20:13:36 DEBUG o.s.w.c.DefaultRestClient - Reading to [com.shikhilrane.shikhil.prod_ready_features.advice.APIResponse<com.shikhilrane.shikhil.prod_ready_features.dto.EmployeeDto>]
2026-04-03 20:13:36 TRACE c.s.s.p.c.i.EmployeeClientImpl - Successfully retrieved the Employee in getEmployeeById for trace : EmployeeDto(id=1, name=Sumit, email=sumit@gmail.com, age=35, role=ADMIN, salary=34565, salaryHike=23.45, dateofJoining=2020-11-11, isActive=true)
2026-04-03 20:13:36 INFO  c.s.s.p.c.i.EmployeeClientImpl - Successfully retrieved the Employee in getEmployeeById, it is use to give information that our application is successfully executed
2026-04-03 20:13:36 DEBUG o.s.t.c.cache - Spring test ApplicationContext cache statistics: [DefaultContextCache@6f3d33bc size = 1, maxSize = 32, contextUsageCount = 1, parentContextCount = 0, hitCount = 6, missCount = 1, failureCount = 0]
2026-04-03 20:13:36 DEBUG o.s.t.c.cache - Spring test ApplicationContext cache statistics: [DefaultContextCache@6f3d33bc size = 1, maxSize = 32, contextUsageCount = 1, parentContextCount = 0, hitCount = 7, missCount = 1, failureCount = 0]
2026-04-03 20:13:36 DEBUG o.s.t.c.cache - Spring test ApplicationContext cache statistics: [DefaultContextCache@6f3d33bc size = 1, maxSize = 32, contextUsageCount = 1, parentContextCount = 0, hitCount = 8, missCount = 1, failureCount = 0]
2026-04-03 20:13:36 DEBUG o.s.t.c.cache - Spring test ApplicationContext cache statistics: [DefaultContextCache@6f3d33bc size = 1, maxSize = 32, contextUsageCount = 1, parentContextCount = 0, hitCount = 9, missCount = 1, failureCount = 0]
2026-04-03 20:13:36 DEBUG o.s.t.c.cache - Spring test ApplicationContext cache statistics: [DefaultContextCache@6f3d33bc size = 1, maxSize = 32, contextUsageCount = 1, parentContextCount = 0, hitCount = 10, missCount = 1, failureCount = 0]
2026-04-03 20:13:36 DEBUG o.s.t.c.s.DirtiesContextTestExecutionListener - After test method: class [ProdReadyFeaturesApplicationTests], method [getEmployeeById], class annotated with @DirtiesContext [false] with mode [null], method annotated with @DirtiesContext [false] with mode [null]
2026-04-03 20:13:36 DEBUG o.s.t.c.w.ServletTestExecutionListener - Resetting RequestContextHolder for test class com.shikhilrane.shikhil.prod_ready_features.ProdReadyFeaturesApplicationTests
2026-04-03 20:13:36 DEBUG o.s.t.c.cache - Spring test ApplicationContext cache statistics: [DefaultContextCache@6f3d33bc size = 1, maxSize = 32, contextUsageCount = 1, parentContextCount = 0, hitCount = 11, missCount = 1, failureCount = 0]
2026-04-03 20:13:36 DEBUG o.s.t.c.cache - Spring test ApplicationContext cache statistics: [DefaultContextCache@6f3d33bc size = 1, maxSize = 32, contextUsageCount = 1, parentContextCount = 0, hitCount = 12, missCount = 1, failureCount = 0]
2026-04-03 20:13:36 DEBUG o.s.t.c.s.DirtiesContextTestExecutionListener - After test class: class [ProdReadyFeaturesApplicationTests], class annotated with @DirtiesContext [false] with mode [null]
2026-04-03 20:13:36 DEBUG o.s.w.c.s.GenericWebApplicationContext - Closing org.springframework.web.context.support.GenericWebApplicationContext@49ede9c7, started on Fri Apr 03 20:13:31 IST 2026
2026-04-03 20:13:36 DEBUG o.s.c.s.DefaultLifecycleProcessor - Stopping beans in phase 1073741823
2026-04-03 20:13:36 DEBUG o.s.c.s.DefaultLifecycleProcessor - Bean 'applicationTaskExecutor' completed its stop procedure
2026-04-03 20:13:36 DEBUG o.s.c.s.DefaultLifecycleProcessor - Stopping beans in phase -2147483647
2026-04-03 20:13:36 DEBUG o.s.c.s.DefaultLifecycleProcessor - Bean 'springBootLoggingLifecycle' completed its stop procedure
2026-04-03 20:13:36 INFO  o.s.o.j.LocalContainerEntityManagerFactoryBean - Closing JPA EntityManagerFactory for persistence unit 'default'
2026-04-03 20:13:36 DEBUG o.h.o.factory - HHH90020005: Closing factory [e3919ef0-2151-492c-bde6-6aef82b24b78]
2026-04-03 20:13:36 INFO  c.z.h.HikariDataSource - HikariPool-1 - Shutdown initiated...
2026-04-03 20:13:36 DEBUG c.z.h.p.HikariPool - HikariPool-1 - Before shutdown stats (total=10/10, idle=10/10, active=0, waiting=0)
2026-04-03 20:13:36 DEBUG c.z.h.p.PoolBase - HikariPool-1 - Closing connection com.mysql.cj.jdbc.ConnectionImpl@74faf450: (connection evicted)
2026-04-03 20:13:36 DEBUG c.z.h.p.PoolBase - HikariPool-1 - Closing connection com.mysql.cj.jdbc.ConnectionImpl@7d6774d5: (connection evicted)
2026-04-03 20:13:36 DEBUG c.z.h.p.PoolBase - HikariPool-1 - Closing connection com.mysql.cj.jdbc.ConnectionImpl@1d488b9a: (connection evicted)
2026-04-03 20:13:36 DEBUG c.z.h.p.PoolBase - HikariPool-1 - Closing connection com.mysql.cj.jdbc.ConnectionImpl@19067263: (connection evicted)
2026-04-03 20:13:36 DEBUG c.z.h.p.PoolBase - HikariPool-1 - Closing connection com.mysql.cj.jdbc.ConnectionImpl@74dd995d: (connection evicted)
2026-04-03 20:13:36 DEBUG c.z.h.p.PoolBase - HikariPool-1 - Closing connection com.mysql.cj.jdbc.ConnectionImpl@7074dd3c: (connection evicted)
2026-04-03 20:13:36 DEBUG c.z.h.p.PoolBase - HikariPool-1 - Closing connection com.mysql.cj.jdbc.ConnectionImpl@387620d0: (connection evicted)
2026-04-03 20:13:36 DEBUG c.z.h.p.PoolBase - HikariPool-1 - Closing connection com.mysql.cj.jdbc.ConnectionImpl@5c376793: (connection evicted)
2026-04-03 20:13:36 DEBUG c.z.h.p.PoolBase - HikariPool-1 - Closing connection com.mysql.cj.jdbc.ConnectionImpl@35d66865: (connection evicted)
2026-04-03 20:13:36 DEBUG c.z.h.p.PoolBase - HikariPool-1 - Closing connection com.mysql.cj.jdbc.ConnectionImpl@69f6b216: (connection evicted)
2026-04-03 20:13:36 DEBUG c.z.h.p.HikariPool - HikariPool-1 - After  shutdown stats (total=0/10, idle=0/10, active=0, waiting=0)
2026-04-03 20:13:36 INFO  c.z.h.HikariDataSource - HikariPool-1 - Shutdown completed.
2026-04-03 20:13:36 DEBUG o.s.s.c.ThreadPoolTaskExecutor - Shutting down ExecutorService 'applicationTaskExecutor'
2026-04-03 20:22:59 INFO  c.s.s.p.ProdReadyFeaturesApplicationTests - Starting ProdReadyFeaturesApplicationTests using Java 25 with PID 22431 (started by shikhilrane in /Users/shikhilrane/Downloads/Programming/Git-remote-repos/Learnings/_13_Spring_Boot_CS/Spring_Boot_Learning/_04_Production_Ready_SpringBoot_Features/_05_Logging_in_Spring_Boot/prod-ready-features)
2026-04-03 20:22:59 DEBUG c.s.s.p.ProdReadyFeaturesApplicationTests - Running with Spring Boot v4.0.2, Spring v7.0.3
2026-04-03 20:22:59 INFO  c.s.s.p.ProdReadyFeaturesApplicationTests - No active profile set, falling back to 1 default profile: "default"
2026-04-03 20:22:59 DEBUG o.s.b.SpringApplication - Loading source class com.shikhilrane.shikhil.prod_ready_features.ProdReadyFeaturesApplication
2026-04-03 20:22:59 DEBUG o.s.b.d.s.DevToolsSettings - Included patterns for restart : []
2026-04-03 20:22:59 DEBUG o.s.b.d.s.DevToolsSettings - Excluded patterns for restart : [/spring-boot-starter-[\w-]+/, /spring-boot/(bin|build|out)/, /spring-boot-starter/(bin|build|out)/, /spring-boot-devtools/(bin|build|out)/, /spring-boot-actuator/(bin|build|out)/, /spring-boot-autoconfigure/(bin|build|out)/]
2026-04-03 20:22:59 DEBUG o.s.w.c.s.GenericWebApplicationContext - Refreshing org.springframework.web.context.support.GenericWebApplicationContext@5cbe2654
2026-04-03 20:22:59 DEBUG o.s.b.f.s.DefaultListableBeanFactory - Creating shared instance of singleton bean 'org.springframework.context.annotation.internalConfigurationAnnotationProcessor'
2026-04-03 20:22:59 DEBUG o.s.b.f.s.DefaultListableBeanFactory - Creating shared instance of singleton bean 'org.springframework.boot.autoconfigure.internalCachingMetadataReaderFactory'
2026-04-03 20:22:59 DEBUG o.s.c.a.ClassPathBeanDefinitionScanner - Identified candidate component class: file [/Users/shikhilrane/Downloads/Programming/Git-remote-repos/Learnings/_13_Spring_Boot_CS/Spring_Boot_Learning/_04_Production_Ready_SpringBoot_Features/_05_Logging_in_Spring_Boot/prod-ready-features/target/classes/com/shikhilrane/shikhil/prod_ready_features/advice/GlobalExceptionHandler.class]
2026-04-03 20:22:59 DEBUG o.s.c.a.ClassPathBeanDefinitionScanner - Identified candidate component class: file [/Users/shikhilrane/Downloads/Programming/Git-remote-repos/Learnings/_13_Spring_Boot_CS/Spring_Boot_Learning/_04_Production_Ready_SpringBoot_Features/_05_Logging_in_Spring_Boot/prod-ready-features/target/classes/com/shikhilrane/shikhil/prod_ready_features/advice/GlobalResponseHandler.class]
2026-04-03 20:22:59 DEBUG o.s.c.a.ClassPathBeanDefinitionScanner - Identified candidate component class: file [/Users/shikhilrane/Downloads/Programming/Git-remote-repos/Learnings/_13_Spring_Boot_CS/Spring_Boot_Learning/_04_Production_Ready_SpringBoot_Features/_05_Logging_in_Spring_Boot/prod-ready-features/target/classes/com/shikhilrane/shikhil/prod_ready_features/auth/AuditorAwareImpl.class]
2026-04-03 20:22:59 DEBUG o.s.c.a.ClassPathBeanDefinitionScanner - Identified candidate component class: file [/Users/shikhilrane/Downloads/Programming/Git-remote-repos/Learnings/_13_Spring_Boot_CS/Spring_Boot_Learning/_04_Production_Ready_SpringBoot_Features/_05_Logging_in_Spring_Boot/prod-ready-features/target/classes/com/shikhilrane/shikhil/prod_ready_features/clients/impl/EmployeeClientImpl.class]
2026-04-03 20:22:59 DEBUG o.s.c.a.ClassPathBeanDefinitionScanner - Identified candidate component class: file [/Users/shikhilrane/Downloads/Programming/Git-remote-repos/Learnings/_13_Spring_Boot_CS/Spring_Boot_Learning/_04_Production_Ready_SpringBoot_Features/_05_Logging_in_Spring_Boot/prod-ready-features/target/classes/com/shikhilrane/shikhil/prod_ready_features/config/AuditingConfig.class]
2026-04-03 20:22:59 DEBUG o.s.c.a.ClassPathBeanDefinitionScanner - Identified candidate component class: file [/Users/shikhilrane/Downloads/Programming/Git-remote-repos/Learnings/_13_Spring_Boot_CS/Spring_Boot_Learning/_04_Production_Ready_SpringBoot_Features/_05_Logging_in_Spring_Boot/prod-ready-features/target/classes/com/shikhilrane/shikhil/prod_ready_features/config/MapperConfig.class]
2026-04-03 20:22:59 DEBUG o.s.c.a.ClassPathBeanDefinitionScanner - Identified candidate component class: file [/Users/shikhilrane/Downloads/Programming/Git-remote-repos/Learnings/_13_Spring_Boot_CS/Spring_Boot_Learning/_04_Production_Ready_SpringBoot_Features/_05_Logging_in_Spring_Boot/prod-ready-features/target/classes/com/shikhilrane/shikhil/prod_ready_features/config/RestClientConfig.class]
2026-04-03 20:22:59 DEBUG o.s.c.a.ClassPathBeanDefinitionScanner - Identified candidate component class: file [/Users/shikhilrane/Downloads/Programming/Git-remote-repos/Learnings/_13_Spring_Boot_CS/Spring_Boot_Learning/_04_Production_Ready_SpringBoot_Features/_05_Logging_in_Spring_Boot/prod-ready-features/target/classes/com/shikhilrane/shikhil/prod_ready_features/controllers/EmployeeRestClientController.class]
2026-04-03 20:22:59 DEBUG o.s.c.a.ClassPathBeanDefinitionScanner - Identified candidate component class: file [/Users/shikhilrane/Downloads/Programming/Git-remote-repos/Learnings/_13_Spring_Boot_CS/Spring_Boot_Learning/_04_Production_Ready_SpringBoot_Features/_05_Logging_in_Spring_Boot/prod-ready-features/target/classes/com/shikhilrane/shikhil/prod_ready_features/controllers/PostAuditController.class]
2026-04-03 20:22:59 DEBUG o.s.c.a.ClassPathBeanDefinitionScanner - Identified candidate component class: file [/Users/shikhilrane/Downloads/Programming/Git-remote-repos/Learnings/_13_Spring_Boot_CS/Spring_Boot_Learning/_04_Production_Ready_SpringBoot_Features/_05_Logging_in_Spring_Boot/prod-ready-features/target/classes/com/shikhilrane/shikhil/prod_ready_features/controllers/PostController.class]
2026-04-03 20:22:59 DEBUG o.s.c.a.ClassPathBeanDefinitionScanner - Ignored because not a concrete top-level class: file [/Users/shikhilrane/Downloads/Programming/Git-remote-repos/Learnings/_13_Spring_Boot_CS/Spring_Boot_Learning/_04_Production_Ready_SpringBoot_Features/_05_Logging_in_Spring_Boot/prod-ready-features/target/classes/com/shikhilrane/shikhil/prod_ready_features/repositories/PostRepository.class]
2026-04-03 20:22:59 DEBUG o.s.c.a.ClassPathBeanDefinitionScanner - Identified candidate component class: file [/Users/shikhilrane/Downloads/Programming/Git-remote-repos/Learnings/_13_Spring_Boot_CS/Spring_Boot_Learning/_04_Production_Ready_SpringBoot_Features/_05_Logging_in_Spring_Boot/prod-ready-features/target/classes/com/shikhilrane/shikhil/prod_ready_features/services/Implementation/PostServiceImpl.class]
2026-04-03 20:23:00 INFO  o.s.d.r.c.RepositoryConfigurationDelegate - Bootstrapping Spring Data JPA repositories in DEFAULT mode.
2026-04-03 20:23:00 DEBUG o.s.b.f.s.DefaultListableBeanFactory - Creating shared instance of singleton bean 'org.springframework.boot.autoconfigure.AutoConfigurationPackages'
2026-04-03 20:23:00 DEBUG o.s.b.a.AutoConfigurationPackages - @EnableAutoConfiguration was declared on a class in the package 'com.shikhilrane.shikhil.prod_ready_features'. Automatic @Repository and @Entity scanning is enabled.
2026-04-03 20:23:00 DEBUG o.s.d.r.c.RepositoryConfigurationDelegate - Scanning for JPA repositories in packages com.shikhilrane.shikhil.prod_ready_features.
2026-04-03 20:23:00 DEBUG o.s.d.r.c.RepositoryComponentProvider - Identified candidate component class: file [/Users/shikhilrane/Downloads/Programming/Git-remote-repos/Learnings/_13_Spring_Boot_CS/Spring_Boot_Learning/_04_Production_Ready_SpringBoot_Features/_05_Logging_in_Spring_Boot/prod-ready-features/target/classes/com/shikhilrane/shikhil/prod_ready_features/repositories/PostRepository.class]
2026-04-03 20:23:00 DEBUG o.s.c.a.ClassPathScanningCandidateComponentProvider - Identified candidate component class: file [/Users/shikhilrane/Downloads/Programming/Git-remote-repos/Learnings/_13_Spring_Boot_CS/Spring_Boot_Learning/_04_Production_Ready_SpringBoot_Features/_05_Logging_in_Spring_Boot/prod-ready-features/target/classes/com/shikhilrane/shikhil/prod_ready_features/auth/AuditorAwareImpl.class]
2026-04-03 20:23:00 DEBUG o.s.c.a.ClassPathScanningCandidateComponentProvider - Identified candidate component class: file [/Users/shikhilrane/Downloads/Programming/Git-remote-repos/Learnings/_13_Spring_Boot_CS/Spring_Boot_Learning/_04_Production_Ready_SpringBoot_Features/_05_Logging_in_Spring_Boot/prod-ready-features/target/classes/com/shikhilrane/shikhil/prod_ready_features/clients/impl/EmployeeClientImpl.class]
2026-04-03 20:23:00 DEBUG o.s.c.a.ClassPathScanningCandidateComponentProvider - Identified candidate component class: file [/Users/shikhilrane/Downloads/Programming/Git-remote-repos/Learnings/_13_Spring_Boot_CS/Spring_Boot_Learning/_04_Production_Ready_SpringBoot_Features/_05_Logging_in_Spring_Boot/prod-ready-features/target/classes/com/shikhilrane/shikhil/prod_ready_features/services/Implementation/PostServiceImpl.class]
2026-04-03 20:23:00 INFO  o.s.d.r.c.RepositoryConfigurationDelegate - Finished Spring Data repository scanning in 39 ms. Found 1 JPA repository interface.
2026-04-03 20:23:00 DEBUG o.s.b.f.s.DefaultListableBeanFactory - Creating shared instance of singleton bean 'propertySourcesPlaceholderConfigurer'
2026-04-03 20:23:00 DEBUG o.s.b.f.s.DefaultListableBeanFactory - Creating shared instance of singleton bean 'org.springframework.boot.sql.init.dependency.DatabaseInitializationDependencyConfigurer$DependsOnDatabaseInitializationPostProcessor'
2026-04-03 20:23:00 DEBUG o.s.b.f.s.DefaultListableBeanFactory - Creating shared instance of singleton bean 'org.springframework.context.event.internalEventListenerProcessor'
2026-04-03 20:23:00 DEBUG o.s.b.f.s.DefaultListableBeanFactory - Creating shared instance of singleton bean 'org.springframework.data.jpa.domain.support.AuditingBeanFactoryPostProcessor'
2026-04-03 20:23:00 DEBUG o.s.b.f.s.DefaultListableBeanFactory - Creating shared instance of singleton bean 'bootstrapExecutorAliasPostProcessor'
2026-04-03 20:23:00 DEBUG o.s.b.f.s.DefaultListableBeanFactory - Creating shared instance of singleton bean 'preserveErrorControllerTargetClassPostProcessor'
2026-04-03 20:23:00 DEBUG o.s.b.f.s.DefaultListableBeanFactory - Creating shared instance of singleton bean 'org.springframework.context.event.internalEventListenerFactory'
2026-04-03 20:23:00 DEBUG o.s.b.f.s.DefaultListableBeanFactory - Creating shared instance of singleton bean 'org.springframework.transaction.config.internalTransactionalEventListenerFactory'
2026-04-03 20:23:00 DEBUG o.s.b.f.s.DefaultListableBeanFactory - Creating shared instance of singleton bean 'org.springframework.context.annotation.internalAutowiredAnnotationProcessor'
2026-04-03 20:23:00 DEBUG o.s.b.f.s.DefaultListableBeanFactory - Creating shared instance of singleton bean 'org.springframework.context.annotation.internalCommonAnnotationProcessor'
2026-04-03 20:23:00 DEBUG o.s.b.f.s.DefaultListableBeanFactory - Creating shared instance of singleton bean 'org.springframework.context.annotation.internalPersistenceAnnotationProcessor'
2026-04-03 20:23:00 DEBUG o.s.b.f.s.DefaultListableBeanFactory - Creating shared instance of singleton bean 'org.springframework.boot.context.properties.ConfigurationPropertiesBindingPostProcessor'
2026-04-03 20:23:00 DEBUG o.s.b.f.s.DefaultListableBeanFactory - Creating shared instance of singleton bean 'org.springframework.boot.context.internalConfigurationPropertiesBinder'
2026-04-03 20:23:00 DEBUG o.s.b.f.s.DefaultListableBeanFactory - Creating shared instance of singleton bean 'jdbcConnectionDetailsHikariBeanPostProcessor'
2026-04-03 20:23:00 DEBUG o.s.b.f.s.DefaultListableBeanFactory - Creating shared instance of singleton bean 'org.springframework.aop.config.internalAutoProxyCreator'
2026-04-03 20:23:00 DEBUG o.s.b.f.s.DefaultListableBeanFactory - Creating shared instance of singleton bean 'org.springframework.aop.framework.autoproxy.defaultProxyConfig'
2026-04-03 20:23:00 DEBUG o.s.b.f.s.DefaultListableBeanFactory - Creating shared instance of singleton bean 'persistenceExceptionTranslationPostProcessor'
2026-04-03 20:23:00 DEBUG o.s.b.f.s.DefaultListableBeanFactory - Autowiring by type from bean name 'persistenceExceptionTranslationPostProcessor' via factory method to bean named 'environment'
2026-04-03 20:23:00 DEBUG o.s.b.f.s.DefaultListableBeanFactory - Creating shared instance of singleton bean 'projectingArgumentResolverBeanPostProcessor'
2026-04-03 20:23:00 DEBUG o.s.b.f.s.DefaultListableBeanFactory - Creating shared instance of singleton bean 'org.springframework.transaction.config.internalTransactionAdvisor'
2026-04-03 20:23:00 DEBUG o.s.b.f.s.DefaultListableBeanFactory - Creating shared instance of singleton bean 'org.springframework.transaction.annotation.ProxyTransactionManagementConfiguration'
2026-04-03 20:23:00 DEBUG o.s.a.a.a.ReflectiveAspectJAdvisorFactory - Found AspectJ method: public void org.springframework.beans.factory.aspectj.AbstractDependencyInjectionAspect.ajc$before$org_springframework_beans_factory_aspectj_AbstractDependencyInjectionAspect$1$e854fa65(java.lang.Object)
2026-04-03 20:23:00 DEBUG o.s.a.a.a.ReflectiveAspectJAdvisorFactory - Found AspectJ method: public void org.springframework.beans.factory.aspectj.AbstractDependencyInjectionAspect.ajc$afterReturning$org_springframework_beans_factory_aspectj_AbstractDependencyInjectionAspect$2$1ea6722c(java.lang.Object)
2026-04-03 20:23:00 DEBUG o.s.a.a.a.ReflectiveAspectJAdvisorFactory - Found AspectJ method: public void org.springframework.beans.factory.aspectj.AbstractDependencyInjectionAspect.ajc$afterReturning$org_springframework_beans_factory_aspectj_AbstractDependencyInjectionAspect$3$6aa27052(java.lang.Object)
2026-04-03 20:23:00 DEBUG o.s.a.a.AspectJExpressionPointcut - Pointcut parser rejected expression [(beanConstruction(bean) && (preConstructionCondition() && inConfigurableBean()))]: java.lang.IllegalArgumentException: error Type referred to is not an annotation type: Configurable
2026-04-03 20:23:00 DEBUG o.s.a.a.AspectJExpressionPointcut - Pointcut parser rejected expression [(beanConstruction(bean) && (postConstructionCondition() && inConfigurableBean()))]: java.lang.IllegalArgumentException: error Type referred to is not an annotation type: Configurable
2026-04-03 20:23:00 DEBUG o.s.a.a.AspectJExpressionPointcut - Pointcut parser rejected expression [(beanDeserialization(bean) && inConfigurableBean())]: java.lang.IllegalArgumentException: error Type referred to is not an annotation type: Configurable
2026-04-03 20:23:00 DEBUG o.s.b.f.s.DefaultListableBeanFactory - Creating shared instance of singleton bean 'transactionAttributeSource'
2026-04-03 20:23:00 DEBUG o.s.b.f.s.DefaultListableBeanFactory - Creating shared instance of singleton bean 'transactionInterceptor'
2026-04-03 20:23:00 DEBUG o.s.b.f.s.DefaultListableBeanFactory - Autowiring by type from bean name 'transactionInterceptor' via factory method to bean named 'transactionAttributeSource'
2026-04-03 20:23:00 DEBUG o.s.b.f.s.DefaultListableBeanFactory - Autowiring by type from bean name 'org.springframework.transaction.config.internalTransactionAdvisor' via factory method to bean named 'transactionAttributeSource'
2026-04-03 20:23:00 DEBUG o.s.b.f.s.DefaultListableBeanFactory - Autowiring by type from bean name 'org.springframework.transaction.config.internalTransactionAdvisor' via factory method to bean named 'transactionInterceptor'
2026-04-03 20:23:00 DEBUG o.s.b.f.s.DefaultListableBeanFactory - Creating shared instance of singleton bean 'webServerFactoryCustomizerBeanPostProcessor'
2026-04-03 20:23:00 DEBUG o.s.b.f.s.DefaultListableBeanFactory - Creating shared instance of singleton bean 'errorPageRegistrarBeanPostProcessor'
2026-04-03 20:23:00 DEBUG o.s.b.f.s.DefaultListableBeanFactory - Creating shared instance of singleton bean 'applicationTaskExecutor'
2026-04-03 20:23:00 DEBUG o.s.b.f.s.DefaultListableBeanFactory - Creating shared instance of singleton bean 'org.springframework.boot.autoconfigure.task.TaskExecutorConfigurations$TaskExecutorConfiguration'
2026-04-03 20:23:00 DEBUG o.s.b.f.s.DefaultListableBeanFactory - Creating shared instance of singleton bean 'threadPoolTaskExecutorBuilder'
2026-04-03 20:23:00 DEBUG o.s.b.f.s.DefaultListableBeanFactory - Creating shared instance of singleton bean 'org.springframework.boot.autoconfigure.task.TaskExecutorConfigurations$ThreadPoolTaskExecutorBuilderConfiguration'
2026-04-03 20:23:00 DEBUG o.s.b.f.s.DefaultListableBeanFactory - Creating shared instance of singleton bean 'spring.task.execution-org.springframework.boot.autoconfigure.task.TaskExecutionProperties'
2026-04-03 20:23:00 DEBUG o.s.b.f.s.DefaultListableBeanFactory - Creating shared instance of singleton bean 'org.springframework.boot.context.properties.BoundConfigurationProperties'
2026-04-03 20:23:00 DEBUG o.s.b.f.s.DefaultListableBeanFactory - Autowiring by type from bean name 'threadPoolTaskExecutorBuilder' via factory method to bean named 'spring.task.execution-org.springframework.boot.autoconfigure.task.TaskExecutionProperties'
2026-04-03 20:23:00 DEBUG o.s.b.f.s.DefaultListableBeanFactory - Autowiring by type from bean name 'applicationTaskExecutor' via factory method to bean named 'threadPoolTaskExecutorBuilder'
2026-04-03 20:23:00 DEBUG o.s.s.c.ThreadPoolTaskExecutor - Initializing ExecutorService 'applicationTaskExecutor'
2026-04-03 20:23:00 DEBUG o.s.b.f.s.DefaultListableBeanFactory - Creating shared instance of singleton bean 'org.springframework.test.context.support.internalDynamicPropertyRegistrarBeanInitializer'
2026-04-03 20:23:00 DEBUG o.s.b.f.s.DefaultListableBeanFactory - Creating shared instance of singleton bean 'dataSourceScriptDatabaseInitializer'
2026-04-03 20:23:00 DEBUG o.s.b.f.s.DefaultListableBeanFactory - Creating shared instance of singleton bean 'org.springframework.boot.jdbc.autoconfigure.DataSourceInitializationAutoConfiguration'
2026-04-03 20:23:00 DEBUG o.s.b.f.s.DefaultListableBeanFactory - Creating shared instance of singleton bean 'dataSource'
2026-04-03 20:23:00 DEBUG o.s.b.f.s.DefaultListableBeanFactory - Creating shared instance of singleton bean 'org.springframework.boot.jdbc.autoconfigure.DataSourceConfiguration$Hikari'
2026-04-03 20:23:00 DEBUG o.s.b.f.s.DefaultListableBeanFactory - Creating shared instance of singleton bean 'spring.datasource-org.springframework.boot.jdbc.autoconfigure.DataSourceProperties'
2026-04-03 20:23:00 DEBUG o.s.b.f.s.DefaultListableBeanFactory - Creating shared instance of singleton bean 'jdbcConnectionDetails'
2026-04-03 20:23:00 DEBUG o.s.b.f.s.DefaultListableBeanFactory - Creating shared instance of singleton bean 'org.springframework.boot.jdbc.autoconfigure.DataSourceAutoConfiguration$PooledDataSourceConfiguration'
2026-04-03 20:23:00 DEBUG o.s.b.f.s.DefaultListableBeanFactory - Autowiring by type from bean name 'jdbcConnectionDetails' via factory method to bean named 'spring.datasource-org.springframework.boot.jdbc.autoconfigure.DataSourceProperties'
2026-04-03 20:23:00 DEBUG o.s.b.f.s.DefaultListableBeanFactory - Autowiring by type from bean name 'dataSource' via factory method to bean named 'spring.datasource-org.springframework.boot.jdbc.autoconfigure.DataSourceProperties'
2026-04-03 20:23:00 DEBUG o.s.b.f.s.DefaultListableBeanFactory - Autowiring by type from bean name 'dataSource' via factory method to bean named 'jdbcConnectionDetails'
2026-04-03 20:23:00 DEBUG o.s.b.f.s.DefaultListableBeanFactory - Autowiring by type from bean name 'dataSource' via factory method to bean named 'environment'
2026-04-03 20:23:00 DEBUG c.z.h.u.UtilityElf - Class com.mysql.cj.jdbc.Driver found in Thread context class loader jdk.internal.loader.ClassLoaders$AppClassLoader@14dad5dc
2026-04-03 20:23:00 DEBUG o.s.b.f.s.DefaultListableBeanFactory - Creating shared instance of singleton bean 'spring.sql.init-org.springframework.boot.sql.autoconfigure.init.SqlInitializationProperties'
2026-04-03 20:23:00 DEBUG o.s.b.f.s.DefaultListableBeanFactory - Autowiring by type from bean name 'dataSourceScriptDatabaseInitializer' via factory method to bean named 'dataSource'
2026-04-03 20:23:00 DEBUG o.s.b.f.s.DefaultListableBeanFactory - Autowiring by type from bean name 'dataSourceScriptDatabaseInitializer' via factory method to bean named 'spring.sql.init-org.springframework.boot.sql.autoconfigure.init.SqlInitializationProperties'
2026-04-03 20:23:00 DEBUG o.s.b.f.s.DefaultListableBeanFactory - Creating shared instance of singleton bean 'org.springframework.context.config.internalBeanConfigurerAspect'
2026-04-03 20:23:00 DEBUG o.s.b.f.s.DefaultListableBeanFactory - Creating shared instance of singleton bean 'entityManagerFactory'
2026-04-03 20:23:00 DEBUG o.s.b.f.s.DefaultListableBeanFactory - Creating shared instance of singleton bean 'org.springframework.boot.hibernate.autoconfigure.HibernateJpaConfiguration'
2026-04-03 20:23:00 DEBUG o.s.b.f.s.DefaultListableBeanFactory - Creating shared instance of singleton bean 'spring.jpa-org.springframework.boot.jpa.autoconfigure.JpaProperties'
2026-04-03 20:23:00 DEBUG o.s.b.f.s.DefaultListableBeanFactory - Creating shared instance of singleton bean 'spring.jpa.hibernate-org.springframework.boot.hibernate.autoconfigure.HibernateProperties'
2026-04-03 20:23:00 DEBUG o.s.b.f.s.DefaultListableBeanFactory - Autowiring by type from bean name 'org.springframework.boot.hibernate.autoconfigure.HibernateJpaConfiguration' via constructor to bean named 'dataSource'
2026-04-03 20:23:00 DEBUG o.s.b.f.s.DefaultListableBeanFactory - Autowiring by type from bean name 'org.springframework.boot.hibernate.autoconfigure.HibernateJpaConfiguration' via constructor to bean named 'spring.jpa-org.springframework.boot.jpa.autoconfigure.JpaProperties'
2026-04-03 20:23:00 DEBUG o.s.b.f.s.DefaultListableBeanFactory - Autowiring by type from bean name 'org.springframework.boot.hibernate.autoconfigure.HibernateJpaConfiguration' via constructor to bean named 'org.springframework.beans.factory.support.DefaultListableBeanFactory@3b545206'
2026-04-03 20:23:00 DEBUG o.s.b.f.s.DefaultListableBeanFactory - Autowiring by type from bean name 'org.springframework.boot.hibernate.autoconfigure.HibernateJpaConfiguration' via constructor to bean named 'spring.jpa.hibernate-org.springframework.boot.hibernate.autoconfigure.HibernateProperties'
2026-04-03 20:23:00 DEBUG o.s.b.f.s.DefaultListableBeanFactory - Creating shared instance of singleton bean 'hikariPoolDataSourceMetadataProvider'
2026-04-03 20:23:00 DEBUG o.s.b.f.s.DefaultListableBeanFactory - Creating shared instance of singleton bean 'org.springframework.boot.jdbc.autoconfigure.DataSourcePoolMetadataProvidersConfiguration$HikariPoolDataSourceMetadataProviderConfiguration'
2026-04-03 20:23:00 DEBUG o.s.b.f.s.DefaultListableBeanFactory - Creating shared instance of singleton bean 'entityManagerFactoryBuilder'
2026-04-03 20:23:00 DEBUG o.s.b.f.s.DefaultListableBeanFactory - Creating shared instance of singleton bean 'jpaVendorAdapter'
2026-04-03 20:23:00 DEBUG o.s.b.f.s.DefaultListableBeanFactory - Autowiring by type from bean name 'entityManagerFactoryBuilder' via factory method to bean named 'jpaVendorAdapter'
2026-04-03 20:23:00 DEBUG o.s.b.f.s.DefaultListableBeanFactory - Creating shared instance of singleton bean 'persistenceManagedTypes'
2026-04-03 20:23:00 DEBUG o.s.b.f.s.DefaultListableBeanFactory - Autowiring by type from bean name 'persistenceManagedTypes' via factory method to bean named 'org.springframework.beans.factory.support.DefaultListableBeanFactory@3b545206'
2026-04-03 20:23:00 DEBUG o.s.b.f.s.DefaultListableBeanFactory - Autowiring by type from bean name 'persistenceManagedTypes' via factory method to bean named 'org.springframework.web.context.support.GenericWebApplicationContext@5cbe2654'
2026-04-03 20:23:00 DEBUG o.s.b.f.s.DefaultListableBeanFactory - Autowiring by type from bean name 'entityManagerFactory' via factory method to bean named 'entityManagerFactoryBuilder'
2026-04-03 20:23:00 DEBUG o.s.b.f.s.DefaultListableBeanFactory - Autowiring by type from bean name 'entityManagerFactory' via factory method to bean named 'persistenceManagedTypes'
2026-04-03 20:23:00 DEBUG o.s.o.j.LocalContainerEntityManagerFactoryBean - Building JPA container EntityManagerFactory for persistence unit 'default'
2026-04-03 20:23:00 DEBUG o.j.logging - Logging Provider: org.jboss.logging.Slf4jLoggerProvider found via system property
2026-04-03 20:23:00 DEBUG o.h.o.jpa - HHH008541: PersistenceUnitInfo [
	name: default
	persistence provider classname: null
	classloader: jdk.internal.loader.ClassLoaders$AppClassLoader@14dad5dc
	excludeUnlistedClasses: true
	JTA datasource: null
	Non JTA datasource: HikariDataSource (null)
	Transaction type: RESOURCE_LOCAL
	PU root URL: file:/Users/shikhilrane/Downloads/Programming/Git-remote-repos/Learnings/_13_Spring_Boot_CS/Spring_Boot_Learning/_04_Production_Ready_SpringBoot_Features/_05_Logging_in_Spring_Boot/prod-ready-features/target/test-classes/
	Shared Cache Mode: UNSPECIFIED
	Validation Mode: AUTO
	Jar files URLs []
	Managed classes names [
		com.shikhilrane.shikhil.prod_ready_features.entities.AuditableEntity
		com.shikhilrane.shikhil.prod_ready_features.entities.PostEntity]
	Mapping files names []
	Properties []
2026-04-03 20:23:00 DEBUG o.h.o.service - HHH010455: Adding integrator: org.hibernate.boot.beanvalidation.BeanValidationIntegrator
2026-04-03 20:23:00 DEBUG o.h.o.service - HHH010455: Adding integrator: org.hibernate.cache.internal.CollectionCacheInvalidator
2026-04-03 20:23:00 DEBUG o.h.o.service - HHH010455: Adding integrator: org.hibernate.envers.boot.internal.EnversIntegrator
2026-04-03 20:23:00 INFO  o.h.o.core - HHH000001: Hibernate ORM core version 7.2.1.Final
2026-04-03 20:23:00 DEBUG o.h.o.core - HHH000206: 'hibernate.properties' not found
2026-04-03 20:23:00 DEBUG o.s.o.j.h.SpringBeanContainer - Falling back to Hibernate's default producer after bean creation failure for interface org.hibernate.engine.jdbc.connections.spi.MultiTenantConnectionProvider: org.springframework.beans.factory.BeanCreationException: Error creating bean with name 'org.hibernate.engine.jdbc.connections.spi.MultiTenantConnectionProvider': Failed to instantiate [org.hibernate.engine.jdbc.connections.spi.MultiTenantConnectionProvider]: Specified class is an interface
2026-04-03 20:23:00 DEBUG o.h.o.cache - HHH90001031: Cannot default RegionFactory since no RegionFactory strategies were registered
2026-04-03 20:23:00 DEBUG o.h.o.cache - HHH90001029: Second-level cache disabled
2026-04-03 20:23:01 INFO  o.h.e.b.i.EnversServiceImpl - Envers integration enabled? : true
2026-04-03 20:23:01 INFO  o.s.o.j.p.SpringPersistenceUnitInfo - No LoadTimeWeaver setup: ignoring JPA class transformer
2026-04-03 20:23:01 DEBUG c.z.h.HikariConfig - HikariPool-1 - configuration:
2026-04-03 20:23:01 DEBUG c.z.h.HikariConfig - allowPoolSuspension.............false
2026-04-03 20:23:01 DEBUG c.z.h.HikariConfig - autoCommit......................true
2026-04-03 20:23:01 DEBUG c.z.h.HikariConfig - catalog.........................none
2026-04-03 20:23:01 DEBUG c.z.h.HikariConfig - connectionInitSql...............none
2026-04-03 20:23:01 DEBUG c.z.h.HikariConfig - connectionTestQuery.............none
2026-04-03 20:23:01 DEBUG c.z.h.HikariConfig - connectionTimeout...............30000
2026-04-03 20:23:01 DEBUG c.z.h.HikariConfig - credentials.....................com.zaxxer.hikari.util.Credentials@462f8fe9
2026-04-03 20:23:01 DEBUG c.z.h.HikariConfig - credentialsProvider.............none
2026-04-03 20:23:01 DEBUG c.z.h.HikariConfig - credentialsProviderClassName....none
2026-04-03 20:23:01 DEBUG c.z.h.HikariConfig - dataSource......................none
2026-04-03 20:23:01 DEBUG c.z.h.HikariConfig - dataSourceClassName.............none
2026-04-03 20:23:01 DEBUG c.z.h.HikariConfig - dataSourceJNDI..................none
2026-04-03 20:23:01 DEBUG c.z.h.HikariConfig - dataSourceProperties............{password=<masked>}
2026-04-03 20:23:01 DEBUG c.z.h.HikariConfig - driverClassName................."com.mysql.cj.jdbc.Driver"
2026-04-03 20:23:01 DEBUG c.z.h.HikariConfig - exceptionOverride...............none
2026-04-03 20:23:01 DEBUG c.z.h.HikariConfig - exceptionOverrideClassName......none
2026-04-03 20:23:01 DEBUG c.z.h.HikariConfig - healthCheckProperties...........{}
2026-04-03 20:23:01 DEBUG c.z.h.HikariConfig - healthCheckRegistry.............none
2026-04-03 20:23:01 DEBUG c.z.h.HikariConfig - idleTimeout.....................600000
2026-04-03 20:23:01 DEBUG c.z.h.HikariConfig - initializationFailTimeout.......1
2026-04-03 20:23:01 DEBUG c.z.h.HikariConfig - isolateInternalQueries..........false
2026-04-03 20:23:01 DEBUG c.z.h.HikariConfig - jdbcUrl.........................jdbc:mysql://localhost:3306/prod-ready-features?useSSL=false&allowPublicKeyRetrieval=true
2026-04-03 20:23:01 DEBUG c.z.h.HikariConfig - keepaliveTime...................120000
2026-04-03 20:23:01 DEBUG c.z.h.HikariConfig - leakDetectionThreshold..........0
2026-04-03 20:23:01 DEBUG c.z.h.HikariConfig - maxLifetime.....................1800000
2026-04-03 20:23:01 DEBUG c.z.h.HikariConfig - maximumPoolSize.................10
2026-04-03 20:23:01 DEBUG c.z.h.HikariConfig - metricRegistry..................none
2026-04-03 20:23:01 DEBUG c.z.h.HikariConfig - metricsTrackerFactory...........none
2026-04-03 20:23:01 DEBUG c.z.h.HikariConfig - minimumIdle.....................10
2026-04-03 20:23:01 DEBUG c.z.h.HikariConfig - password........................<masked>
2026-04-03 20:23:01 DEBUG c.z.h.HikariConfig - poolName........................"HikariPool-1"
2026-04-03 20:23:01 DEBUG c.z.h.HikariConfig - readOnly........................false
2026-04-03 20:23:01 DEBUG c.z.h.HikariConfig - registerMbeans..................false
2026-04-03 20:23:01 DEBUG c.z.h.HikariConfig - scheduledExecutor...............none
2026-04-03 20:23:01 DEBUG c.z.h.HikariConfig - schema..........................none
2026-04-03 20:23:01 DEBUG c.z.h.HikariConfig - threadFactory...................internal
2026-04-03 20:23:01 DEBUG c.z.h.HikariConfig - transactionIsolation............default
2026-04-03 20:23:01 DEBUG c.z.h.HikariConfig - username........................"root"
2026-04-03 20:23:01 DEBUG c.z.h.HikariConfig - validationTimeout...............5000
2026-04-03 20:23:01 INFO  c.z.h.HikariDataSource - HikariPool-1 - Starting...
2026-04-03 20:23:01 DEBUG c.z.h.p.PoolBase - HikariPool-1 - Attempting to create/setup new connection (1363482b-8c6e-45f2-a8c7-cbe1d5fd1a43)
2026-04-03 20:23:01 DEBUG c.z.h.p.PoolBase - HikariPool-1 - Established new connection (1363482b-8c6e-45f2-a8c7-cbe1d5fd1a43)
2026-04-03 20:23:01 INFO  c.z.h.p.HikariPool - HikariPool-1 - Added connection com.mysql.cj.jdbc.ConnectionImpl@1d6a0962
2026-04-03 20:23:01 INFO  c.z.h.HikariDataSource - HikariPool-1 - Start completed.
2026-04-03 20:23:01 DEBUG o.h.o.jdbc - HHH100017: Database:
	name: MySQL
	version: 9.4.0
	major: 9
	minor: 4
2026-04-03 20:23:01 DEBUG o.h.o.jdbc - HHH100018: Driver:
	name: MySQL Connector/J
	version: mysql-connector-j-9.5.0 (Revision: a7b3c94f50efbddb9f0dd69b3e0d1aaa25305cd6)
	major: 9
	minor: 5
	JDBC version: 4.2
2026-04-03 20:23:01 DEBUG o.h.o.dialect - HHH035001: Using dialect: org.hibernate.dialect.MySQLDialect, version: 9.4
2026-04-03 20:23:01 DEBUG o.h.e.j.e.s.IdentifierHelperBuilder - IdentifierCaseStrategy for both quoted and unquoted identifiers was set to the same strategy [MIXED]; that will likely lead to problems in schema update and validation if using quoted identifiers
2026-04-03 20:23:01 DEBUG o.h.o.jdbc - HHH100122: Using default JDBC fetch size: 0
2026-04-03 20:23:01 INFO  o.h.o.c.pooling - HHH10001005: Database info:
	Database JDBC URL [jdbc:mysql://localhost:3306/prod-ready-features?useSSL=false&allowPublicKeyRetrieval=true]
	Database driver: MySQL Connector/J
	Database dialect: MySQLDialect
	Database version: 9.4
	Default catalog/schema: prod-ready-features/undefined
	Autocommit mode: undefined/unknown
	Isolation level: REPEATABLE_READ [default REPEATABLE_READ]
	JDBC fetch size: none
	Pool: DataSourceConnectionProvider
	Minimum pool size: undefined/unknown
	Maximum pool size: undefined/unknown
2026-04-03 20:23:01 DEBUG c.z.h.p.HikariPool - HikariPool-1 - Pool stats (total=1/10, idle=1/10, active=0, waiting=0)
2026-04-03 20:23:01 DEBUG c.z.h.p.PoolBase - HikariPool-1 - Attempting to create/setup new connection (004c0b11-1290-4dcb-a0d8-fc6b7896367c)
2026-04-03 20:23:01 DEBUG c.z.h.p.PoolBase - HikariPool-1 - Established new connection (004c0b11-1290-4dcb-a0d8-fc6b7896367c)
2026-04-03 20:23:01 DEBUG c.z.h.p.HikariPool - HikariPool-1 - Added connection com.mysql.cj.jdbc.ConnectionImpl@65822f2d
2026-04-03 20:23:01 DEBUG c.z.h.p.HikariPool - HikariPool-1 - After adding stats (total=2/10, idle=2/10, active=0, waiting=0)
2026-04-03 20:23:01 DEBUG c.z.h.p.PoolBase - HikariPool-1 - Attempting to create/setup new connection (997f48ce-e1ff-48c0-bac8-4d65c8c3c4a1)
2026-04-03 20:23:01 DEBUG c.z.h.p.PoolBase - HikariPool-1 - Established new connection (997f48ce-e1ff-48c0-bac8-4d65c8c3c4a1)
2026-04-03 20:23:01 DEBUG c.z.h.p.HikariPool - HikariPool-1 - Added connection com.mysql.cj.jdbc.ConnectionImpl@5add062
2026-04-03 20:23:01 DEBUG c.z.h.p.HikariPool - HikariPool-1 - After adding stats (total=3/10, idle=3/10, active=0, waiting=0)
2026-04-03 20:23:01 DEBUG c.z.h.p.PoolBase - HikariPool-1 - Attempting to create/setup new connection (bef20018-aa1f-48a4-9482-c53e0d8edf14)
2026-04-03 20:23:01 DEBUG c.z.h.p.PoolBase - HikariPool-1 - Established new connection (bef20018-aa1f-48a4-9482-c53e0d8edf14)
2026-04-03 20:23:01 DEBUG c.z.h.p.HikariPool - HikariPool-1 - Added connection com.mysql.cj.jdbc.ConnectionImpl@1e3a966
2026-04-03 20:23:01 DEBUG c.z.h.p.HikariPool - HikariPool-1 - After adding stats (total=4/10, idle=4/10, active=0, waiting=0)
2026-04-03 20:23:01 DEBUG c.z.h.p.PoolBase - HikariPool-1 - Attempting to create/setup new connection (c6dccfbb-8967-4348-82a2-6cc16112e754)
2026-04-03 20:23:01 DEBUG c.z.h.p.PoolBase - HikariPool-1 - Established new connection (c6dccfbb-8967-4348-82a2-6cc16112e754)
2026-04-03 20:23:01 DEBUG c.z.h.p.HikariPool - HikariPool-1 - Added connection com.mysql.cj.jdbc.ConnectionImpl@1ccf85b3
2026-04-03 20:23:01 DEBUG c.z.h.p.HikariPool - HikariPool-1 - After adding stats (total=5/10, idle=5/10, active=0, waiting=0)
2026-04-03 20:23:01 DEBUG c.z.h.p.PoolBase - HikariPool-1 - Attempting to create/setup new connection (9dc81ae8-650b-4f8d-abcd-90bb2bbe8bb5)
2026-04-03 20:23:01 DEBUG c.z.h.p.PoolBase - HikariPool-1 - Established new connection (9dc81ae8-650b-4f8d-abcd-90bb2bbe8bb5)
2026-04-03 20:23:01 DEBUG c.z.h.p.HikariPool - HikariPool-1 - Added connection com.mysql.cj.jdbc.ConnectionImpl@18ec4482
2026-04-03 20:23:01 DEBUG c.z.h.p.HikariPool - HikariPool-1 - After adding stats (total=6/10, idle=6/10, active=0, waiting=0)
2026-04-03 20:23:01 DEBUG c.z.h.p.PoolBase - HikariPool-1 - Attempting to create/setup new connection (b86c6d1d-5217-48b5-aa50-2248e8f4339b)
2026-04-03 20:23:01 DEBUG c.z.h.p.PoolBase - HikariPool-1 - Established new connection (b86c6d1d-5217-48b5-aa50-2248e8f4339b)
2026-04-03 20:23:01 DEBUG c.z.h.p.HikariPool - HikariPool-1 - Added connection com.mysql.cj.jdbc.ConnectionImpl@707b0795
2026-04-03 20:23:01 DEBUG o.h.e.c.i.m.AuditMetadataGenerator - Generating first-pass auditing mapping for entity com.shikhilrane.shikhil.prod_ready_features.entities.PostEntity
2026-04-03 20:23:01 INFO  o.h.e.c.i.m.AuditMetadataGenerator - Adding properties for entity: com.shikhilrane.shikhil.prod_ready_features.entities.PostEntity
2026-04-03 20:23:01 DEBUG o.h.e.c.i.m.AuditMetadataGenerator - Generating second-pass auditing mapping for entity com.shikhilrane.shikhil.prod_ready_features.entities.PostEntity
2026-04-03 20:23:01 DEBUG c.z.h.p.HikariPool - HikariPool-1 - After adding stats (total=7/10, idle=7/10, active=0, waiting=0)
2026-04-03 20:23:01 DEBUG c.z.h.p.PoolBase - HikariPool-1 - Attempting to create/setup new connection (6be7ebce-5f90-4a6e-a397-97c7ca1b5f2f)
2026-04-03 20:23:01 DEBUG c.z.h.p.PoolBase - HikariPool-1 - Established new connection (6be7ebce-5f90-4a6e-a397-97c7ca1b5f2f)
2026-04-03 20:23:01 DEBUG c.z.h.p.HikariPool - HikariPool-1 - Added connection com.mysql.cj.jdbc.ConnectionImpl@5d0b6a38
2026-04-03 20:23:01 DEBUG c.z.h.p.HikariPool - HikariPool-1 - After adding stats (total=8/10, idle=8/10, active=0, waiting=0)
2026-04-03 20:23:01 DEBUG c.z.h.p.PoolBase - HikariPool-1 - Attempting to create/setup new connection (1f8c3533-7c68-4379-80fd-9acb17dca407)
2026-04-03 20:23:01 DEBUG c.z.h.p.PoolBase - HikariPool-1 - Established new connection (1f8c3533-7c68-4379-80fd-9acb17dca407)
2026-04-03 20:23:01 DEBUG c.z.h.p.HikariPool - HikariPool-1 - Added connection com.mysql.cj.jdbc.ConnectionImpl@36253166
2026-04-03 20:23:02 DEBUG c.z.h.p.HikariPool - HikariPool-1 - After adding stats (total=9/10, idle=9/10, active=0, waiting=0)
2026-04-03 20:23:02 DEBUG c.z.h.p.PoolBase - HikariPool-1 - Attempting to create/setup new connection (b8e5e3ef-d567-4623-adde-476b24a90529)
2026-04-03 20:23:02 DEBUG o.s.o.j.h.SpringBeanContainer - Falling back to Hibernate's default producer after bean creation failure for interface org.hibernate.context.spi.CurrentTenantIdentifierResolver: org.springframework.beans.factory.NoSuchBeanDefinitionException: No qualifying bean of type 'org.hibernate.context.spi.CurrentTenantIdentifierResolver<?>' available
2026-04-03 20:23:02 DEBUG o.s.o.j.h.SpringBeanContainer - Falling back to Hibernate's default producer after bean creation failure for interface org.hibernate.context.spi.TenantSchemaMapper: org.springframework.beans.factory.NoSuchBeanDefinitionException: No qualifying bean of type 'org.hibernate.context.spi.TenantSchemaMapper<?>' available
2026-04-03 20:23:02 DEBUG c.z.h.p.PoolBase - HikariPool-1 - Established new connection (b8e5e3ef-d567-4623-adde-476b24a90529)
2026-04-03 20:23:02 DEBUG c.z.h.p.HikariPool - HikariPool-1 - Added connection com.mysql.cj.jdbc.ConnectionImpl@4930dffa
2026-04-03 20:23:02 DEBUG c.z.h.p.HikariPool - HikariPool-1 - After adding stats (total=10/10, idle=10/10, active=0, waiting=0)
2026-04-03 20:23:02 DEBUG o.h.o.factory - HHH90020001: Instantiating factory [773ad8b2-b013-46b5-a016-d86cd8d74a2d] with settings: {hibernate.format_sql=true, java.specification.version=25, hibernate.resource.beans.container=org.springframework.orm.jpa.hibernate.SpringBeanContainer@52a9db63, hibernate.connection.handling_mode=DELAYED_ACQUISITION_AND_HOLD, sun.jnu.encoding=UTF-8, hibernate.implicit_naming_strategy=org.springframework.boot.hibernate.SpringImplicitNamingStrategy, java.class.path=/Users/shikhilrane/.m2/repository/org/junit/platform/junit-platform-launcher/6.0.2/junit-platform-launcher-6.0.2.jar:/Applications/IntelliJ IDEA CE.app/Contents/lib/idea_rt.jar:/Applications/IntelliJ IDEA CE.app/Contents/plugins/junit/lib/junit6-rt.jar:/Applications/IntelliJ IDEA CE.app/Contents/plugins/junit/lib/junit5-rt.jar:/Applications/IntelliJ IDEA CE.app/Contents/plugins/junit/lib/junit-rt.jar:/Users/shikhilrane/Downloads/Programming/Git-remote-repos/Learnings/_13_Spring_Boot_CS/Spring_Boot_Learning/_04_Production_Ready_SpringBoot_Features/_05_Logging_in_Spring_Boot/prod-ready-features/target/test-classes:/Users/shikhilrane/Downloads/Programming/Git-remote-repos/Learnings/_13_Spring_Boot_CS/Spring_Boot_Learning/_04_Production_Ready_SpringBoot_Features/_05_Logging_in_Spring_Boot/prod-ready-features/target/classes:/Users/shikhilrane/.m2/repository/org/springframework/boot/spring-boot-starter-data-jpa/4.0.2/spring-boot-starter-data-jpa-4.0.2.jar:/Users/shikhilrane/.m2/repository/org/springframework/boot/spring-boot-starter/4.0.2/spring-boot-starter-4.0.2.jar:/Users/shikhilrane/.m2/repository/org/springframework/boot/spring-boot-starter-logging/4.0.2/spring-boot-starter-logging-4.0.2.jar:/Users/shikhilrane/.m2/repository/ch/qos/logback/logback-classic/1.5.25/logback-classic-1.5.25.jar:/Users/shikhilrane/.m2/repository/ch/qos/logback/logback-core/1.5.25/logback-core-1.5.25.jar:/Users/shikhilrane/.m2/repository/org/apache/logging/log4j/log4j-to-slf4j/2.25.3/log4j-to-slf4j-2.25.3.jar:/Users/shikhilrane/.m2/repository/org/apache/logging/log4j/log4j-api/2.25.3/log4j-api-2.25.3.jar:/Users/shikhilrane/.m2/repository/org/slf4j/jul-to-slf4j/2.0.17/jul-to-slf4j-2.0.17.jar:/Users/shikhilrane/.m2/repository/jakarta/annotation/jakarta.annotation-api/3.0.0/jakarta.annotation-api-3.0.0.jar:/Users/shikhilrane/.m2/repository/org/yaml/snakeyaml/2.5/snakeyaml-2.5.jar:/Users/shikhilrane/.m2/repository/org/springframework/boot/spring-boot-starter-jdbc/4.0.2/spring-boot-starter-jdbc-4.0.2.jar:/Users/shikhilrane/.m2/repository/com/zaxxer/HikariCP/7.0.2/HikariCP-7.0.2.jar:/Users/shikhilrane/.m2/repository/org/slf4j/slf4j-api/2.0.17/slf4j-api-2.0.17.jar:/Users/shikhilrane/.m2/repository/org/springframework/boot/spring-boot-data-jpa/4.0.2/spring-boot-data-jpa-4.0.2.jar:/Users/shikhilrane/.m2/repository/org/springframework/boot/spring-boot-data-commons/4.0.2/spring-boot-data-commons-4.0.2.jar:/Users/shikhilrane/.m2/repository/org/springframework/boot/spring-boot-persistence/4.0.2/spring-boot-persistence-4.0.2.jar:/Users/shikhilrane/.m2/repository/org/springframework/data/spring-data-commons/4.0.2/spring-data-commons-4.0.2.jar:/Users/shikhilrane/.m2/repository/org/springframework/boot/spring-boot-hibernate/4.0.2/spring-boot-hibernate-4.0.2.jar:/Users/shikhilrane/.m2/repository/org/springframework/boot/spring-boot-jpa/4.0.2/spring-boot-jpa-4.0.2.jar:/Users/shikhilrane/.m2/repository/org/springframework/spring-orm/7.0.3/spring-orm-7.0.3.jar:/Users/shikhilrane/.m2/repository/org/springframework/data/spring-data-jpa/4.0.2/spring-data-jpa-4.0.2.jar:/Users/shikhilrane/.m2/repository/org/springframework/spring-aop/7.0.3/spring-aop-7.0.3.jar:/Users/shikhilrane/.m2/repository/org/springframework/spring-tx/7.0.3/spring-tx-7.0.3.jar:/Users/shikhilrane/.m2/repository/org/springframework/spring-beans/7.0.3/spring-beans-7.0.3.jar:/Users/shikhilrane/.m2/repository/org/springframework/spring-aspects/7.0.3/spring-aspects-7.0.3.jar:/Users/shikhilrane/.m2/repository/org/aspectj/aspectjweaver/1.9.25.1/aspectjweaver-1.9.25.1.jar:/Users/shikhilrane/.m2/repository/org/springframework/boot/spring-boot-jdbc/4.0.2/spring-boot-jdbc-4.0.2.jar:/Users/shikhilrane/.m2/repository/org/springframework/boot/spring-boot-sql/4.0.2/spring-boot-sql-4.0.2.jar:/Users/shikhilrane/.m2/repository/org/springframework/boot/spring-boot-transaction/4.0.2/spring-boot-transaction-4.0.2.jar:/Users/shikhilrane/.m2/repository/org/springframework/spring-jdbc/7.0.3/spring-jdbc-7.0.3.jar:/Users/shikhilrane/.m2/repository/org/springframework/boot/spring-boot-starter-webmvc/4.0.2/spring-boot-starter-webmvc-4.0.2.jar:/Users/shikhilrane/.m2/repository/org/springframework/boot/spring-boot-starter-jackson/4.0.2/spring-boot-starter-jackson-4.0.2.jar:/Users/shikhilrane/.m2/repository/org/springframework/boot/spring-boot-jackson/4.0.2/spring-boot-jackson-4.0.2.jar:/Users/shikhilrane/.m2/repository/tools/jackson/core/jackson-databind/3.0.4/jackson-databind-3.0.4.jar:/Users/shikhilrane/.m2/repository/com/fasterxml/jackson/core/jackson-annotations/2.20/jackson-annotations-2.20.jar:/Users/shikhilrane/.m2/repository/tools/jackson/core/jackson-core/3.0.4/jackson-core-3.0.4.jar:/Users/shikhilrane/.m2/repository/org/springframework/boot/spring-boot-starter-tomcat/4.0.2/spring-boot-starter-tomcat-4.0.2.jar:/Users/shikhilrane/.m2/repository/org/springframework/boot/spring-boot-starter-tomcat-runtime/4.0.2/spring-boot-starter-tomcat-runtime-4.0.2.jar:/Users/shikhilrane/.m2/repository/org/apache/tomcat/embed/tomcat-embed-core/11.0.15/tomcat-embed-core-11.0.15.jar:/Users/shikhilrane/.m2/repository/org/apache/tomcat/embed/tomcat-embed-el/11.0.15/tomcat-embed-el-11.0.15.jar:/Users/shikhilrane/.m2/repository/org/apache/tomcat/embed/tomcat-embed-websocket/11.0.15/tomcat-embed-websocket-11.0.15.jar:/Users/shikhilrane/.m2/repository/org/springframework/boot/spring-boot-tomcat/4.0.2/spring-boot-tomcat-4.0.2.jar:/Users/shikhilrane/.m2/repository/org/springframework/boot/spring-boot-http-converter/4.0.2/spring-boot-http-converter-4.0.2.jar:/Users/shikhilrane/.m2/repository/org/springframework/spring-web/7.0.3/spring-web-7.0.3.jar:/Users/shikhilrane/.m2/repository/io/micrometer/micrometer-observation/1.16.2/micrometer-observation-1.16.2.jar:/Users/shikhilrane/.m2/repository/io/micrometer/micrometer-commons/1.16.2/micrometer-commons-1.16.2.jar:/Users/shikhilrane/.m2/repository/org/springframework/boot/spring-boot-webmvc/4.0.2/spring-boot-webmvc-4.0.2.jar:/Users/shikhilrane/.m2/repository/org/springframework/boot/spring-boot-servlet/4.0.2/spring-boot-servlet-4.0.2.jar:/Users/shikhilrane/.m2/repository/org/springframework/spring-webmvc/7.0.3/spring-webmvc-7.0.3.jar:/Users/shikhilrane/.m2/repository/org/springframework/spring-expression/7.0.3/spring-expression-7.0.3.jar:/Users/shikhilrane/.m2/repository/org/springframework/boot/spring-boot-devtools/4.0.2/spring-boot-devtools-4.0.2.jar:/Users/shikhilrane/.m2/repository/org/springframework/boot/spring-boot/4.0.2/spring-boot-4.0.2.jar:/Users/shikhilrane/.m2/repository/org/springframework/spring-core/7.0.3/spring-core-7.0.3.jar:/Users/shikhilrane/.m2/repository/commons-logging/commons-logging/1.3.5/commons-logging-1.3.5.jar:/Users/shikhilrane/.m2/repository/org/jspecify/jspecify/1.0.0/jspecify-1.0.0.jar:/Users/shikhilrane/.m2/repository/org/springframework/spring-context/7.0.3/spring-context-7.0.3.jar:/Users/shikhilrane/.m2/repository/org/springframework/boot/spring-boot-autoconfigure/4.0.2/spring-boot-autoconfigure-4.0.2.jar:/Users/shikhilrane/.m2/repository/com/mysql/mysql-connector-j/9.5.0/mysql-connector-j-9.5.0.jar:/Users/shikhilrane/.m2/repository/org/projectlombok/lombok/1.18.42/lombok-1.18.42.jar:/Users/shikhilrane/.m2/repository/org/hibernate/orm/hibernate-envers/7.2.1.Final/hibernate-envers-7.2.1.Final.jar:/Users/shikhilrane/.m2/repository/org/hibernate/orm/hibernate-core/7.2.1.Final/hibernate-core-7.2.1.Final.jar:/Users/shikhilrane/.m2/repository/jakarta/persistence/jakarta.persistence-api/3.2.0/jakarta.persistence-api-3.2.0.jar:/Users/shikhilrane/.m2/repository/jakarta/transaction/jakarta.transaction-api/2.0.1/jakarta.transaction-api-2.0.1.jar:/Users/shikhilrane/.m2/repository/com/fasterxml/classmate/1.7.3/classmate-1.7.3.jar:/Users/shikhilrane/.m2/repository/net/bytebuddy/byte-buddy/1.17.8/byte-buddy-1.17.8.jar:/Users/shikhilrane/.m2/repository/jakarta/inject/jakarta.inject-api/2.0.1/jakarta.inject-api-2.0.1.jar:/Users/shikhilrane/.m2/repository/org/antlr/antlr4-runtime/4.13.2/antlr4-runtime-4.13.2.jar:/Users/shikhilrane/.m2/repository/org/jboss/logging/jboss-logging/3.6.1.Final/jboss-logging-3.6.1.Final.jar:/Users/shikhilrane/.m2/repository/org/hibernate/models/hibernate-models/1.0.1/hibernate-models-1.0.1.jar:/Users/shikhilrane/.m2/repository/jakarta/xml/bind/jakarta.xml.bind-api/4.0.4/jakarta.xml.bind-api-4.0.4.jar:/Users/shikhilrane/.m2/repository/jakarta/activation/jakarta.activation-api/2.1.4/jakarta.activation-api-2.1.4.jar:/Users/shikhilrane/.m2/repository/org/glassfish/jaxb/jaxb-runtime/4.0.6/jaxb-runtime-4.0.6.jar:/Users/shikhilrane/.m2/repository/org/glassfish/jaxb/jaxb-core/4.0.6/jaxb-core-4.0.6.jar:/Users/shikhilrane/.m2/repository/org/eclipse/angus/angus-activation/2.0.3/angus-activation-2.0.3.jar:/Users/shikhilrane/.m2/repository/org/glassfish/jaxb/txw2/4.0.6/txw2-4.0.6.jar:/Users/shikhilrane/.m2/repository/com/sun/istack/istack-commons-runtime/4.1.2/istack-commons-runtime-4.1.2.jar:/Users/shikhilrane/.m2/repository/io/smallrye/jandex/3.3.2/jandex-3.3.2.jar:/Users/shikhilrane/.m2/repository/org/modelmapper/modelmapper/3.2.0/modelmapper-3.2.0.jar:/Users/shikhilrane/.m2/repository/org/springframework/boot/spring-boot-starter-data-jpa-test/4.0.2/spring-boot-starter-data-jpa-test-4.0.2.jar:/Users/shikhilrane/.m2/repository/org/springframework/boot/spring-boot-starter-test/4.0.2/spring-boot-starter-test-4.0.2.jar:/Users/shikhilrane/.m2/repository/org/springframework/boot/spring-boot-test/4.0.2/spring-boot-test-4.0.2.jar:/Users/shikhilrane/.m2/repository/org/springframework/boot/spring-boot-test-autoconfigure/4.0.2/spring-boot-test-autoconfigure-4.0.2.jar:/Users/shikhilrane/.m2/repository/com/jayway/jsonpath/json-path/2.10.0/json-path-2.10.0.jar:/Users/shikhilrane/.m2/repository/net/minidev/json-smart/2.6.0/json-smart-2.6.0.jar:/Users/shikhilrane/.m2/repository/net/minidev/accessors-smart/2.6.0/accessors-smart-2.6.0.jar:/Users/shikhilrane/.m2/repository/org/ow2/asm/asm/9.7.1/asm-9.7.1.jar:/Users/shikhilrane/.m2/repository/org/assertj/assertj-core/3.27.6/assertj-core-3.27.6.jar:/Users/shikhilrane/.m2/repository/org/awaitility/awaitility/4.3.0/awaitility-4.3.0.jar:/Users/shikhilrane/.m2/repository/org/hamcrest/hamcrest/3.0/hamcrest-3.0.jar:/Users/shikhilrane/.m2/repository/org/junit/jupiter/junit-jupiter/6.0.2/junit-jupiter-6.0.2.jar:/Users/shikhilrane/.m2/repository/org/junit/jupiter/junit-jupiter-api/6.0.2/junit-jupiter-api-6.0.2.jar:/Users/shikhilrane/.m2/repository/org/opentest4j/opentest4j/1.3.0/opentest4j-1.3.0.jar:/Users/shikhilrane/.m2/repository/org/junit/platform/junit-platform-commons/6.0.2/junit-platform-commons-6.0.2.jar:/Users/shikhilrane/.m2/repository/org/apiguardian/apiguardian-api/1.1.2/apiguardian-api-1.1.2.jar:/Users/shikhilrane/.m2/repository/org/junit/jupiter/junit-jupiter-params/6.0.2/junit-jupiter-params-6.0.2.jar:/Users/shikhilrane/.m2/repository/org/junit/jupiter/junit-jupiter-engine/6.0.2/junit-jupiter-engine-6.0.2.jar:/Users/shikhilrane/.m2/repository/org/junit/platform/junit-platform-engine/6.0.2/junit-platform-engine-6.0.2.jar:/Users/shikhilrane/.m2/repository/org/mockito/mockito-core/5.20.0/mockito-core-5.20.0.jar:/Users/shikhilrane/.m2/repository/net/bytebuddy/byte-buddy-agent/1.17.8/byte-buddy-agent-1.17.8.jar:/Users/shikhilrane/.m2/repository/org/objenesis/objenesis/3.3/objenesis-3.3.jar:/Users/shikhilrane/.m2/repository/org/mockito/mockito-junit-jupiter/5.20.0/mockito-junit-jupiter-5.20.0.jar:/Users/shikhilrane/.m2/repository/org/skyscreamer/jsonassert/1.5.3/jsonassert-1.5.3.jar:/Users/shikhilrane/.m2/repository/com/vaadin/external/google/android-json/0.0.20131108.vaadin1/android-json-0.0.20131108.vaadin1.jar:/Users/shikhilrane/.m2/repository/org/springframework/spring-test/7.0.3/spring-test-7.0.3.jar:/Users/shikhilrane/.m2/repository/org/xmlunit/xmlunit-core/2.10.4/xmlunit-core-2.10.4.jar:/Users/shikhilrane/.m2/repository/org/springframework/boot/spring-boot-starter-jdbc-test/4.0.2/spring-boot-starter-jdbc-test-4.0.2.jar:/Users/shikhilrane/.m2/repository/org/springframework/boot/spring-boot-jdbc-test/4.0.2/spring-boot-jdbc-test-4.0.2.jar:/Users/shikhilrane/.m2/repository/org/springframework/boot/spring-boot-data-jpa-test/4.0.2/spring-boot-data-jpa-test-4.0.2.jar:/Users/shikhilrane/.m2/repository/org/springframework/boot/spring-boot-jpa-test/4.0.2/spring-boot-jpa-test-4.0.2.jar:/Users/shikhilrane/.m2/repository/org/springframework/boot/spring-boot-starter-webmvc-test/4.0.2/spring-boot-starter-webmvc-test-4.0.2.jar:/Users/shikhilrane/.m2/repository/org/springframework/boot/spring-boot-starter-jackson-test/4.0.2/spring-boot-starter-jackson-test-4.0.2.jar:/Users/shikhilrane/.m2/repository/org/springframework/boot/spring-boot-webmvc-test/4.0.2/spring-boot-webmvc-test-4.0.2.jar:/Users/shikhilrane/.m2/repository/org/springframework/boot/spring-boot-web-server/4.0.2/spring-boot-web-server-4.0.2.jar:/Users/shikhilrane/.m2/repository/org/springframework/boot/spring-boot-resttestclient/4.0.2/spring-boot-resttestclient-4.0.2.jar, kotlinx.coroutines.debug.enable.mutable.state.flows.stack.trace=true, java.vm.vendor=Oracle Corporation, sun.arch.data.model=64, idea.test.cyclic.buffer.size=1048576, java.vendor.url=https://java.oracle.com/, user.timezone=Asia/Kolkata, jakarta.persistence.sharedCache.mode=UNSPECIFIED, org.jboss.logging.provider=slf4j, os.name=Mac OS X, java.vm.specification.version=25, APPLICATION_NAME=prod-ready-features, jakarta.persistence.nonJtaDataSource=HikariDataSource (HikariPool-1), sun.java.launcher=SUN_STANDARD, user.country=IN, sun.boot.library.path=/Users/shikhilrane/Library/Java/JavaVirtualMachines/openjdk-25/Contents/Home/lib, sun.java.command=com.intellij.rt.junit.JUnitStarter -ideVersion5 -junit6 com.shikhilrane.shikhil.prod_ready_features.ProdReadyFeaturesApplicationTests,getEmployeeById, javax.persistence.nonJtaDataSource=HikariDataSource (HikariPool-1), hibernate.transaction.jta.platform=org.hibernate.engine.transaction.jta.platform.internal.NoJtaPlatform@402d76c7, http.nonProxyHosts=local|*.local|169.254/16|*.169.254/16, jdk.debug=release, sun.cpu.endian=little, hibernate.cdi.extensions=true, user.home=/Users/shikhilrane, user.language=en, sun.stderr.encoding=UTF-8, java.specification.vendor=Oracle Corporation, java.version.date=2025-09-16, java.home=/Users/shikhilrane/Library/Java/JavaVirtualMachines/openjdk-25/Contents/Home, file.separator=/, java.vm.compressedOopsMode=Zero based, sun.stdout.encoding=UTF-8, line.separator=
, hibernate.persistenceUnitName=default, java.vm.specification.vendor=Oracle Corporation, java.specification.name=Java Platform API Specification, intellij.debug.agent=true, FILE_LOG_CHARSET=UTF-8, hibernate.transaction.coordinator_class=class org.hibernate.resource.transaction.backend.jdbc.internal.JdbcResourceLocalTransactionCoordinatorBuilderImpl, java.awt.headless=true, apple.awt.application.name=JUnitStarter, jakarta.persistence.validation.mode=AUTO, hibernate.hbm2ddl.auto=create, sun.management.compiler=HotSpot 64-Bit Tiered Compilers, ftp.nonProxyHosts=local|*.local|169.254/16|*.169.254/16, java.runtime.version=25+36-3489, user.name=shikhilrane, stdout.encoding=UTF-8, path.separator=:, kotlinx.coroutines.debug.enable.creation.stack.trace=false, os.version=26.1, java.runtime.name=OpenJDK Runtime Environment, file.encoding=UTF-8, FILE_LOG_PATTERN=%d{dd-MM-yyyy HH:mm:ss} [%level] [%t] [%c{1}] --- %m%n, java.vm.name=OpenJDK 64-Bit Server VM, hibernate.show_sql=true, LOG_FILE=application.log, java.vendor.url.bug=https://bugreport.java.com/bugreport/, java.io.tmpdir=/var/folders/44/_88cbvg97b33y0l6l0bdlzp40000gn/T/, java.version=25, jboss.modules.system.pkgs=com.intellij.rt, hibernate.physical_naming_strategy=org.hibernate.boot.model.naming.PhysicalNamingStrategySnakeCaseImpl, user.dir=/Users/shikhilrane/Downloads/Programming/Git-remote-repos/Learnings/_13_Spring_Boot_CS/Spring_Boot_Learning/_04_Production_Ready_SpringBoot_Features/_05_Logging_in_Spring_Boot/prod-ready-features, os.arch=x86_64, java.vm.specification.name=Java Virtual Machine Specification, PID=22431, CONSOLE_LOG_CHARSET=UTF-8, hibernate.boot.CfgXmlAccessService.key=org.hibernate.boot.registry.StandardServiceRegistryBuilder$1@27adb90f, native.encoding=UTF-8, kotlinx.coroutines.debug.enable.flows.stack.trace=true, java.library.path=/Users/shikhilrane/Library/Java/Extensions:/Library/Java/Extensions:/Network/Library/Java/Extensions:/System/Library/Java/Extensions:/usr/lib/java:., stderr.encoding=UTF-8, java.vendor=Oracle Corporation, java.vm.info=mixed mode, sharing, java.vm.version=25+36-3489, stdin.encoding=UTF-8, sun.io.unicode.encoding=UnicodeBig, hibernate.archive.scanner=org.hibernate.boot.archive.scan.internal.DisabledScanner, hibernate.connection.datasource=HikariDataSource (HikariPool-1), socksNonProxyHosts=local|*.local|169.254/16|*.169.254/16, debugger.agent.enable.coroutines=true, CONSOLE_LOG_PATTERN=%clr(%d{dd-MM-yyyy HH:mm:ss}){blue} [%level] [%t] [%c{1}] --- %m%n, java.class.version=69.0, LOGGED_APPLICATION_NAME=[prod-ready-features] }
2026-04-03 20:23:02 DEBUG o.h.HQL_FUNCTIONS - Available HQL Functions:
	_order_by_frag(arg0, arg1)
	abs(NUMERIC arg)
	Double acos(NUMERIC arg)
	adddate(DATE datetime, INTEGER days)
	addtime(TIME datetime, TIME time)
	Boolean any(BOOLEAN arg)
	Integer ascii(STRING arg)
	Double asin(NUMERIC arg)
	Double atan(NUMERIC arg)
	Double atan2(NUMERIC arg0, NUMERIC arg1)
	avg(arg)
	bit_and(arg)
	Integer bit_length(STRING_OR_CLOB arg)
	bit_or(arg)
	bitand(arg0, arg1)
	bitnot(arg)
	bitor(arg0, arg1)
	bitxor(arg0, arg1)
	cast(arg as Type)
	ceiling(NUMERIC arg)
	Character char(INTEGER arg)
	Integer character_length(STRING_OR_CLOB arg)
	Character chr(INTEGER arg)
	coalesce(arg0[, arg1[, ...]])
	String collate(STRING string as COLLATION collation)
	String concat(STRING string0[, STRING string1[, ...]])
	Double cos(NUMERIC arg)
	Double cosh(NUMERIC arg)
	Double cot(NUMERIC arg)
	Long count([distinct ]{arg|*})
	Integer crc32(arg)
	Double cume_dist([arg0[, ...]])
	Date curdate()
	Date current date
	Time current time
	Timestamp current timestamp
	Date current_date
	Instant current_instant
	Time current_time
	Timestamp current_timestamp
	Time curtime()
	Date date(arg)
	dateadd(TEMPORAL_UNIT field, INTEGER magnitude, TEMPORAL datetime)
	Integer datediff(DATE end, DATE start)
	Integer day(DATE arg)
	String dayname(DATE arg)
	Integer dayofmonth(DATE arg)
	Integer dayofweek(DATE arg)
	Integer dayofyear(DATE arg)
	Double degrees(NUMERIC arg)
	Long dense_rank([arg0[, ...]])
	Boolean every(BOOLEAN arg)
	Double exp(NUMERIC arg)
	extract(TEMPORAL_UNIT field from TEMPORAL arg)
	first_valueANY value
	floor(NUMERIC arg)
	String format(TEMPORAL datetime as STRING pattern)
	greatest(COMPARABLE arg0, COMPARABLE arg1[, arg2[, ...]])
	String hex(arg)
	Integer hour(TIME arg)
	ifnull(arg0, arg1)
	String insert(STRING string, INTEGER start, INTEGER length, STRING replacement)
	Instant instant
	Integer instr(STRING string, STRING pattern[, INTEGER start[, INTEGER occurrence]])
	String json_array([arg0[, ...]])
	String json_array_append(IMPLICIT_JSON arg0, STRING arg1, ANY arg2)
	String json_array_insert(IMPLICIT_JSON arg0, STRING arg1, ANY arg2)
	String json_arrayagg(arg0[, arg1])
	Boolean json_exists(IMPLICIT_JSON arg0, STRING arg1)
	String json_insert(IMPLICIT_JSON arg0, STRING arg1, ANY arg2)
	String json_mergepatch(IMPLICIT_JSON arg0, IMPLICIT_JSON arg1[, arg2[, ...]])
	String json_object( ... )
	String json_objectagg(arg0, arg1[, arg2, arg3])
	String json_query( ... )
	String json_remove(IMPLICIT_JSON arg0, STRING arg1)
	String json_replace(IMPLICIT_JSON arg0, STRING arg1, ANY arg2)
	String json_set(IMPLICIT_JSON arg0, STRING arg1, ANY arg2)
	json_value( ... )
	lagANY value[, INTEGER offset[, ANY default]]
	Date last_day(DATE arg)
	last_valueANY value
	leadANY value[, INTEGER offset[, ANY default]]
	least(COMPARABLE arg0, COMPARABLE arg1[, arg2[, ...]])
	String left(STRING string, INTEGER length)
	Integer length(STRING_OR_CLOB arg)
	String listagg(STRING arg0, STRING arg1)
	Double ln(NUMERIC arg)
	LocalDate local date
	LocalDateTime local datetime
	LocalTime local time
	LocalDate local_date
	LocalDateTime local_datetime
	LocalTime local_time
	Time localtime
	Timestamp localtimestamp
	Integer locate(STRING pattern, STRING string[, INTEGER start])
	Double log(NUMERIC arg0[, NUMERIC arg1])
	Double log10(NUMERIC arg)
	Double log2(NUMERIC arg)
	String lower(STRING string)
	String lpad(string, length[, padding])
	String ltrim(STRING string[, STRING characters])
	Date makedate(INTEGER year, INTEGER dayofyear)
	Time maketime(INTEGER hour, INTEGER min, INTEGER sec)
	max(COMPARABLE arg)
	byte[] md5(arg)
	Integer microsecond(TIME arg)
	min(COMPARABLE arg)
	Integer minute(TIME arg)
	Integer mod(INTEGER arg0, INTEGER arg1)
	Integer month(DATE arg)
	String monthname(DATE arg)
	Timestamp now()
	nth_valueANY value, INTEGER nth
	nullif(arg0, arg1)
	Integer octet_length(STRING_OR_CLOB arg)
	OffsetDateTime offset datetime
	OffsetDateTime offset_datetime
	Integer ordinal(ENUM arg)
	String overlay(STRING string placing STRING replacement from INTEGER start[ for INTEGER length])
	String pad(STRING string with INTEGER length {leading|trailing}[ STRING character])
	Double percent_rank([arg0[, ...]])
	Double pi
	Integer position(STRING pattern in STRING string)
	Double power(NUMERIC arg0, NUMERIC arg1)
	Integer quarter(DATE arg)
	Double radians(NUMERIC arg)
	Double rand([INTEGER seed])
	Long rank([arg0[, ...]])
	Boolean regexp_like(STRING arg0, STRING arg1[, STRING arg2])
	String repeat(STRING string, INTEGER times)
	String replace(STRING string, STRING pattern, STRING replacement)
	String reverse(STRING arg)
	String right(STRING string, INTEGER length)
	round(NUMERIC number[, INTEGER places])
	Long row_number()
	String rpad(string, length[, padding])
	String rtrim(STRING string[, STRING characters])
	Integer second(TIME arg)
	byte[] sha(arg)
	String sha1(arg)
	String sha2(arg0, arg1)
	Integer sign(NUMERIC arg)
	Double sin(NUMERIC arg)
	Double sinh(NUMERIC arg)
	String soundex(arg)
	String space(INTEGER arg)
	sql
	Double sqrt(NUMERIC arg)
	Double stddev(NUMERIC arg)
	Double stddev_pop(NUMERIC arg)
	Double stddev_samp(NUMERIC arg)
	String str(arg)
	String string(ENUM arg)
	subdate(DATE datetime, INTEGER days)
	String substr(STRING string, INTEGER start[, INTEGER length])
	String substring(STRING string{ from|,} INTEGER start[{ for|,} INTEGER length])
	subtime(TIME datetime, TIME time)
	sum(arg)
	Timestamp sysdate()
	Double tan(NUMERIC arg)
	Double tanh(NUMERIC arg)
	String time(arg)
	Timestamp timestamp(arg0[, arg1])
	timestampadd(TEMPORAL_UNIT field, INTEGER magnitude, TEMPORAL datetime)
	Long|Double timestampdiff(TEMPORAL_UNIT field, TEMPORAL start, TEMPORAL end)
	String trim([[{leading|trailing|both} ][STRING arg0 ]from] STRING arg1)
	trunc( ... )
	truncate( ... )
	String upper(STRING string)
	Date utc_date
	Time utc_time
	Timestamp utc_timestamp
	Double var_pop(NUMERIC arg)
	Double var_samp(NUMERIC arg)
	Double variance(NUMERIC arg)
	Integer week(DATE arg)
	Integer year(DATE arg)

2026-04-03 20:23:02 DEBUG o.h.o.core - HHH000513: Unable to create the ReflectionOptimizer for [com.shikhilrane.shikhil.prod_ready_features.entities.PostEntity]: private accessor [createdBy]
2026-04-03 20:23:02 INFO  o.h.o.core - HHH000489: No JTA platform available (set 'hibernate.transaction.jta.platform' to enable JTA platform integration)
2026-04-03 20:23:02 DEBUG o.h.o.service - HHH010454: EventListenerRegistry access via ServiceRegistry is deprecated - use 'sessionFactory.getEventEngine().getListenerRegistry()' instead
2026-04-03 20:23:02 DEBUG o.h.SQL - 
    alter table posts_aud 
       drop 
       foreign key FKgd2crtj4u69d0y8bba9jwogbi
2026-04-03 20:23:02 DEBUG o.h.SQL - 
    drop table if exists posts
2026-04-03 20:23:02 DEBUG o.h.SQL - 
    drop table if exists posts_aud
2026-04-03 20:23:02 DEBUG o.h.SQL - 
    drop table if exists revinfo
2026-04-03 20:23:02 DEBUG o.h.SQL - 
    create table posts (
        created_date datetime(6),
        id bigint not null auto_increment,
        updated_date datetime(6),
        created_by varchar(255),
        description varchar(255) not null,
        last_modified_by varchar(255),
        title varchar(255) not null,
        primary key (id)
    ) engine=InnoDB
2026-04-03 20:23:02 DEBUG o.h.SQL - 
    create table posts_aud (
        rev integer not null,
        revtype tinyint,
        created_date datetime(6),
        id bigint not null,
        updated_date datetime(6),
        created_by varchar(255),
        description varchar(255),
        last_modified_by varchar(255),
        title varchar(255),
        primary key (rev, id)
    ) engine=InnoDB
2026-04-03 20:23:02 DEBUG o.h.SQL - 
    create table revinfo (
        rev integer not null auto_increment,
        revtstmp bigint,
        primary key (rev)
    ) engine=InnoDB
2026-04-03 20:23:02 DEBUG o.h.SQL - 
    alter table posts_aud 
       add constraint FKgd2crtj4u69d0y8bba9jwogbi 
       foreign key (rev) 
       references revinfo (rev)
2026-04-03 20:23:02 DEBUG o.h.o.factoryRegistry - HHH020384: Registering SessionFactory [773ad8b2-b013-46b5-a016-d86cd8d74a2d] (default)
2026-04-03 20:23:02 INFO  o.s.o.j.LocalContainerEntityManagerFactoryBean - Initialized JPA EntityManagerFactory for persistence unit 'default'
2026-04-03 20:23:02 DEBUG o.s.b.f.s.DefaultListableBeanFactory - Creating shared instance of singleton bean 'prodReadyFeaturesApplication'
2026-04-03 20:23:02 DEBUG o.s.b.f.s.DefaultListableBeanFactory - Creating shared instance of singleton bean 'globalExceptionHandler'
2026-04-03 20:23:02 DEBUG o.s.b.f.s.DefaultListableBeanFactory - Creating shared instance of singleton bean 'globalResponseHandler'
2026-04-03 20:23:02 DEBUG o.s.b.f.s.DefaultListableBeanFactory - Creating shared instance of singleton bean 'auditorProvider'
2026-04-03 20:23:02 DEBUG o.s.b.f.s.DefaultListableBeanFactory - Creating shared instance of singleton bean 'employeeClientImpl'
2026-04-03 20:23:02 DEBUG o.s.b.f.s.DefaultListableBeanFactory - Creating shared instance of singleton bean 'getEmployeeServiceRestClient'
2026-04-03 20:23:02 DEBUG o.s.b.f.s.DefaultListableBeanFactory - Creating shared instance of singleton bean 'restClientConfig'
2026-04-03 20:23:02 DEBUG o.s.c.e.PropertySourcesPropertyResolver - Found key 'employeeService.base.url' in PropertySource 'environmentProperties' with value of type String
2026-04-03 20:23:03 DEBUG o.s.b.f.s.DefaultListableBeanFactory - Autowiring by type from bean name 'employeeClientImpl' via constructor to bean named 'getEmployeeServiceRestClient'
2026-04-03 20:23:03 DEBUG o.s.b.f.s.DefaultListableBeanFactory - Creating shared instance of singleton bean 'auditingConfig'
2026-04-03 20:23:03 DEBUG o.s.b.f.s.DefaultListableBeanFactory - Creating shared instance of singleton bean 'mapperConfig'
2026-04-03 20:23:03 DEBUG o.s.b.f.s.DefaultListableBeanFactory - Creating shared instance of singleton bean 'employeeRestClientController'
2026-04-03 20:23:03 DEBUG o.s.b.f.s.DefaultListableBeanFactory - Autowiring by type from bean name 'employeeRestClientController' via constructor to bean named 'employeeClientImpl'
2026-04-03 20:23:03 DEBUG o.s.b.f.s.DefaultListableBeanFactory - Creating shared instance of singleton bean 'postAuditController'
2026-04-03 20:23:03 DEBUG o.s.b.f.s.DefaultListableBeanFactory - Creating shared instance of singleton bean 'modelMapper'
2026-04-03 20:23:03 DEBUG o.s.b.f.s.DefaultListableBeanFactory - Autowiring by type from bean name 'postAuditController' via constructor to bean named 'entityManagerFactory'
2026-04-03 20:23:03 DEBUG o.s.b.f.s.DefaultListableBeanFactory - Autowiring by type from bean name 'postAuditController' via constructor to bean named 'modelMapper'
2026-04-03 20:23:03 DEBUG o.s.b.f.s.DefaultListableBeanFactory - Creating shared instance of singleton bean 'postController'
2026-04-03 20:23:03 DEBUG o.s.b.f.s.DefaultListableBeanFactory - Creating shared instance of singleton bean 'postServiceImpl'
2026-04-03 20:23:03 DEBUG o.s.b.f.s.DefaultListableBeanFactory - Creating shared instance of singleton bean 'postRepository'
2026-04-03 20:23:03 DEBUG o.s.b.f.s.DefaultListableBeanFactory - Creating shared instance of singleton bean 'jpa.named-queries#0'
2026-04-03 20:23:03 DEBUG o.s.b.f.s.DefaultListableBeanFactory - Creating shared instance of singleton bean 'jpa.PostRepository.fragments#0'
2026-04-03 20:23:03 DEBUG o.s.b.f.s.DefaultListableBeanFactory - Creating shared instance of singleton bean 'jpaSharedEM_entityManagerFactory'
2026-04-03 20:23:03 DEBUG o.s.b.f.s.DefaultListableBeanFactory - Creating shared instance of singleton bean 'jpaMappingContext'
2026-04-03 20:23:03 DEBUG o.s.d.j.r.c.JpaMetamodelMappingContextFactoryBean - Initializing JpaMetamodelMappingContext…
2026-04-03 20:23:03 DEBUG o.s.d.j.r.c.JpaMetamodelMappingContextFactoryBean - Finished initializing JpaMetamodelMappingContext
2026-04-03 20:23:03 INFO  o.s.d.j.r.q.QueryEnhancerFactories - Hibernate is in classpath; If applicable, HQL parser will be used.
2026-04-03 20:23:03 DEBUG o.s.d.r.c.s.RepositoryFactorySupport - Initializing repository instance for com.shikhilrane.shikhil.prod_ready_features.repositories.PostRepository…
2026-04-03 20:23:03 DEBUG o.s.d.r.c.s.RepositoryFactorySupport - Finished creation of repository instance for com.shikhilrane.shikhil.prod_ready_features.repositories.PostRepository.
2026-04-03 20:23:03 DEBUG o.s.b.f.s.DefaultListableBeanFactory - Autowiring by type from bean name 'postServiceImpl' via constructor to bean named 'postRepository'
2026-04-03 20:23:03 DEBUG o.s.b.f.s.DefaultListableBeanFactory - Autowiring by type from bean name 'postServiceImpl' via constructor to bean named 'modelMapper'
2026-04-03 20:23:03 DEBUG o.s.b.f.s.DefaultListableBeanFactory - Autowiring by type from bean name 'postController' via constructor to bean named 'postServiceImpl'
2026-04-03 20:23:03 DEBUG o.s.b.f.s.DefaultListableBeanFactory - Creating shared instance of singleton bean 'jpaAuditingHandler'
2026-04-03 20:23:03 DEBUG o.s.a.f.ProxyFactoryBean - Advice has changed; re-caching singleton instance
2026-04-03 20:23:03 DEBUG o.s.b.f.s.DefaultListableBeanFactory - Creating shared instance of singleton bean 'org.springframework.data.jpa.domain.support.AuditingEntityListener'
2026-04-03 20:23:03 DEBUG o.s.b.f.s.DefaultListableBeanFactory - Creating shared instance of singleton bean 'org.springframework.boot.autoconfigure.context.PropertyPlaceholderAutoConfiguration'
2026-04-03 20:23:03 DEBUG o.s.b.f.s.DefaultListableBeanFactory - Creating shared instance of singleton bean 'org.springframework.boot.webmvc.autoconfigure.DispatcherServletAutoConfiguration$DispatcherServletConfiguration'
2026-04-03 20:23:03 DEBUG o.s.b.f.s.DefaultListableBeanFactory - Creating shared instance of singleton bean 'dispatcherServlet'
2026-04-03 20:23:03 DEBUG o.s.b.f.s.DefaultListableBeanFactory - Creating shared instance of singleton bean 'spring.mvc-org.springframework.boot.webmvc.autoconfigure.WebMvcProperties'
2026-04-03 20:23:03 DEBUG o.s.b.f.s.DefaultListableBeanFactory - Autowiring by type from bean name 'dispatcherServlet' via factory method to bean named 'spring.mvc-org.springframework.boot.webmvc.autoconfigure.WebMvcProperties'
2026-04-03 20:23:03 DEBUG o.s.b.f.s.DefaultListableBeanFactory - Creating shared instance of singleton bean 'org.springframework.boot.context.properties.EnableConfigurationPropertiesRegistrar.methodValidationExcludeFilter'
2026-04-03 20:23:03 DEBUG o.s.b.f.s.DefaultListableBeanFactory - Creating shared instance of singleton bean 'org.springframework.boot.webmvc.autoconfigure.DispatcherServletAutoConfiguration$DispatcherServletRegistrationConfiguration'
2026-04-03 20:23:03 DEBUG o.s.b.f.s.DefaultListableBeanFactory - Creating shared instance of singleton bean 'dispatcherServletRegistration'
2026-04-03 20:23:03 DEBUG o.s.b.f.s.DefaultListableBeanFactory - Autowiring by type from bean name 'dispatcherServletRegistration' via factory method to bean named 'dispatcherServlet'
2026-04-03 20:23:03 DEBUG o.s.b.f.s.DefaultListableBeanFactory - Autowiring by type from bean name 'dispatcherServletRegistration' via factory method to bean named 'spring.mvc-org.springframework.boot.webmvc.autoconfigure.WebMvcProperties'
2026-04-03 20:23:03 DEBUG o.s.b.f.s.DefaultListableBeanFactory - Creating shared instance of singleton bean 'multipartConfigElement'
2026-04-03 20:23:03 DEBUG o.s.b.f.s.DefaultListableBeanFactory - Creating shared instance of singleton bean 'org.springframework.boot.servlet.autoconfigure.MultipartAutoConfiguration'
2026-04-03 20:23:03 DEBUG o.s.b.f.s.DefaultListableBeanFactory - Creating shared instance of singleton bean 'spring.servlet.multipart-org.springframework.boot.servlet.autoconfigure.MultipartProperties'
2026-04-03 20:23:03 DEBUG o.s.b.f.s.DefaultListableBeanFactory - Autowiring by type from bean name 'org.springframework.boot.servlet.autoconfigure.MultipartAutoConfiguration' via constructor to bean named 'spring.servlet.multipart-org.springframework.boot.servlet.autoconfigure.MultipartProperties'
2026-04-03 20:23:03 DEBUG o.s.b.f.s.DefaultListableBeanFactory - Creating shared instance of singleton bean 'org.springframework.boot.webmvc.autoconfigure.DispatcherServletAutoConfiguration'
2026-04-03 20:23:03 DEBUG o.s.b.f.s.DefaultListableBeanFactory - Creating shared instance of singleton bean 'org.springframework.boot.autoconfigure.task.TaskExecutorConfigurations$SimpleAsyncTaskExecutorBuilderConfiguration'
2026-04-03 20:23:03 DEBUG o.s.b.f.s.DefaultListableBeanFactory - Autowiring by type from bean name 'org.springframework.boot.autoconfigure.task.TaskExecutorConfigurations$SimpleAsyncTaskExecutorBuilderConfiguration' via constructor to bean named 'spring.task.execution-org.springframework.boot.autoconfigure.task.TaskExecutionProperties'
2026-04-03 20:23:03 DEBUG o.s.b.f.s.DefaultListableBeanFactory - Creating shared instance of singleton bean 'simpleAsyncTaskExecutorBuilder'
2026-04-03 20:23:03 DEBUG o.s.b.f.s.DefaultListableBeanFactory - Creating shared instance of singleton bean 'org.springframework.boot.autoconfigure.task.TaskExecutorConfigurations$AsyncConfigurerConfiguration'
2026-04-03 20:23:03 DEBUG o.s.b.f.s.DefaultListableBeanFactory - Creating shared instance of singleton bean 'applicationTaskExecutorAsyncConfigurer'
2026-04-03 20:23:03 DEBUG o.s.b.f.s.DefaultListableBeanFactory - Autowiring by type from bean name 'applicationTaskExecutorAsyncConfigurer' via factory method to bean named 'org.springframework.beans.factory.support.DefaultListableBeanFactory@3b545206'
2026-04-03 20:23:03 DEBUG o.s.b.f.s.DefaultListableBeanFactory - Creating shared instance of singleton bean 'org.springframework.boot.autoconfigure.task.TaskExecutorConfigurations$BootstrapExecutorConfiguration'
2026-04-03 20:23:03 DEBUG o.s.b.f.s.DefaultListableBeanFactory - Creating shared instance of singleton bean 'org.springframework.boot.autoconfigure.task.TaskExecutionAutoConfiguration'
2026-04-03 20:23:03 DEBUG o.s.b.f.s.DefaultListableBeanFactory - Creating shared instance of singleton bean 'org.springframework.boot.webmvc.autoconfigure.error.ErrorMvcAutoConfiguration$WhitelabelErrorViewConfiguration'
2026-04-03 20:23:03 DEBUG o.s.b.f.s.DefaultListableBeanFactory - Creating shared instance of singleton bean 'error'
2026-04-03 20:23:03 DEBUG o.s.b.f.s.DefaultListableBeanFactory - Creating shared instance of singleton bean 'beanNameViewResolver'
2026-04-03 20:23:03 DEBUG o.s.b.f.s.DefaultListableBeanFactory - Creating shared instance of singleton bean 'org.springframework.boot.webmvc.autoconfigure.error.ErrorMvcAutoConfiguration$DefaultErrorViewResolverConfiguration'
2026-04-03 20:23:03 DEBUG o.s.b.f.s.DefaultListableBeanFactory - Creating shared instance of singleton bean 'spring.web-org.springframework.boot.autoconfigure.web.WebProperties'
2026-04-03 20:23:03 DEBUG o.s.b.f.s.DefaultListableBeanFactory - Autowiring by type from bean name 'org.springframework.boot.webmvc.autoconfigure.error.ErrorMvcAutoConfiguration$DefaultErrorViewResolverConfiguration' via constructor to bean named 'org.springframework.web.context.support.GenericWebApplicationContext@5cbe2654'
2026-04-03 20:23:03 DEBUG o.s.b.f.s.DefaultListableBeanFactory - Autowiring by type from bean name 'org.springframework.boot.webmvc.autoconfigure.error.ErrorMvcAutoConfiguration$DefaultErrorViewResolverConfiguration' via constructor to bean named 'spring.web-org.springframework.boot.autoconfigure.web.WebProperties'
2026-04-03 20:23:03 DEBUG o.s.b.f.s.DefaultListableBeanFactory - Creating shared instance of singleton bean 'conventionErrorViewResolver'
2026-04-03 20:23:03 DEBUG o.s.b.f.s.DefaultListableBeanFactory - Creating shared instance of singleton bean 'org.springframework.boot.webmvc.autoconfigure.error.ErrorMvcAutoConfiguration'
2026-04-03 20:23:03 DEBUG o.s.b.f.s.DefaultListableBeanFactory - Autowiring by type from bean name 'org.springframework.boot.webmvc.autoconfigure.error.ErrorMvcAutoConfiguration' via constructor to bean named 'spring.web-org.springframework.boot.autoconfigure.web.WebProperties'
2026-04-03 20:23:03 DEBUG o.s.b.f.s.DefaultListableBeanFactory - Creating shared instance of singleton bean 'errorAttributes'
2026-04-03 20:23:03 DEBUG o.s.b.f.s.DefaultListableBeanFactory - Creating shared instance of singleton bean 'basicErrorController'
2026-04-03 20:23:03 DEBUG o.s.b.f.s.DefaultListableBeanFactory - Autowiring by type from bean name 'basicErrorController' via factory method to bean named 'errorAttributes'
2026-04-03 20:23:03 DEBUG o.s.b.f.s.DefaultListableBeanFactory - Creating shared instance of singleton bean 'errorPageCustomizer'
2026-04-03 20:23:03 DEBUG o.s.b.f.s.DefaultListableBeanFactory - Autowiring by type from bean name 'errorPageCustomizer' via factory method to bean named 'dispatcherServletRegistration'
2026-04-03 20:23:03 DEBUG o.s.b.f.s.DefaultListableBeanFactory - Creating shared instance of singleton bean 'org.springframework.boot.webmvc.autoconfigure.WebMvcAutoConfiguration$EnableWebMvcConfiguration'
2026-04-03 20:23:03 DEBUG o.s.b.f.s.DefaultListableBeanFactory - Autowiring by type from bean name 'org.springframework.boot.webmvc.autoconfigure.WebMvcAutoConfiguration$EnableWebMvcConfiguration' via constructor to bean named 'spring.mvc-org.springframework.boot.webmvc.autoconfigure.WebMvcProperties'
2026-04-03 20:23:03 DEBUG o.s.b.f.s.DefaultListableBeanFactory - Autowiring by type from bean name 'org.springframework.boot.webmvc.autoconfigure.WebMvcAutoConfiguration$EnableWebMvcConfiguration' via constructor to bean named 'spring.web-org.springframework.boot.autoconfigure.web.WebProperties'
2026-04-03 20:23:03 DEBUG o.s.b.f.s.DefaultListableBeanFactory - Autowiring by type from bean name 'org.springframework.boot.webmvc.autoconfigure.WebMvcAutoConfiguration$EnableWebMvcConfiguration' via constructor to bean named 'org.springframework.beans.factory.support.DefaultListableBeanFactory@3b545206'
2026-04-03 20:23:03 DEBUG o.s.b.f.s.DefaultListableBeanFactory - Creating shared instance of singleton bean 'org.springframework.boot.webmvc.autoconfigure.WebMvcAutoConfiguration$WebMvcAutoConfigurationAdapter'
2026-04-03 20:23:03 DEBUG o.s.b.f.s.DefaultListableBeanFactory - Autowiring by type from bean name 'org.springframework.boot.webmvc.autoconfigure.WebMvcAutoConfiguration$WebMvcAutoConfigurationAdapter' via constructor to bean named 'spring.web-org.springframework.boot.autoconfigure.web.WebProperties'
2026-04-03 20:23:03 DEBUG o.s.b.f.s.DefaultListableBeanFactory - Autowiring by type from bean name 'org.springframework.boot.webmvc.autoconfigure.WebMvcAutoConfiguration$WebMvcAutoConfigurationAdapter' via constructor to bean named 'spring.mvc-org.springframework.boot.webmvc.autoconfigure.WebMvcProperties'
2026-04-03 20:23:03 DEBUG o.s.b.f.s.DefaultListableBeanFactory - Autowiring by type from bean name 'org.springframework.boot.webmvc.autoconfigure.WebMvcAutoConfiguration$WebMvcAutoConfigurationAdapter' via constructor to bean named 'org.springframework.beans.factory.support.DefaultListableBeanFactory@3b545206'
2026-04-03 20:23:03 DEBUG o.s.b.f.s.DefaultListableBeanFactory - Creating shared instance of singleton bean 'org.springframework.data.web.config.SpringDataWebConfiguration'
2026-04-03 20:23:03 DEBUG o.s.b.f.s.DefaultListableBeanFactory - Autowiring by type from bean name 'org.springframework.data.web.config.SpringDataWebConfiguration' via constructor to bean named 'org.springframework.web.context.support.GenericWebApplicationContext@5cbe2654'
2026-04-03 20:23:03 DEBUG o.s.b.f.s.DefaultListableBeanFactory - Creating shared instance of singleton bean 'openEntityManagerInViewInterceptorConfigurer'
2026-04-03 20:23:03 DEBUG o.s.b.f.s.DefaultListableBeanFactory - Creating shared instance of singleton bean 'org.springframework.boot.jpa.autoconfigure.JpaBaseConfiguration$JpaWebConfiguration'
2026-04-03 20:23:03 DEBUG o.s.b.f.s.DefaultListableBeanFactory - Autowiring by type from bean name 'org.springframework.boot.jpa.autoconfigure.JpaBaseConfiguration$JpaWebConfiguration' via constructor to bean named 'spring.jpa-org.springframework.boot.jpa.autoconfigure.JpaProperties'
2026-04-03 20:23:03 DEBUG o.s.b.f.s.DefaultListableBeanFactory - Creating shared instance of singleton bean 'openEntityManagerInViewInterceptor'
2026-04-03 20:23:03 WARN  o.s.b.j.a.JpaBaseConfiguration$JpaWebConfiguration - spring.jpa.open-in-view is enabled by default. Therefore, database queries may be performed during view rendering. Explicitly configure spring.jpa.open-in-view to disable this warning
2026-04-03 20:23:03 DEBUG o.s.b.f.s.DefaultListableBeanFactory - Autowiring by type from bean name 'openEntityManagerInViewInterceptorConfigurer' via factory method to bean named 'openEntityManagerInViewInterceptor'
2026-04-03 20:23:03 DEBUG o.s.b.f.s.DefaultListableBeanFactory - Creating shared instance of singleton bean 'welcomePageHandlerMapping'
2026-04-03 20:23:03 DEBUG o.s.b.f.s.DefaultListableBeanFactory - Creating shared instance of singleton bean 'mvcConversionService'
2026-04-03 20:23:03 DEBUG o.s.b.f.s.DefaultListableBeanFactory - Creating shared instance of singleton bean 'mvcResourceUrlProvider'
2026-04-03 20:23:03 DEBUG o.s.b.f.s.DefaultListableBeanFactory - Autowiring by type from bean name 'welcomePageHandlerMapping' via factory method to bean named 'org.springframework.web.context.support.GenericWebApplicationContext@5cbe2654'
2026-04-03 20:23:03 DEBUG o.s.b.f.s.DefaultListableBeanFactory - Autowiring by type from bean name 'welcomePageHandlerMapping' via factory method to bean named 'mvcConversionService'
2026-04-03 20:23:03 DEBUG o.s.b.f.s.DefaultListableBeanFactory - Autowiring by type from bean name 'welcomePageHandlerMapping' via factory method to bean named 'mvcResourceUrlProvider'
2026-04-03 20:23:03 DEBUG o.s.b.f.s.DefaultListableBeanFactory - Creating shared instance of singleton bean 'welcomePageNotAcceptableHandlerMapping'
2026-04-03 20:23:03 DEBUG o.s.b.f.s.DefaultListableBeanFactory - Autowiring by type from bean name 'welcomePageNotAcceptableHandlerMapping' via factory method to bean named 'org.springframework.web.context.support.GenericWebApplicationContext@5cbe2654'
2026-04-03 20:23:03 DEBUG o.s.b.f.s.DefaultListableBeanFactory - Autowiring by type from bean name 'welcomePageNotAcceptableHandlerMapping' via factory method to bean named 'mvcConversionService'
2026-04-03 20:23:03 DEBUG o.s.b.f.s.DefaultListableBeanFactory - Autowiring by type from bean name 'welcomePageNotAcceptableHandlerMapping' via factory method to bean named 'mvcResourceUrlProvider'
2026-04-03 20:23:03 DEBUG o.s.b.f.s.DefaultListableBeanFactory - Creating shared instance of singleton bean 'localeResolver'
2026-04-03 20:23:03 DEBUG o.s.b.f.s.DefaultListableBeanFactory - Creating shared instance of singleton bean 'flashMapManager'
2026-04-03 20:23:03 DEBUG o.s.b.f.s.DefaultListableBeanFactory - Creating shared instance of singleton bean 'viewNameTranslator'
2026-04-03 20:23:03 DEBUG o.s.b.f.s.DefaultListableBeanFactory - Creating shared instance of singleton bean 'mvcValidator'
2026-04-03 20:23:03 DEBUG o.s.b.f.s.DefaultListableBeanFactory - Creating shared instance of singleton bean 'requestMappingHandlerMapping'
2026-04-03 20:23:03 DEBUG o.s.b.f.s.DefaultListableBeanFactory - Creating shared instance of singleton bean 'mvcContentNegotiationManager'
2026-04-03 20:23:03 DEBUG o.s.b.f.s.DefaultListableBeanFactory - Creating shared instance of singleton bean 'stringHttpMessageConvertersCustomizer'
2026-04-03 20:23:03 DEBUG o.s.b.f.s.DefaultListableBeanFactory - Creating shared instance of singleton bean 'org.springframework.boot.http.converter.autoconfigure.HttpMessageConvertersAutoConfiguration$StringHttpMessageConverterConfiguration'
2026-04-03 20:23:03 DEBUG o.s.b.f.s.DefaultListableBeanFactory - Creating shared instance of singleton bean 'spring.http.converters-org.springframework.boot.http.converter.autoconfigure.HttpMessageConvertersProperties'
2026-04-03 20:23:03 DEBUG o.s.b.f.s.DefaultListableBeanFactory - Autowiring by type from bean name 'stringHttpMessageConvertersCustomizer' via factory method to bean named 'spring.http.converters-org.springframework.boot.http.converter.autoconfigure.HttpMessageConvertersProperties'
2026-04-03 20:23:03 DEBUG o.s.b.f.s.DefaultListableBeanFactory - Creating shared instance of singleton bean 'jacksonJsonHttpMessageConvertersCustomizer'
2026-04-03 20:23:03 DEBUG o.s.b.f.s.DefaultListableBeanFactory - Creating shared instance of singleton bean 'org.springframework.boot.http.converter.autoconfigure.JacksonHttpMessageConvertersConfiguration$JacksonJsonHttpMessageConverterConfiguration'
2026-04-03 20:23:03 DEBUG o.s.b.f.s.DefaultListableBeanFactory - Creating shared instance of singleton bean 'jacksonJsonMapper'
2026-04-03 20:23:03 DEBUG o.s.b.f.s.DefaultListableBeanFactory - Creating shared instance of singleton bean 'org.springframework.boot.jackson.autoconfigure.JacksonAutoConfiguration'
2026-04-03 20:23:03 DEBUG o.s.b.f.s.DefaultListableBeanFactory - Creating shared instance of singleton bean 'problemDetailJsonMapperBuilderCustomizer'
2026-04-03 20:23:03 DEBUG o.s.b.f.s.DefaultListableBeanFactory - Creating shared instance of singleton bean 'org.springframework.boot.jackson.autoconfigure.JacksonAutoConfiguration$JsonProblemDetailsConfiguration'
2026-04-03 20:23:03 DEBUG o.s.b.f.s.DefaultListableBeanFactory - Creating shared instance of singleton bean 'standardJsonMapperBuilderCustomizer'
2026-04-03 20:23:03 DEBUG o.s.b.f.s.DefaultListableBeanFactory - Creating shared instance of singleton bean 'org.springframework.boot.jackson.autoconfigure.JacksonAutoConfiguration$JacksonJsonMapperBuilderCustomizerConfiguration'
2026-04-03 20:23:03 DEBUG o.s.b.f.s.DefaultListableBeanFactory - Creating shared instance of singleton bean 'spring.jackson-org.springframework.boot.jackson.autoconfigure.JacksonProperties'
2026-04-03 20:23:03 DEBUG o.s.b.f.s.DefaultListableBeanFactory - Autowiring by type from bean name 'standardJsonMapperBuilderCustomizer' via factory method to bean named 'spring.jackson-org.springframework.boot.jackson.autoconfigure.JacksonProperties'
2026-04-03 20:23:03 DEBUG o.s.b.f.s.DefaultListableBeanFactory - Creating shared instance of singleton bean 'jackson3GeoModule'
2026-04-03 20:23:03 DEBUG o.s.b.f.s.DefaultListableBeanFactory - Creating shared instance of singleton bean 'org.springframework.data.web.config.SpringDataJackson3Configuration'
2026-04-03 20:23:03 DEBUG o.s.b.f.s.DefaultListableBeanFactory - Creating shared instance of singleton bean 'springDataWebSettings'
2026-04-03 20:23:03 DEBUG o.s.b.f.s.DefaultListableBeanFactory - Creating shared instance of singleton bean 'org.springframework.boot.data.autoconfigure.web.DataWebAutoConfiguration'
2026-04-03 20:23:03 DEBUG o.s.b.f.s.DefaultListableBeanFactory - Creating shared instance of singleton bean 'spring.data.web-org.springframework.boot.data.autoconfigure.web.DataWebProperties'
2026-04-03 20:23:03 DEBUG o.s.b.f.s.DefaultListableBeanFactory - Autowiring by type from bean name 'org.springframework.boot.data.autoconfigure.web.DataWebAutoConfiguration' via constructor to bean named 'spring.data.web-org.springframework.boot.data.autoconfigure.web.DataWebProperties'
2026-04-03 20:23:03 DEBUG o.s.b.f.s.DefaultListableBeanFactory - Creating shared instance of singleton bean 'jackson3pageModule'
2026-04-03 20:23:03 DEBUG o.s.b.f.s.DefaultListableBeanFactory - Creating shared instance of singleton bean 'jacksonMixinModule'
2026-04-03 20:23:03 DEBUG o.s.b.f.s.DefaultListableBeanFactory - Creating shared instance of singleton bean 'org.springframework.boot.jackson.autoconfigure.JacksonAutoConfiguration$JacksonMixinConfiguration'
2026-04-03 20:23:03 DEBUG o.s.b.f.s.DefaultListableBeanFactory - Creating shared instance of singleton bean 'jacksonMixinModuleEntries'
2026-04-03 20:23:03 DEBUG o.s.b.f.s.DefaultListableBeanFactory - Autowiring by type from bean name 'jacksonMixinModuleEntries' via factory method to bean named 'org.springframework.web.context.support.GenericWebApplicationContext@5cbe2654'
2026-04-03 20:23:03 DEBUG o.s.b.f.s.DefaultListableBeanFactory - Autowiring by type from bean name 'jacksonMixinModule' via factory method to bean named 'org.springframework.web.context.support.GenericWebApplicationContext@5cbe2654'
2026-04-03 20:23:03 DEBUG o.s.b.f.s.DefaultListableBeanFactory - Autowiring by type from bean name 'jacksonMixinModule' via factory method to bean named 'jacksonMixinModuleEntries'
2026-04-03 20:23:03 DEBUG o.s.b.f.s.DefaultListableBeanFactory - Creating shared instance of singleton bean 'jsonComponentModule'
2026-04-03 20:23:03 DEBUG o.s.b.f.s.DefaultListableBeanFactory - Autowiring by type from bean name 'jsonMapperBuilder' via factory method to bean named 'problemDetailJsonMapperBuilderCustomizer'
2026-04-03 20:23:03 DEBUG o.s.b.f.s.DefaultListableBeanFactory - Autowiring by type from bean name 'jsonMapperBuilder' via factory method to bean named 'standardJsonMapperBuilderCustomizer'
2026-04-03 20:23:03 DEBUG o.s.b.f.s.DefaultListableBeanFactory - Autowiring by type from bean name 'jacksonJsonMapper' via factory method to bean named 'jsonMapperBuilder'
2026-04-03 20:23:03 DEBUG o.s.b.f.s.DefaultListableBeanFactory - Autowiring by type from bean name 'jacksonJsonHttpMessageConvertersCustomizer' via factory method to bean named 'jacksonJsonMapper'
2026-04-03 20:23:03 DEBUG o.s.b.f.s.DefaultListableBeanFactory - Creating shared instance of singleton bean 'serverConvertersCustomizer'
2026-04-03 20:23:03 DEBUG o.s.b.f.s.DefaultListableBeanFactory - Creating shared instance of singleton bean 'org.springframework.boot.http.converter.autoconfigure.HttpMessageConvertersAutoConfiguration'
2026-04-03 20:23:03 DEBUG o.s.b.f.s.DefaultListableBeanFactory - Creating shared instance of singleton bean 'mvcApiVersionStrategy'
2026-04-03 20:23:03 DEBUG o.s.b.f.s.DefaultListableBeanFactory - Autowiring by type from bean name 'requestMappingHandlerMapping' via factory method to bean named 'mvcContentNegotiationManager'
2026-04-03 20:23:03 DEBUG o.s.b.f.s.DefaultListableBeanFactory - Autowiring by type from bean name 'requestMappingHandlerMapping' via factory method to bean named 'mvcApiVersionStrategy'
2026-04-03 20:23:03 DEBUG o.s.b.f.s.DefaultListableBeanFactory - Autowiring by type from bean name 'requestMappingHandlerMapping' via factory method to bean named 'mvcConversionService'
2026-04-03 20:23:03 DEBUG o.s.b.f.s.DefaultListableBeanFactory - Autowiring by type from bean name 'requestMappingHandlerMapping' via factory method to bean named 'mvcResourceUrlProvider'
2026-04-03 20:23:03 DEBUG _.s.w.s.H.Mappings - 
	c.s.s.p.c.EmployeeRestClientController:
	{DELETE [/client/employees/{id}]}: deleteEmployee(Long)
	{PUT [/client/employees/{id}]}: updateEmployee(Long,EmployeeDto)
	{GET [/client/employees/getAllEmployees]}: getAllEmployees()
	{GET [/client/employees/{id}]}: getEmployeeById(Long)
	{POST [/client/employees/getAllEmployees]}: createEmployee(EmployeeDto)
	{PATCH [/client/employees/{id}]}: updatePartialEmployee(Long,Map)
2026-04-03 20:23:03 DEBUG _.s.w.s.H.Mappings - 
	c.s.s.p.c.PostAuditController:
	{GET [/postAudit/posts/{postId}]}: getPostRevision(Long)
2026-04-03 20:23:03 DEBUG _.s.w.s.H.Mappings - 
	c.s.s.p.c.PostController:
	{GET [/posts/getAllPosts]}: getAll()
	{POST [/posts/createPost]}: createNewPost(PostDto)
	{GET [/posts/{getPostById}]}: getbyId(Long)
	{PUT [/posts/{id}]}: putPost(PostDto,Long)
2026-04-03 20:23:03 DEBUG _.s.w.s.H.Mappings - 
	o.s.b.w.a.e.BasicErrorController:
	{ [/error]}: error(HttpServletRequest)
	{ [/error], produces [text/html]}: errorHtml(HttpServletRequest,HttpServletResponse)
2026-04-03 20:23:03 DEBUG o.s.w.s.m.m.a.RequestMappingHandlerMapping - 13 mappings in 'requestMappingHandlerMapping'
2026-04-03 20:23:03 DEBUG o.s.b.f.s.DefaultListableBeanFactory - Creating shared instance of singleton bean 'mvcPatternParser'
2026-04-03 20:23:03 DEBUG o.s.b.f.s.DefaultListableBeanFactory - Creating shared instance of singleton bean 'mvcUrlPathHelper'
2026-04-03 20:23:03 DEBUG o.s.b.f.s.DefaultListableBeanFactory - Creating shared instance of singleton bean 'mvcPathMatcher'
2026-04-03 20:23:03 DEBUG o.s.b.f.s.DefaultListableBeanFactory - Creating shared instance of singleton bean 'viewControllerHandlerMapping'
2026-04-03 20:23:03 DEBUG o.s.b.f.s.DefaultListableBeanFactory - Autowiring by type from bean name 'viewControllerHandlerMapping' via factory method to bean named 'mvcConversionService'
2026-04-03 20:23:03 DEBUG o.s.b.f.s.DefaultListableBeanFactory - Autowiring by type from bean name 'viewControllerHandlerMapping' via factory method to bean named 'mvcResourceUrlProvider'
2026-04-03 20:23:03 DEBUG o.s.b.f.s.DefaultListableBeanFactory - Creating shared instance of singleton bean 'beanNameHandlerMapping'
2026-04-03 20:23:03 DEBUG o.s.b.f.s.DefaultListableBeanFactory - Autowiring by type from bean name 'beanNameHandlerMapping' via factory method to bean named 'mvcConversionService'
2026-04-03 20:23:03 DEBUG o.s.b.f.s.DefaultListableBeanFactory - Autowiring by type from bean name 'beanNameHandlerMapping' via factory method to bean named 'mvcResourceUrlProvider'
2026-04-03 20:23:03 DEBUG _.s.w.s.H.Mappings - 'beanNameHandlerMapping' {}
2026-04-03 20:23:03 DEBUG o.s.b.f.s.DefaultListableBeanFactory - Creating shared instance of singleton bean 'routerFunctionMapping'
2026-04-03 20:23:03 DEBUG o.s.b.f.s.DefaultListableBeanFactory - Autowiring by type from bean name 'routerFunctionMapping' via factory method to bean named 'mvcConversionService'
2026-04-03 20:23:03 DEBUG o.s.b.f.s.DefaultListableBeanFactory - Autowiring by type from bean name 'routerFunctionMapping' via factory method to bean named 'mvcResourceUrlProvider'
2026-04-03 20:23:03 DEBUG o.s.b.f.s.DefaultListableBeanFactory - Autowiring by type from bean name 'routerFunctionMapping' via factory method to bean named 'mvcApiVersionStrategy'
2026-04-03 20:23:03 DEBUG o.s.b.f.s.DefaultListableBeanFactory - Creating shared instance of singleton bean 'resourceHandlerMapping'
2026-04-03 20:23:03 DEBUG o.s.b.f.s.DefaultListableBeanFactory - Autowiring by type from bean name 'resourceHandlerMapping' via factory method to bean named 'mvcContentNegotiationManager'
2026-04-03 20:23:03 DEBUG o.s.b.f.s.DefaultListableBeanFactory - Autowiring by type from bean name 'resourceHandlerMapping' via factory method to bean named 'mvcConversionService'
2026-04-03 20:23:03 DEBUG o.s.b.f.s.DefaultListableBeanFactory - Autowiring by type from bean name 'resourceHandlerMapping' via factory method to bean named 'mvcResourceUrlProvider'
2026-04-03 20:23:03 DEBUG _.s.w.s.H.Mappings - 'resourceHandlerMapping' {/webjars/**=ResourceHttpRequestHandler [classpath [META-INF/resources/webjars/]], /**=ResourceHttpRequestHandler [classpath [META-INF/resources/], classpath [resources/], classpath [static/], classpath [public/], ServletContext [/]]}
2026-04-03 20:23:03 DEBUG o.s.b.f.s.DefaultListableBeanFactory - Creating shared instance of singleton bean 'defaultServletHandlerMapping'
2026-04-03 20:23:03 DEBUG o.s.b.f.s.DefaultListableBeanFactory - Creating shared instance of singleton bean 'requestMappingHandlerAdapter'
2026-04-03 20:23:03 DEBUG o.s.b.f.s.DefaultListableBeanFactory - Autowiring by type from bean name 'requestMappingHandlerAdapter' via factory method to bean named 'mvcContentNegotiationManager'
2026-04-03 20:23:03 DEBUG o.s.b.f.s.DefaultListableBeanFactory - Autowiring by type from bean name 'requestMappingHandlerAdapter' via factory method to bean named 'mvcConversionService'
2026-04-03 20:23:03 DEBUG o.s.b.f.s.DefaultListableBeanFactory - Autowiring by type from bean name 'requestMappingHandlerAdapter' via factory method to bean named 'mvcValidator'
2026-04-03 20:23:03 DEBUG o.s.b.f.s.DefaultListableBeanFactory - Creating shared instance of singleton bean 'sortResolver'
2026-04-03 20:23:03 DEBUG o.s.b.f.s.DefaultListableBeanFactory - Creating shared instance of singleton bean 'sortCustomizer'
2026-04-03 20:23:03 DEBUG o.s.b.f.s.DefaultListableBeanFactory - Creating shared instance of singleton bean 'pageableResolver'
2026-04-03 20:23:03 DEBUG o.s.b.f.s.DefaultListableBeanFactory - Creating shared instance of singleton bean 'pageableCustomizer'
2026-04-03 20:23:03 DEBUG o.s.w.s.m.m.a.RequestMappingHandlerAdapter - ControllerAdvice beans: 0 @ModelAttribute, 0 @InitBinder, 2 RequestBodyAdvice, 2 ResponseBodyAdvice
2026-04-03 20:23:03 DEBUG o.s.b.f.s.DefaultListableBeanFactory - Creating shared instance of singleton bean 'mvcViewResolver'
2026-04-03 20:23:03 DEBUG o.s.b.f.s.DefaultListableBeanFactory - Autowiring by type from bean name 'mvcViewResolver' via factory method to bean named 'mvcContentNegotiationManager'
2026-04-03 20:23:03 DEBUG o.s.b.f.s.DefaultListableBeanFactory - Creating shared instance of singleton bean 'defaultViewResolver'
2026-04-03 20:23:03 DEBUG o.s.b.f.s.DefaultListableBeanFactory - Creating shared instance of singleton bean 'viewResolver'
2026-04-03 20:23:03 DEBUG o.s.b.f.s.DefaultListableBeanFactory - Autowiring by type from bean name 'viewResolver' via factory method to bean named 'org.springframework.beans.factory.support.DefaultListableBeanFactory@3b545206'
2026-04-03 20:23:03 DEBUG o.s.b.f.s.DefaultListableBeanFactory - Creating shared instance of singleton bean 'viewResolver'
2026-04-03 20:23:03 DEBUG o.s.b.f.s.DefaultListableBeanFactory - Creating shared instance of singleton bean 'handlerFunctionAdapter'
2026-04-03 20:23:03 DEBUG o.s.b.f.s.DefaultListableBeanFactory - Creating shared instance of singleton bean 'mvcUriComponentsContributor'
2026-04-03 20:23:03 DEBUG o.s.b.f.s.DefaultListableBeanFactory - Autowiring by type from bean name 'mvcUriComponentsContributor' via factory method to bean named 'mvcConversionService'
2026-04-03 20:23:03 DEBUG o.s.b.f.s.DefaultListableBeanFactory - Autowiring by type from bean name 'mvcUriComponentsContributor' via factory method to bean named 'requestMappingHandlerAdapter'
2026-04-03 20:23:03 DEBUG o.s.b.f.s.DefaultListableBeanFactory - Creating shared instance of singleton bean 'httpRequestHandlerAdapter'
2026-04-03 20:23:03 DEBUG o.s.b.f.s.DefaultListableBeanFactory - Creating shared instance of singleton bean 'simpleControllerHandlerAdapter'
2026-04-03 20:23:03 DEBUG o.s.b.f.s.DefaultListableBeanFactory - Creating shared instance of singleton bean 'handlerExceptionResolver'
2026-04-03 20:23:03 DEBUG o.s.b.f.s.DefaultListableBeanFactory - Autowiring by type from bean name 'handlerExceptionResolver' via factory method to bean named 'mvcContentNegotiationManager'
2026-04-03 20:23:03 DEBUG o.s.w.s.m.m.a.ExceptionHandlerExceptionResolver - ControllerAdvice beans: 1 @ExceptionHandler, 2 ResponseBodyAdvice
2026-04-03 20:23:03 DEBUG o.s.b.f.s.DefaultListableBeanFactory - Creating shared instance of singleton bean 'requestContextFilter'
2026-04-03 20:23:03 DEBUG o.s.b.f.s.DefaultListableBeanFactory - Creating shared instance of singleton bean 'org.springframework.boot.webmvc.autoconfigure.WebMvcAutoConfiguration'
2026-04-03 20:23:03 DEBUG o.s.b.f.s.DefaultListableBeanFactory - Creating shared instance of singleton bean 'formContentFilter'
2026-04-03 20:23:03 DEBUG o.s.b.f.s.DefaultListableBeanFactory - Creating shared instance of singleton bean 'org.springframework.boot.autoconfigure.aop.AopAutoConfiguration$AspectJAutoProxyingConfiguration$CglibAutoProxyConfiguration'
2026-04-03 20:23:03 DEBUG o.s.b.f.s.DefaultListableBeanFactory - Creating shared instance of singleton bean 'org.springframework.boot.autoconfigure.aop.AopAutoConfiguration$AspectJAutoProxyingConfiguration'
2026-04-03 20:23:03 DEBUG o.s.b.f.s.DefaultListableBeanFactory - Creating shared instance of singleton bean 'org.springframework.boot.autoconfigure.aop.AopAutoConfiguration'
2026-04-03 20:23:03 DEBUG o.s.b.f.s.DefaultListableBeanFactory - Creating shared instance of singleton bean 'org.springframework.boot.autoconfigure.availability.ApplicationAvailabilityAutoConfiguration'
2026-04-03 20:23:03 DEBUG o.s.b.f.s.DefaultListableBeanFactory - Creating shared instance of singleton bean 'applicationAvailability'
2026-04-03 20:23:03 DEBUG o.s.b.f.s.DefaultListableBeanFactory - Creating shared instance of singleton bean 'org.springframework.boot.autoconfigure.context.ConfigurationPropertiesAutoConfiguration'
2026-04-03 20:23:03 DEBUG o.s.b.f.s.DefaultListableBeanFactory - Creating shared instance of singleton bean 'org.springframework.boot.autoconfigure.context.LifecycleAutoConfiguration'
2026-04-03 20:23:03 DEBUG o.s.b.f.s.DefaultListableBeanFactory - Creating shared instance of singleton bean 'lifecycleProcessor'
2026-04-03 20:23:03 DEBUG o.s.b.f.s.DefaultListableBeanFactory - Creating shared instance of singleton bean 'spring.lifecycle-org.springframework.boot.autoconfigure.context.LifecycleProperties'
2026-04-03 20:23:03 DEBUG o.s.b.f.s.DefaultListableBeanFactory - Autowiring by type from bean name 'lifecycleProcessor' via factory method to bean named 'spring.lifecycle-org.springframework.boot.autoconfigure.context.LifecycleProperties'
2026-04-03 20:23:03 DEBUG o.s.b.f.s.DefaultListableBeanFactory - Creating shared instance of singleton bean 'org.springframework.boot.autoconfigure.info.ProjectInfoAutoConfiguration'
2026-04-03 20:23:03 DEBUG o.s.b.f.s.DefaultListableBeanFactory - Creating shared instance of singleton bean 'spring.info-org.springframework.boot.autoconfigure.info.ProjectInfoProperties'
2026-04-03 20:23:03 DEBUG o.s.b.f.s.DefaultListableBeanFactory - Autowiring by type from bean name 'org.springframework.boot.autoconfigure.info.ProjectInfoAutoConfiguration' via constructor to bean named 'spring.info-org.springframework.boot.autoconfigure.info.ProjectInfoProperties'
2026-04-03 20:23:03 DEBUG o.s.b.f.s.DefaultListableBeanFactory - Creating shared instance of singleton bean 'org.springframework.boot.autoconfigure.ssl.SslAutoConfiguration'
2026-04-03 20:23:03 DEBUG o.s.b.f.s.DefaultListableBeanFactory - Creating shared instance of singleton bean 'spring.ssl-org.springframework.boot.autoconfigure.ssl.SslProperties'
2026-04-03 20:23:03 DEBUG o.s.b.f.s.DefaultListableBeanFactory - Autowiring by type from bean name 'org.springframework.boot.autoconfigure.ssl.SslAutoConfiguration' via constructor to bean named 'org.springframework.web.context.support.GenericWebApplicationContext@5cbe2654'
2026-04-03 20:23:03 DEBUG o.s.b.f.s.DefaultListableBeanFactory - Autowiring by type from bean name 'org.springframework.boot.autoconfigure.ssl.SslAutoConfiguration' via constructor to bean named 'spring.ssl-org.springframework.boot.autoconfigure.ssl.SslProperties'
2026-04-03 20:23:03 DEBUG o.s.b.f.s.DefaultListableBeanFactory - Creating shared instance of singleton bean 'fileWatcher'
2026-04-03 20:23:03 DEBUG o.s.b.f.s.DefaultListableBeanFactory - Creating shared instance of singleton bean 'sslPropertiesSslBundleRegistrar'
2026-04-03 20:23:03 DEBUG o.s.b.f.s.DefaultListableBeanFactory - Autowiring by type from bean name 'sslPropertiesSslBundleRegistrar' via factory method to bean named 'fileWatcher'
2026-04-03 20:23:03 DEBUG o.s.b.f.s.DefaultListableBeanFactory - Creating shared instance of singleton bean 'sslBundleRegistry'
2026-04-03 20:23:03 DEBUG o.s.b.f.s.DefaultListableBeanFactory - Creating shared instance of singleton bean 'org.springframework.boot.autoconfigure.task.TaskSchedulingConfigurations$ThreadPoolTaskSchedulerBuilderConfiguration'
2026-04-03 20:23:03 DEBUG o.s.b.f.s.DefaultListableBeanFactory - Creating shared instance of singleton bean 'threadPoolTaskSchedulerBuilder'
2026-04-03 20:23:03 DEBUG o.s.b.f.s.DefaultListableBeanFactory - Creating shared instance of singleton bean 'spring.task.scheduling-org.springframework.boot.autoconfigure.task.TaskSchedulingProperties'
2026-04-03 20:23:03 DEBUG o.s.b.f.s.DefaultListableBeanFactory - Autowiring by type from bean name 'threadPoolTaskSchedulerBuilder' via factory method to bean named 'spring.task.scheduling-org.springframework.boot.autoconfigure.task.TaskSchedulingProperties'
2026-04-03 20:23:03 DEBUG o.s.b.f.s.DefaultListableBeanFactory - Creating shared instance of singleton bean 'org.springframework.boot.autoconfigure.task.TaskSchedulingConfigurations$SimpleAsyncTaskSchedulerBuilderConfiguration'
2026-04-03 20:23:03 DEBUG o.s.b.f.s.DefaultListableBeanFactory - Autowiring by type from bean name 'org.springframework.boot.autoconfigure.task.TaskSchedulingConfigurations$SimpleAsyncTaskSchedulerBuilderConfiguration' via constructor to bean named 'spring.task.scheduling-org.springframework.boot.autoconfigure.task.TaskSchedulingProperties'
2026-04-03 20:23:03 DEBUG o.s.b.f.s.DefaultListableBeanFactory - Creating shared instance of singleton bean 'simpleAsyncTaskSchedulerBuilder'
2026-04-03 20:23:03 DEBUG o.s.b.f.s.DefaultListableBeanFactory - Creating shared instance of singleton bean 'org.springframework.boot.autoconfigure.task.TaskSchedulingAutoConfiguration'
2026-04-03 20:23:03 DEBUG o.s.b.f.s.DefaultListableBeanFactory - Creating shared instance of singleton bean 'org.springframework.data.web.config.ProjectingArgumentResolverRegistrar'
2026-04-03 20:23:03 DEBUG o.s.b.f.s.DefaultListableBeanFactory - Creating shared instance of singleton bean 'offsetResolver'
2026-04-03 20:23:03 DEBUG o.s.b.f.s.DefaultListableBeanFactory - Creating shared instance of singleton bean 'org.springframework.boot.transaction.jta.autoconfigure.JtaAutoConfiguration'
2026-04-03 20:23:03 DEBUG o.s.b.f.s.DefaultListableBeanFactory - Creating shared instance of singleton bean 'org.springframework.boot.jdbc.autoconfigure.DataSourcePoolMetadataProvidersConfiguration'
2026-04-03 20:23:03 DEBUG o.s.b.f.s.DefaultListableBeanFactory - Creating shared instance of singleton bean 'org.springframework.boot.jdbc.autoconfigure.DataSourceAutoConfiguration'
2026-04-03 20:23:03 DEBUG o.s.b.f.s.DefaultListableBeanFactory - Creating shared instance of singleton bean 'org.springframework.boot.transaction.autoconfigure.TransactionManagerCustomizationAutoConfiguration'
2026-04-03 20:23:03 DEBUG o.s.b.f.s.DefaultListableBeanFactory - Creating shared instance of singleton bean 'platformTransactionManagerCustomizers'
2026-04-03 20:23:03 DEBUG o.s.b.f.s.DefaultListableBeanFactory - Creating shared instance of singleton bean 'transactionExecutionListeners'
2026-04-03 20:23:03 DEBUG o.s.b.f.s.DefaultListableBeanFactory - Creating shared instance of singleton bean 'spring.transaction-org.springframework.boot.transaction.autoconfigure.TransactionProperties'
2026-04-03 20:23:03 DEBUG o.s.b.f.s.DefaultListableBeanFactory - Creating shared instance of singleton bean 'org.springframework.boot.jpa.autoconfigure.JpaBaseConfiguration$PersistenceManagedTypesConfiguration'
2026-04-03 20:23:03 DEBUG o.s.b.f.s.DefaultListableBeanFactory - Creating shared instance of singleton bean 'transactionManager'
2026-04-03 20:23:03 DEBUG o.s.b.f.s.DefaultListableBeanFactory - Creating shared instance of singleton bean 'org.springframework.boot.hibernate.autoconfigure.HibernateJpaAutoConfiguration'
2026-04-03 20:23:03 DEBUG o.s.b.f.s.DefaultListableBeanFactory - Creating shared instance of singleton bean 'org.springframework.boot.data.jpa.autoconfigure.DataJpaRepositoriesAutoConfiguration'
2026-04-03 20:23:03 DEBUG o.s.b.f.s.DefaultListableBeanFactory - Creating shared instance of singleton bean 'eagerJpaMetamodelCacheCleanup'
2026-04-03 20:23:03 DEBUG o.s.b.f.s.DefaultListableBeanFactory - Creating shared instance of singleton bean 'org.springframework.data.jpa.util.JpaMetamodelCacheCleanup'
2026-04-03 20:23:03 DEBUG o.s.b.f.s.DefaultListableBeanFactory - Creating shared instance of singleton bean 'org.springframework.data.jpa.repository.support.JpaEvaluationContextExtension'
2026-04-03 20:23:03 DEBUG o.s.b.f.s.DefaultListableBeanFactory - Creating shared instance of singleton bean 'data-jpa.repository-aot-processor#0'
2026-04-03 20:23:03 DEBUG o.s.b.f.s.DefaultListableBeanFactory - Creating shared instance of singleton bean 'org.springframework.boot.http.converter.autoconfigure.JacksonHttpMessageConvertersConfiguration'
2026-04-03 20:23:03 DEBUG o.s.b.f.s.DefaultListableBeanFactory - Creating shared instance of singleton bean 'org.springframework.boot.http.converter.autoconfigure.Jackson2HttpMessageConvertersConfiguration'
2026-04-03 20:23:03 DEBUG o.s.b.f.s.DefaultListableBeanFactory - Creating shared instance of singleton bean 'clientConvertersCustomizer'
2026-04-03 20:23:03 DEBUG o.s.b.f.s.DefaultListableBeanFactory - Creating shared instance of singleton bean 'org.springframework.boot.jdbc.autoconfigure.JdbcTemplateConfiguration'
2026-04-03 20:23:03 DEBUG o.s.b.f.s.DefaultListableBeanFactory - Creating shared instance of singleton bean 'jdbcTemplate'
2026-04-03 20:23:03 DEBUG o.s.b.f.s.DefaultListableBeanFactory - Creating shared instance of singleton bean 'spring.jdbc-org.springframework.boot.jdbc.autoconfigure.JdbcProperties'
2026-04-03 20:23:03 DEBUG o.s.b.f.s.DefaultListableBeanFactory - Autowiring by type from bean name 'jdbcTemplate' via factory method to bean named 'dataSource'
2026-04-03 20:23:03 DEBUG o.s.b.f.s.DefaultListableBeanFactory - Autowiring by type from bean name 'jdbcTemplate' via factory method to bean named 'spring.jdbc-org.springframework.boot.jdbc.autoconfigure.JdbcProperties'
2026-04-03 20:23:03 DEBUG o.s.b.f.s.DefaultListableBeanFactory - Creating shared instance of singleton bean 'org.springframework.boot.jdbc.autoconfigure.NamedParameterJdbcTemplateConfiguration'
2026-04-03 20:23:03 DEBUG o.s.b.f.s.DefaultListableBeanFactory - Creating shared instance of singleton bean 'namedParameterJdbcTemplate'
2026-04-03 20:23:03 DEBUG o.s.b.f.s.DefaultListableBeanFactory - Autowiring by type from bean name 'namedParameterJdbcTemplate' via factory method to bean named 'jdbcTemplate'
2026-04-03 20:23:03 DEBUG o.s.b.f.s.DefaultListableBeanFactory - Creating shared instance of singleton bean 'org.springframework.boot.jdbc.autoconfigure.JdbcTemplateAutoConfiguration'
2026-04-03 20:23:03 DEBUG o.s.b.f.s.DefaultListableBeanFactory - Creating shared instance of singleton bean 'org.springframework.boot.jdbc.autoconfigure.JdbcClientAutoConfiguration'
2026-04-03 20:23:03 DEBUG o.s.b.f.s.DefaultListableBeanFactory - Creating shared instance of singleton bean 'jdbcClient'
2026-04-03 20:23:03 DEBUG o.s.b.f.s.DefaultListableBeanFactory - Autowiring by type from bean name 'jdbcClient' via factory method to bean named 'namedParameterJdbcTemplate'
2026-04-03 20:23:03 DEBUG o.s.b.f.s.DefaultListableBeanFactory - Creating shared instance of singleton bean 'org.springframework.boot.persistence.autoconfigure.PersistenceExceptionTranslationAutoConfiguration'
2026-04-03 20:23:03 DEBUG o.s.b.f.s.DefaultListableBeanFactory - Creating shared instance of singleton bean 'org.springframework.boot.servlet.autoconfigure.HttpEncodingAutoConfiguration'
2026-04-03 20:23:03 DEBUG o.s.b.f.s.DefaultListableBeanFactory - Creating shared instance of singleton bean 'characterEncodingFilter'
2026-04-03 20:23:03 DEBUG o.s.b.f.s.DefaultListableBeanFactory - Creating shared instance of singleton bean 'spring.servlet.encoding-org.springframework.boot.servlet.autoconfigure.ServletEncodingProperties'
2026-04-03 20:23:03 DEBUG o.s.b.f.s.DefaultListableBeanFactory - Autowiring by type from bean name 'characterEncodingFilter' via factory method to bean named 'spring.servlet.encoding-org.springframework.boot.servlet.autoconfigure.ServletEncodingProperties'
2026-04-03 20:23:03 DEBUG o.s.b.f.s.DefaultListableBeanFactory - Creating shared instance of singleton bean 'multipartResolver'
2026-04-03 20:23:03 DEBUG o.s.b.f.s.DefaultListableBeanFactory - Creating shared instance of singleton bean 'org.springframework.boot.web.server.autoconfigure.servlet.ServletWebServerConfiguration'
2026-04-03 20:23:03 DEBUG o.s.b.f.s.DefaultListableBeanFactory - Creating shared instance of singleton bean 'servletWebServerFactoryCustomizer'
2026-04-03 20:23:03 DEBUG o.s.b.f.s.DefaultListableBeanFactory - Creating shared instance of singleton bean 'server-org.springframework.boot.web.server.autoconfigure.ServerProperties'
2026-04-03 20:23:03 DEBUG o.s.b.f.s.DefaultListableBeanFactory - Autowiring by type from bean name 'servletWebServerFactoryCustomizer' via factory method to bean named 'server-org.springframework.boot.web.server.autoconfigure.ServerProperties'
2026-04-03 20:23:03 DEBUG o.s.b.f.s.DefaultListableBeanFactory - Creating shared instance of singleton bean 'org.springframework.boot.tomcat.autoconfigure.servlet.TomcatServletWebServerAutoConfiguration'
2026-04-03 20:23:03 DEBUG o.s.b.f.s.DefaultListableBeanFactory - Creating shared instance of singleton bean 'server.tomcat-org.springframework.boot.tomcat.autoconfigure.TomcatServerProperties'
2026-04-03 20:23:03 DEBUG o.s.b.f.s.DefaultListableBeanFactory - Autowiring by type from bean name 'org.springframework.boot.tomcat.autoconfigure.servlet.TomcatServletWebServerAutoConfiguration' via constructor to bean named 'server.tomcat-org.springframework.boot.tomcat.autoconfigure.TomcatServerProperties'
2026-04-03 20:23:03 DEBUG o.s.b.f.s.DefaultListableBeanFactory - Creating shared instance of singleton bean 'tomcatServletWebServerFactory'
2026-04-03 20:23:04 DEBUG o.s.b.f.s.DefaultListableBeanFactory - Creating shared instance of singleton bean 'tomcatServletWebServerFactoryCustomizer'
2026-04-03 20:23:04 DEBUG o.s.b.f.s.DefaultListableBeanFactory - Autowiring by type from bean name 'tomcatServletWebServerFactoryCustomizer' via factory method to bean named 'server.tomcat-org.springframework.boot.tomcat.autoconfigure.TomcatServerProperties'
2026-04-03 20:23:04 DEBUG o.s.b.f.s.DefaultListableBeanFactory - Creating shared instance of singleton bean 'org.springframework.boot.jdbc.autoconfigure.DataSourceTransactionManagerAutoConfiguration$JdbcTransactionManagerConfiguration'
2026-04-03 20:23:04 DEBUG o.s.b.f.s.DefaultListableBeanFactory - Creating shared instance of singleton bean 'org.springframework.boot.jdbc.autoconfigure.DataSourceTransactionManagerAutoConfiguration'
2026-04-03 20:23:04 DEBUG o.s.b.f.s.DefaultListableBeanFactory - Creating shared instance of singleton bean 'org.springframework.boot.transaction.autoconfigure.TransactionAutoConfiguration$EnableTransactionManagementConfiguration$CglibAutoProxyConfiguration'
2026-04-03 20:23:04 DEBUG o.s.b.f.s.DefaultListableBeanFactory - Creating shared instance of singleton bean 'org.springframework.boot.transaction.autoconfigure.TransactionAutoConfiguration$EnableTransactionManagementConfiguration'
2026-04-03 20:23:04 DEBUG o.s.b.f.s.DefaultListableBeanFactory - Creating shared instance of singleton bean 'org.springframework.boot.transaction.autoconfigure.TransactionAutoConfiguration$TransactionTemplateConfiguration'
2026-04-03 20:23:04 DEBUG o.s.b.f.s.DefaultListableBeanFactory - Creating shared instance of singleton bean 'transactionTemplate'
2026-04-03 20:23:04 DEBUG o.s.b.f.s.DefaultListableBeanFactory - Autowiring by type from bean name 'transactionTemplate' via factory method to bean named 'transactionManager'
2026-04-03 20:23:04 DEBUG o.s.b.f.s.DefaultListableBeanFactory - Creating shared instance of singleton bean 'org.springframework.boot.transaction.autoconfigure.TransactionAutoConfiguration'
2026-04-03 20:23:04 DEBUG o.s.c.s.DefaultLifecycleProcessor - Starting beans in phase -2147483647
2026-04-03 20:23:04 DEBUG o.s.c.s.DefaultLifecycleProcessor - Successfully started bean 'springBootLoggingLifecycle'
2026-04-03 20:23:04 DEBUG o.s.c.s.DefaultLifecycleProcessor - Starting beans in phase 1073741823
2026-04-03 20:23:04 DEBUG o.s.b.a.l.ConditionEvaluationReportLogger - 


============================
CONDITIONS EVALUATION REPORT
============================


Positive matches:
-----------------

   AopAutoConfiguration matched:
      - @ConditionalOnBooleanProperty (spring.aop.auto=true) matched (OnPropertyCondition)

   AopAutoConfiguration.AspectJAutoProxyingConfiguration matched:
      - @ConditionalOnClass found required class 'org.aspectj.weaver.Advice' (OnClassCondition)

   AopAutoConfiguration.AspectJAutoProxyingConfiguration.CglibAutoProxyConfiguration matched:
      - @ConditionalOnBooleanProperty (spring.aop.proxy-target-class=true) matched (OnPropertyCondition)

   ApplicationAvailabilityAutoConfiguration#applicationAvailability matched:
      - @ConditionalOnMissingBean (types: org.springframework.boot.availability.ApplicationAvailability; SearchStrategy: all) did not find any beans (OnBeanCondition)

   DataJpaRepositoriesAutoConfiguration matched:
      - @ConditionalOnClass found required class 'org.springframework.data.jpa.repository.JpaRepository' (OnClassCondition)
      - @ConditionalOnBooleanProperty (spring.data.jpa.repositories.enabled=true) matched (OnPropertyCondition)
      - @ConditionalOnBean (types: javax.sql.DataSource; SearchStrategy: all) found bean 'dataSource'; @ConditionalOnMissingBean (types: org.springframework.data.jpa.repository.support.JpaRepositoryFactoryBean,org.springframework.data.jpa.repository.config.JpaRepositoryConfigExtension; SearchStrategy: all) did not find any beans (OnBeanCondition)

   DataSourceAutoConfiguration matched:
      - @ConditionalOnClass found required classes 'javax.sql.DataSource', 'org.springframework.jdbc.datasource.embedded.EmbeddedDatabaseType' (OnClassCondition)
      - @ConditionalOnMissingBean (types: io.r2dbc.spi.ConnectionFactory; SearchStrategy: all) did not find any beans (OnBeanCondition)

   DataSourceAutoConfiguration.PooledDataSourceConfiguration matched:
      - AnyNestedCondition 1 matched 1 did not; NestedCondition on DataSourceAutoConfiguration.PooledDataSourceCondition.PooledDataSourceAvailable PooledDataSource found supported DataSource; NestedCondition on DataSourceAutoConfiguration.PooledDataSourceCondition.ExplicitType @ConditionalOnProperty (spring.datasource.type) did not find property 'spring.datasource.type' (DataSourceAutoConfiguration.PooledDataSourceCondition)
      - @ConditionalOnMissingBean (types: javax.sql.DataSource,javax.sql.XADataSource; SearchStrategy: all) did not find any beans (OnBeanCondition)

   DataSourceAutoConfiguration.PooledDataSourceConfiguration#jdbcConnectionDetails matched:
      - @ConditionalOnMissingBean (types: org.springframework.boot.jdbc.autoconfigure.JdbcConnectionDetails; SearchStrategy: all) did not find any beans (OnBeanCondition)

   DataSourceConfiguration.Hikari matched:
      - @ConditionalOnClass found required class 'com.zaxxer.hikari.HikariDataSource' (OnClassCondition)
      - @ConditionalOnProperty (spring.datasource.type=com.zaxxer.hikari.HikariDataSource) matched (OnPropertyCondition)
      - @ConditionalOnMissingBean (types: javax.sql.DataSource; SearchStrategy: all) did not find any beans (OnBeanCondition)

   DataSourceInitializationAutoConfiguration matched:
      - @ConditionalOnClass found required class 'org.springframework.jdbc.datasource.init.DatabasePopulator' (OnClassCondition)
      - SQL InitializationDatabase Initialization default value is EMBEDDED (OnSqlInitializationCondition)
      - @ConditionalOnSingleCandidate (types: javax.sql.DataSource; SearchStrategy: all) found a single bean 'dataSource'; @ConditionalOnMissingBean (types: org.springframework.boot.sql.autoconfigure.init.ApplicationScriptDatabaseInitializer; SearchStrategy: all) did not find any beans (OnBeanCondition)

   DataSourcePoolMetadataProvidersConfiguration.HikariPoolDataSourceMetadataProviderConfiguration matched:
      - @ConditionalOnClass found required class 'com.zaxxer.hikari.HikariDataSource' (OnClassCondition)

   DataSourceTransactionManagerAutoConfiguration matched:
      - @ConditionalOnClass found required classes 'javax.sql.DataSource', 'org.springframework.jdbc.core.JdbcTemplate', 'org.springframework.transaction.TransactionManager' (OnClassCondition)

   DataSourceTransactionManagerAutoConfiguration.JdbcTransactionManagerConfiguration matched:
      - @ConditionalOnSingleCandidate (types: javax.sql.DataSource; SearchStrategy: all) found a single bean 'dataSource' (OnBeanCondition)

   DataWebAutoConfiguration matched:
      - @ConditionalOnClass found required classes 'org.springframework.data.web.PageableHandlerMethodArgumentResolver', 'org.springframework.web.servlet.config.annotation.WebMvcConfigurer' (OnClassCondition)
      - found 'session' scope (OnWebApplicationCondition)
      - @ConditionalOnMissingBean (types: org.springframework.data.web.PageableHandlerMethodArgumentResolver; SearchStrategy: all) did not find any beans (OnBeanCondition)

   DataWebAutoConfiguration#pageableCustomizer matched:
      - @ConditionalOnMissingBean (types: org.springframework.data.web.config.PageableHandlerMethodArgumentResolverCustomizer; SearchStrategy: all) did not find any beans (OnBeanCondition)

   DataWebAutoConfiguration#sortCustomizer matched:
      - @ConditionalOnMissingBean (types: org.springframework.data.web.config.SortHandlerMethodArgumentResolverCustomizer; SearchStrategy: all) did not find any beans (OnBeanCondition)

   DataWebAutoConfiguration#springDataWebSettings matched:
      - @ConditionalOnMissingBean (types: org.springframework.data.web.config.SpringDataWebSettings; SearchStrategy: all) did not find any beans (OnBeanCondition)

   DispatcherServletAutoConfiguration matched:
      - @ConditionalOnClass found required class 'org.springframework.web.servlet.DispatcherServlet' (OnClassCondition)
      - found 'session' scope (OnWebApplicationCondition)

   DispatcherServletAutoConfiguration.DispatcherServletConfiguration matched:
      - @ConditionalOnClass found required class 'jakarta.servlet.ServletRegistration' (OnClassCondition)
      - Default DispatcherServlet did not find dispatcher servlet beans (DispatcherServletAutoConfiguration.DefaultDispatcherServletCondition)

   DispatcherServletAutoConfiguration.DispatcherServletRegistrationConfiguration matched:
      - @ConditionalOnClass found required class 'jakarta.servlet.ServletRegistration' (OnClassCondition)
      - DispatcherServlet Registration did not find servlet registration bean (DispatcherServletAutoConfiguration.DispatcherServletRegistrationCondition)

   DispatcherServletAutoConfiguration.DispatcherServletRegistrationConfiguration#dispatcherServletRegistration matched:
      - @ConditionalOnBean (names: dispatcherServlet types: org.springframework.web.servlet.DispatcherServlet; SearchStrategy: all) found bean 'dispatcherServlet' (OnBeanCondition)

   ErrorMvcAutoConfiguration matched:
      - @ConditionalOnClass found required classes 'jakarta.servlet.Servlet', 'org.springframework.web.servlet.DispatcherServlet' (OnClassCondition)
      - found 'session' scope (OnWebApplicationCondition)

   ErrorMvcAutoConfiguration#basicErrorController matched:
      - @ConditionalOnMissingBean (types: org.springframework.boot.webmvc.error.ErrorController; SearchStrategy: current) did not find any beans (OnBeanCondition)

   ErrorMvcAutoConfiguration#errorAttributes matched:
      - @ConditionalOnMissingBean (types: org.springframework.boot.webmvc.error.ErrorAttributes; SearchStrategy: current) did not find any beans (OnBeanCondition)

   ErrorMvcAutoConfiguration.DefaultErrorViewResolverConfiguration#conventionErrorViewResolver matched:
      - @ConditionalOnBean (types: org.springframework.web.servlet.DispatcherServlet; SearchStrategy: all) found bean 'dispatcherServlet'; @ConditionalOnMissingBean (types: org.springframework.boot.webmvc.autoconfigure.error.ErrorViewResolver; SearchStrategy: all) did not find any beans (OnBeanCondition)

   ErrorMvcAutoConfiguration.WhitelabelErrorViewConfiguration matched:
      - @ConditionalOnBooleanProperty (spring.web.error.whitelabel.enabled=true) matched (OnPropertyCondition)
      - ErrorTemplate Missing did not find error template view (ErrorMvcAutoConfiguration.ErrorTemplateMissingCondition)

   ErrorMvcAutoConfiguration.WhitelabelErrorViewConfiguration#beanNameViewResolver matched:
      - @ConditionalOnMissingBean (types: org.springframework.web.servlet.view.BeanNameViewResolver; SearchStrategy: all) did not find any beans (OnBeanCondition)

   ErrorMvcAutoConfiguration.WhitelabelErrorViewConfiguration#defaultErrorView matched:
      - @ConditionalOnMissingBean (names: error; SearchStrategy: all) did not find any beans (OnBeanCondition)

   HibernateJpaAutoConfiguration matched:
      - @ConditionalOnClass found required classes 'org.springframework.orm.jpa.LocalContainerEntityManagerFactoryBean', 'jakarta.persistence.EntityManager', 'org.hibernate.engine.spi.SessionImplementor' (OnClassCondition)

   HibernateJpaConfiguration matched:
      - @ConditionalOnSingleCandidate (types: javax.sql.DataSource; SearchStrategy: all) found a single bean 'dataSource' (OnBeanCondition)

   HttpEncodingAutoConfiguration matched:
      - @ConditionalOnClass found required class 'org.springframework.web.filter.CharacterEncodingFilter' (OnClassCondition)
      - found 'session' scope (OnWebApplicationCondition)
      - @ConditionalOnBooleanProperty (spring.servlet.encoding.enabled=true) matched (OnPropertyCondition)

   HttpEncodingAutoConfiguration#characterEncodingFilter matched:
      - @ConditionalOnMissingBean (types: org.springframework.web.filter.CharacterEncodingFilter; SearchStrategy: all) did not find any beans (OnBeanCondition)

   HttpMessageConvertersAutoConfiguration matched:
      - @ConditionalOnClass found required class 'org.springframework.http.converter.HttpMessageConverter' (OnClassCondition)
      - NoneNestedConditions 0 matched 1 did not; NestedCondition on HttpMessageConvertersAutoConfiguration.NotReactiveWebApplicationCondition.ReactiveWebApplication did not find reactive web application classes (HttpMessageConvertersAutoConfiguration.NotReactiveWebApplicationCondition)

   HttpMessageConvertersAutoConfiguration.StringHttpMessageConverterConfiguration#stringHttpMessageConvertersCustomizer matched:
      - @ConditionalOnMissingBean (types: org.springframework.http.converter.StringHttpMessageConverter; SearchStrategy: all) did not find any beans (OnBeanCondition)

   JacksonAutoConfiguration matched:
      - @ConditionalOnClass found required class 'tools.jackson.databind.json.JsonMapper' (OnClassCondition)

   JacksonAutoConfiguration#jacksonJsonMapper matched:
      - @ConditionalOnMissingBean (types: tools.jackson.databind.json.JsonMapper; SearchStrategy: all) did not find any beans (OnBeanCondition)

   JacksonAutoConfiguration#jsonMapperBuilder matched:
      - @ConditionalOnMissingBean (types: tools.jackson.databind.json.JsonMapper$Builder; SearchStrategy: all) did not find any beans (OnBeanCondition)

   JacksonAutoConfiguration.JsonProblemDetailsConfiguration matched:
      - @ConditionalOnClass found required class 'org.springframework.http.ProblemDetail' (OnClassCondition)

   JacksonHttpMessageConvertersConfiguration.JacksonJsonHttpMessageConverterConfiguration matched:
      - @ConditionalOnClass found required class 'tools.jackson.databind.json.JsonMapper' (OnClassCondition)
      - @ConditionalOnProperty (spring.http.converters.preferred-json-mapper=jackson) matched (OnPropertyCondition)
      - @ConditionalOnBean (types: tools.jackson.databind.json.JsonMapper; SearchStrategy: all) found bean 'jacksonJsonMapper' (OnBeanCondition)

   JacksonHttpMessageConvertersConfiguration.JacksonJsonHttpMessageConverterConfiguration#jacksonJsonHttpMessageConvertersCustomizer matched:
      - @ConditionalOnMissingBean (types: org.springframework.http.converter.json.JacksonJsonHttpMessageConverter ignored: org.springframework.hateoas.server.mvc.TypeConstrainedJacksonJsonHttpMessageConverter,org.springframework.data.rest.webmvc.alps.AlpsJacksonJsonHttpMessageConverter; SearchStrategy: all) did not find any beans (OnBeanCondition)

   JdbcClientAutoConfiguration matched:
      - @ConditionalOnSingleCandidate (types: org.springframework.jdbc.core.namedparam.NamedParameterJdbcTemplate; SearchStrategy: all) found a single bean 'namedParameterJdbcTemplate'; @ConditionalOnMissingBean (types: org.springframework.jdbc.core.simple.JdbcClient; SearchStrategy: all) did not find any beans (OnBeanCondition)

   JdbcTemplateAutoConfiguration matched:
      - @ConditionalOnClass found required classes 'javax.sql.DataSource', 'org.springframework.jdbc.core.JdbcTemplate' (OnClassCondition)
      - @ConditionalOnSingleCandidate (types: javax.sql.DataSource; SearchStrategy: all) found a single bean 'dataSource' (OnBeanCondition)

   JdbcTemplateConfiguration matched:
      - @ConditionalOnMissingBean (types: org.springframework.jdbc.core.JdbcOperations; SearchStrategy: all) did not find any beans (OnBeanCondition)

   JpaBaseConfiguration#entityManagerFactory matched:
      - @ConditionalOnMissingBean (types: org.springframework.orm.jpa.LocalContainerEntityManagerFactoryBean,jakarta.persistence.EntityManagerFactory; SearchStrategy: all) did not find any beans (OnBeanCondition)

   JpaBaseConfiguration#entityManagerFactoryBuilder matched:
      - @ConditionalOnMissingBean (types: org.springframework.boot.jpa.EntityManagerFactoryBuilder; SearchStrategy: all) did not find any beans (OnBeanCondition)

   JpaBaseConfiguration#jpaVendorAdapter matched:
      - @ConditionalOnMissingBean (types: org.springframework.orm.jpa.JpaVendorAdapter; SearchStrategy: all) did not find any beans (OnBeanCondition)

   JpaBaseConfiguration#transactionManager matched:
      - @ConditionalOnMissingBean (types: org.springframework.transaction.TransactionManager; SearchStrategy: all) did not find any beans (OnBeanCondition)

   JpaBaseConfiguration.JpaWebConfiguration matched:
      - @ConditionalOnClass found required class 'org.springframework.web.servlet.config.annotation.WebMvcConfigurer' (OnClassCondition)
      - found 'session' scope (OnWebApplicationCondition)
      - @ConditionalOnBooleanProperty (spring.jpa.open-in-view=true) matched (OnPropertyCondition)
      - @ConditionalOnMissingBean (types: org.springframework.orm.jpa.support.OpenEntityManagerInViewInterceptor,org.springframework.orm.jpa.support.OpenEntityManagerInViewFilter; SearchStrategy: all) did not find any beans (OnBeanCondition)

   JpaBaseConfiguration.PersistenceManagedTypesConfiguration matched:
      - @ConditionalOnMissingBean (types: org.springframework.orm.jpa.LocalContainerEntityManagerFactoryBean,jakarta.persistence.EntityManagerFactory; SearchStrategy: all) did not find any beans (OnBeanCondition)

   JpaBaseConfiguration.PersistenceManagedTypesConfiguration#persistenceManagedTypes matched:
      - @ConditionalOnMissingBean (types: org.springframework.orm.jpa.persistenceunit.PersistenceManagedTypes; SearchStrategy: all) did not find any beans (OnBeanCondition)

   JtaAutoConfiguration matched:
      - @ConditionalOnClass found required class 'jakarta.transaction.Transaction' (OnClassCondition)
      - @ConditionalOnBooleanProperty (spring.jta.enabled=true) matched (OnPropertyCondition)

   LifecycleAutoConfiguration#defaultLifecycleProcessor matched:
      - @ConditionalOnMissingBean (names: lifecycleProcessor; SearchStrategy: current) did not find any beans (OnBeanCondition)

   MultipartAutoConfiguration matched:
      - @ConditionalOnClass found required classes 'jakarta.servlet.Servlet', 'org.springframework.web.multipart.support.StandardServletMultipartResolver', 'jakarta.servlet.MultipartConfigElement' (OnClassCondition)
      - found 'session' scope (OnWebApplicationCondition)
      - @ConditionalOnBooleanProperty (spring.servlet.multipart.enabled=true) matched (OnPropertyCondition)

   MultipartAutoConfiguration#multipartConfigElement matched:
      - @ConditionalOnMissingBean (types: jakarta.servlet.MultipartConfigElement; SearchStrategy: all) did not find any beans (OnBeanCondition)

   MultipartAutoConfiguration#multipartResolver matched:
      - @ConditionalOnMissingBean (types: org.springframework.web.multipart.MultipartResolver; SearchStrategy: all) did not find any beans (OnBeanCondition)

   NamedParameterJdbcTemplateConfiguration matched:
      - @ConditionalOnSingleCandidate (types: org.springframework.jdbc.core.JdbcTemplate; SearchStrategy: all) found a single bean 'jdbcTemplate'; @ConditionalOnMissingBean (types: org.springframework.jdbc.core.namedparam.NamedParameterJdbcOperations; SearchStrategy: all) did not find any beans (OnBeanCondition)

   PersistenceExceptionTranslationAutoConfiguration matched:
      - @ConditionalOnClass found required class 'org.springframework.dao.annotation.PersistenceExceptionTranslationPostProcessor' (OnClassCondition)

   PersistenceExceptionTranslationAutoConfiguration#persistenceExceptionTranslationPostProcessor matched:
      - @ConditionalOnBooleanProperty (spring.persistence.exceptiontranslation.enabled=true) matched (OnPropertyCondition)
      - @ConditionalOnMissingBean (types: org.springframework.dao.annotation.PersistenceExceptionTranslationPostProcessor; SearchStrategy: all) did not find any beans (OnBeanCondition)

   PropertyPlaceholderAutoConfiguration#propertySourcesPlaceholderConfigurer matched:
      - @ConditionalOnMissingBean (types: org.springframework.context.support.PropertySourcesPlaceholderConfigurer; SearchStrategy: current) did not find any beans (OnBeanCondition)

   SslAutoConfiguration#sslBundleRegistry matched:
      - @ConditionalOnMissingBean (types: org.springframework.boot.ssl.SslBundleRegistry,org.springframework.boot.ssl.SslBundles; SearchStrategy: all) did not find any beans (OnBeanCondition)

   TaskExecutionAutoConfiguration matched:
      - @ConditionalOnClass found required class 'org.springframework.scheduling.concurrent.ThreadPoolTaskExecutor' (OnClassCondition)

   TaskExecutorConfigurations.AsyncConfigurerConfiguration matched:
      - @ConditionalOnMissingBean (types: org.springframework.scheduling.annotation.AsyncConfigurer; SearchStrategy: all) did not find any beans (OnBeanCondition)

   TaskExecutorConfigurations.SimpleAsyncTaskExecutorBuilderConfiguration#simpleAsyncTaskExecutorBuilder matched:
      - @ConditionalOnMissingBean (types: org.springframework.boot.task.SimpleAsyncTaskExecutorBuilder; SearchStrategy: all) did not find any beans (OnBeanCondition)
      - @ConditionalOnThreading found PLATFORM (OnThreadingCondition)

   TaskExecutorConfigurations.TaskExecutorConfiguration matched:
      - AnyNestedCondition 1 matched 1 did not; NestedCondition on TaskExecutorConfigurations.OnExecutorCondition.ModelCondition @ConditionalOnProperty (spring.task.execution.mode=force) did not find property 'spring.task.execution.mode'; NestedCondition on TaskExecutorConfigurations.OnExecutorCondition.ExecutorBeanCondition @ConditionalOnMissingBean (types: java.util.concurrent.Executor; SearchStrategy: all) did not find any beans (TaskExecutorConfigurations.OnExecutorCondition)

   TaskExecutorConfigurations.TaskExecutorConfiguration#applicationTaskExecutor matched:
      - @ConditionalOnThreading found PLATFORM (OnThreadingCondition)

   TaskExecutorConfigurations.ThreadPoolTaskExecutorBuilderConfiguration#threadPoolTaskExecutorBuilder matched:
      - @ConditionalOnMissingBean (types: org.springframework.boot.task.ThreadPoolTaskExecutorBuilder; SearchStrategy: all) did not find any beans (OnBeanCondition)

   TaskSchedulingAutoConfiguration matched:
      - @ConditionalOnClass found required class 'org.springframework.scheduling.concurrent.ThreadPoolTaskScheduler' (OnClassCondition)

   TaskSchedulingConfigurations.SimpleAsyncTaskSchedulerBuilderConfiguration#simpleAsyncTaskSchedulerBuilder matched:
      - @ConditionalOnMissingBean (types: org.springframework.boot.task.SimpleAsyncTaskSchedulerBuilder; SearchStrategy: all) did not find any beans (OnBeanCondition)
      - @ConditionalOnThreading found PLATFORM (OnThreadingCondition)

   TaskSchedulingConfigurations.ThreadPoolTaskSchedulerBuilderConfiguration#threadPoolTaskSchedulerBuilder matched:
      - @ConditionalOnMissingBean (types: org.springframework.boot.task.ThreadPoolTaskSchedulerBuilder; SearchStrategy: all) did not find any beans (OnBeanCondition)

   TomcatServletWebServerAutoConfiguration matched:
      - @ConditionalOnClass found required classes 'jakarta.servlet.ServletRequest', 'org.apache.catalina.startup.Tomcat', 'org.apache.coyote.UpgradeProtocol', 'org.springframework.boot.tomcat.servlet.TomcatServletWebServerFactory' (OnClassCondition)
      - found 'session' scope (OnWebApplicationCondition)

   TomcatServletWebServerAutoConfiguration#tomcatServletWebServerFactory matched:
      - @ConditionalOnMissingBean (types: org.springframework.boot.web.server.servlet.ServletWebServerFactory; SearchStrategy: current) did not find any beans (OnBeanCondition)

   TransactionAutoConfiguration matched:
      - @ConditionalOnClass found required class 'org.springframework.transaction.PlatformTransactionManager' (OnClassCondition)

   TransactionAutoConfiguration.EnableTransactionManagementConfiguration matched:
      - @ConditionalOnBean (types: org.springframework.transaction.TransactionManager; SearchStrategy: all) found bean 'transactionManager'; @ConditionalOnMissingBean (types: org.springframework.transaction.annotation.AbstractTransactionManagementConfiguration; SearchStrategy: all) did not find any beans (OnBeanCondition)

   TransactionAutoConfiguration.EnableTransactionManagementConfiguration.CglibAutoProxyConfiguration matched:
      - @ConditionalOnBooleanProperty (spring.aop.proxy-target-class=true) matched (OnPropertyCondition)

   TransactionAutoConfiguration.TransactionTemplateConfiguration matched:
      - @ConditionalOnSingleCandidate (types: org.springframework.transaction.PlatformTransactionManager; SearchStrategy: all) found a single bean 'transactionManager' (OnBeanCondition)

   TransactionAutoConfiguration.TransactionTemplateConfiguration#transactionTemplate matched:
      - @ConditionalOnMissingBean (types: org.springframework.transaction.support.TransactionOperations; SearchStrategy: all) did not find any beans (OnBeanCondition)

   TransactionManagerCustomizationAutoConfiguration matched:
      - @ConditionalOnClass found required class 'org.springframework.transaction.PlatformTransactionManager' (OnClassCondition)

   TransactionManagerCustomizationAutoConfiguration#platformTransactionManagerCustomizers matched:
      - @ConditionalOnMissingBean (types: org.springframework.boot.transaction.autoconfigure.TransactionManagerCustomizers; SearchStrategy: all) did not find any beans (OnBeanCondition)

   WebMvcAutoConfiguration matched:
      - @ConditionalOnClass found required classes 'jakarta.servlet.Servlet', 'org.springframework.web.servlet.DispatcherServlet', 'org.springframework.web.servlet.config.annotation.WebMvcConfigurer' (OnClassCondition)
      - found 'session' scope (OnWebApplicationCondition)
      - @ConditionalOnMissingBean (types: org.springframework.web.servlet.config.annotation.WebMvcConfigurationSupport; SearchStrategy: all) did not find any beans (OnBeanCondition)

   WebMvcAutoConfiguration#formContentFilter matched:
      - @ConditionalOnBooleanProperty (spring.mvc.formcontent.filter.enabled=true) matched (OnPropertyCondition)
      - @ConditionalOnMissingBean (types: org.springframework.web.filter.FormContentFilter; SearchStrategy: all) did not find any beans (OnBeanCondition)

   WebMvcAutoConfiguration.EnableWebMvcConfiguration#flashMapManager matched:
      - @ConditionalOnMissingBean (names: flashMapManager; SearchStrategy: all) did not find any beans (OnBeanCondition)

   WebMvcAutoConfiguration.EnableWebMvcConfiguration#localeResolver matched:
      - @ConditionalOnMissingBean (names: localeResolver; SearchStrategy: all) did not find any beans (OnBeanCondition)

   WebMvcAutoConfiguration.EnableWebMvcConfiguration#viewNameTranslator matched:
      - @ConditionalOnMissingBean (names: viewNameTranslator; SearchStrategy: all) did not find any beans (OnBeanCondition)

   WebMvcAutoConfiguration.WebMvcAutoConfigurationAdapter#defaultViewResolver matched:
      - @ConditionalOnMissingBean (types: org.springframework.web.servlet.view.InternalResourceViewResolver; SearchStrategy: all) did not find any beans (OnBeanCondition)

   WebMvcAutoConfiguration.WebMvcAutoConfigurationAdapter#requestContextFilter matched:
      - @ConditionalOnMissingBean (types: org.springframework.web.context.request.RequestContextListener,org.springframework.web.filter.RequestContextFilter; SearchStrategy: all) did not find any beans (OnBeanCondition)

   WebMvcAutoConfiguration.WebMvcAutoConfigurationAdapter#viewResolver matched:
      - @ConditionalOnBean (types: org.springframework.web.servlet.ViewResolver; SearchStrategy: all) found beans 'defaultViewResolver', 'beanNameViewResolver', 'mvcViewResolver'; @ConditionalOnMissingBean (names: viewResolver types: org.springframework.web.servlet.view.ContentNegotiatingViewResolver; SearchStrategy: all) did not find any beans (OnBeanCondition)


Negative matches:
-----------------

   AopAutoConfiguration.AspectJAutoProxyingConfiguration.JdkDynamicAutoProxyConfiguration:
      Did not match:
         - @ConditionalOnBooleanProperty (spring.aop.proxy-target-class=false) did not find property 'spring.aop.proxy-target-class' (OnPropertyCondition)

   AopAutoConfiguration.ClassProxyingConfiguration:
      Did not match:
         - @ConditionalOnMissingClass found unwanted class 'org.aspectj.weaver.Advice' (OnClassCondition)

   DataJpaRepositoriesAutoConfiguration#entityManagerFactoryBootstrapExecutorCustomizer:
      Did not match:
         - AnyNestedCondition 0 matched 2 did not; NestedCondition on DataJpaRepositoriesAutoConfiguration.BootstrapExecutorCondition.LazyBootstrapMode @ConditionalOnProperty (spring.data.jpa.repositories.bootstrap-mode=lazy) did not find property 'spring.data.jpa.repositories.bootstrap-mode'; NestedCondition on DataJpaRepositoriesAutoConfiguration.BootstrapExecutorCondition.DeferredBootstrapMode @ConditionalOnProperty (spring.data.jpa.repositories.bootstrap-mode=deferred) did not find property 'spring.data.jpa.repositories.bootstrap-mode' (DataJpaRepositoriesAutoConfiguration.BootstrapExecutorCondition)

   DataRepositoryMetricsAutoConfiguration:
      Did not match:
         - @ConditionalOnBean did not find required type 'io.micrometer.core.instrument.MeterRegistry' (OnBeanCondition)

   DataSourceAutoConfiguration.EmbeddedDatabaseConfiguration:
      Did not match:
         - EmbeddedDataSource spring.datasource.url is set (DataSourceAutoConfiguration.EmbeddedDatabaseCondition)

   DataSourceCheckpointRestoreConfiguration:
      Did not match:
         - @ConditionalOnClass did not find required class 'org.crac.Resource' (OnClassCondition)

   DataSourceConfiguration.Dbcp2:
      Did not match:
         - @ConditionalOnClass did not find required class 'org.apache.commons.dbcp2.BasicDataSource' (OnClassCondition)

   DataSourceConfiguration.Generic:
      Did not match:
         - @ConditionalOnProperty (spring.datasource.type) did not find property 'spring.datasource.type' (OnPropertyCondition)

   DataSourceConfiguration.OracleUcp:
      Did not match:
         - @ConditionalOnClass did not find required classes 'oracle.ucp.jdbc.PoolDataSourceImpl', 'oracle.jdbc.OracleConnection' (OnClassCondition)

   DataSourceConfiguration.Tomcat:
      Did not match:
         - @ConditionalOnClass did not find required class 'org.apache.tomcat.jdbc.pool.DataSource' (OnClassCondition)

   DataSourceHealthContributorAutoConfiguration:
      Did not match:
         - @ConditionalOnClass did not find required class 'org.springframework.boot.health.autoconfigure.contributor.ConditionalOnEnabledHealthIndicator' (OnClassCondition)

   DataSourceJmxConfiguration:
      Did not match:
         - @ConditionalOnBooleanProperty (spring.jmx.enabled=true) found different value in property 'spring.jmx.enabled' (OnPropertyCondition)

   DataSourcePoolMetadataProvidersConfiguration.CommonsDbcp2PoolDataSourceMetadataProviderConfiguration:
      Did not match:
         - @ConditionalOnClass did not find required class 'org.apache.commons.dbcp2.BasicDataSource' (OnClassCondition)

   DataSourcePoolMetadataProvidersConfiguration.OracleUcpPoolDataSourceMetadataProviderConfiguration:
      Did not match:
         - @ConditionalOnClass did not find required classes 'oracle.ucp.jdbc.PoolDataSource', 'oracle.jdbc.OracleConnection' (OnClassCondition)

   DataSourcePoolMetadataProvidersConfiguration.TomcatDataSourcePoolMetadataProviderConfiguration:
      Did not match:
         - @ConditionalOnClass did not find required class 'org.apache.tomcat.jdbc.pool.DataSource' (OnClassCondition)

   DataSourcePoolMetricsAutoConfiguration:
      Did not match:
         - @ConditionalOnClass did not find required class 'io.micrometer.core.instrument.MeterRegistry' (OnClassCondition)

   DataSourceTransactionManagerAutoConfiguration.JdbcTransactionManagerConfiguration#transactionManager:
      Did not match:
         - @ConditionalOnMissingBean (types: org.springframework.transaction.TransactionManager; SearchStrategy: all) found beans of type 'org.springframework.transaction.TransactionManager' transactionManager (OnBeanCondition)

   DevToolsDataSourceAutoConfiguration:
      Did not match:
         - Devtools devtools is disabled for current context. (OnEnabledDevToolsCondition)
      Matched:
         - @ConditionalOnClass found required class 'javax.sql.DataSource' (OnClassCondition)

   DevToolsR2dbcAutoConfiguration:
      Did not match:
         - @ConditionalOnClass did not find required class 'io.r2dbc.spi.ConnectionFactory' (OnClassCondition)

   DispatcherServletAutoConfiguration.DispatcherServletConfiguration#multipartResolver:
      Did not match:
         - @ConditionalOnBean (types: org.springframework.web.multipart.MultipartResolver; SearchStrategy: all) did not find any beans of type org.springframework.web.multipart.MultipartResolver (OnBeanCondition)

   GsonHttpMessageConvertersConfiguration:
      Did not match:
         - @ConditionalOnClass did not find required class 'com.google.gson.Gson' (OnClassCondition)

   HibernateMetricsAutoConfiguration:
      Did not match:
         - @ConditionalOnClass did not find required class 'io.micrometer.core.instrument.MeterRegistry' (OnClassCondition)

   Jackson2HttpMessageConvertersConfiguration.MappingJackson2HttpMessageConverterConfiguration:
      Did not match:
         - @ConditionalOnClass did not find required class 'com.fasterxml.jackson.databind.ObjectMapper' (OnClassCondition)

   Jackson2HttpMessageConvertersConfiguration.MappingJackson2XmlHttpMessageConverterConfiguration:
      Did not match:
         - @ConditionalOnClass did not find required class 'tools.jackson.dataformat.xml.XmlMapper' (OnClassCondition)

   JacksonAutoConfiguration.CborConfiguration:
      Did not match:
         - @ConditionalOnClass did not find required class 'tools.jackson.dataformat.cbor.CBORMapper' (OnClassCondition)

   JacksonAutoConfiguration.XmlConfiguration:
      Did not match:
         - @ConditionalOnClass did not find required class 'tools.jackson.dataformat.xml.XmlMapper' (OnClassCondition)

   JacksonHttpMessageConvertersConfiguration.JacksonXmlHttpMessageConverterConfiguration:
      Did not match:
         - @ConditionalOnClass did not find required class 'tools.jackson.dataformat.xml.XmlMapper' (OnClassCondition)

   JmxAutoConfiguration:
      Did not match:
         - @ConditionalOnBooleanProperty (spring.jmx.enabled=true) found different value in property 'spring.jmx.enabled' (OnPropertyCondition)
      Matched:
         - @ConditionalOnClass found required class 'org.springframework.jmx.export.MBeanExporter' (OnClassCondition)

   JndiDataSourceAutoConfiguration:
      Did not match:
         - @ConditionalOnProperty (spring.datasource.jndi-name) did not find property 'spring.datasource.jndi-name' (OnPropertyCondition)
      Matched:
         - @ConditionalOnClass found required classes 'javax.sql.DataSource', 'org.springframework.jdbc.datasource.embedded.EmbeddedDatabaseType' (OnClassCondition)

   JndiJtaConfiguration:
      Did not match:
         - @ConditionalOnJndi JNDI environment is not available (OnJndiCondition)
      Matched:
         - @ConditionalOnClass found required class 'org.springframework.transaction.jta.JtaTransactionManager' (OnClassCondition)

   JsonbHttpMessageConvertersConfiguration:
      Did not match:
         - @ConditionalOnClass did not find required class 'jakarta.json.bind.Jsonb' (OnClassCondition)

   KotlinSerializationHttpMessageConvertersConfiguration:
      Did not match:
         - @ConditionalOnClass did not find required classes 'kotlinx.serialization.Serializable', 'kotlinx.serialization.json.Json' (OnClassCondition)

   LocalDevToolsAutoConfiguration:
      Did not match:
         - Initialized Restarter Condition initialized without URLs (OnInitializedRestarterCondition)

   MessageSourceAutoConfiguration:
      Did not match:
         - ResourceBundle did not find bundle with basename messages (MessageSourceAutoConfiguration.ResourceBundleCondition)

   ProjectInfoAutoConfiguration#buildProperties:
      Did not match:
         - @ConditionalOnResource did not find resource '${spring.info.build.location:classpath:META-INF/build-info.properties}' (OnResourceCondition)

   ProjectInfoAutoConfiguration#gitProperties:
      Did not match:
         - GitResource did not find git info at classpath:git.properties (ProjectInfoAutoConfiguration.GitResourceAvailableCondition)

   RemoteDevToolsAutoConfiguration:
      Did not match:
         - @ConditionalOnProperty (spring.devtools.remote.secret) did not find property 'spring.devtools.remote.secret' (OnPropertyCondition)
      Matched:
         - @ConditionalOnClass found required classes 'jakarta.servlet.Filter', 'org.springframework.http.server.ServerHttpRequest', 'org.springframework.boot.web.server.autoconfigure.ServerProperties' (OnClassCondition)

   ServletHttpExchangesAutoConfiguration:
      Did not match:
         - @ConditionalOnBean did not find required type 'org.springframework.boot.actuate.web.exchanges.HttpExchangeRepository' (OnBeanCondition)

   ServletManagementContextAutoConfiguration:
      Did not match:
         - @ConditionalOnClass did not find required class 'org.springframework.boot.actuate.autoconfigure.endpoint.web.WebEndpointProperties' (OnClassCondition)

   ServletMappingsAutoConfiguration:
      Did not match:
         - @ConditionalOnClass did not find required class 'org.springframework.boot.actuate.autoconfigure.endpoint.condition.ConditionalOnAvailableEndpoint' (OnClassCondition)

   ServletWebServerConfiguration#forwardedHeaderFilter:
      Did not match:
         - @ConditionalOnProperty (server.forward-headers-strategy=framework) did not find property 'server.forward-headers-strategy' (OnPropertyCondition)

   SpringApplicationAdminJmxAutoConfiguration:
      Did not match:
         - @ConditionalOnBooleanProperty (spring.application.admin.enabled=true) did not find property 'spring.application.admin.enabled' (OnPropertyCondition)

   TaskExecutorConfigurations.AsyncConfigurerWrapperConfiguration:
      Did not match:
         - @ConditionalOnBean (types: org.springframework.scheduling.annotation.AsyncConfigurer; SearchStrategy: all) did not find any beans of type org.springframework.scheduling.annotation.AsyncConfigurer (OnBeanCondition)

   TaskExecutorConfigurations.SimpleAsyncTaskExecutorBuilderConfiguration#simpleAsyncTaskExecutorBuilderVirtualThreads:
      Did not match:
         - @ConditionalOnMissingBean (types: org.springframework.boot.task.SimpleAsyncTaskExecutorBuilder; SearchStrategy: all) found beans of type 'org.springframework.boot.task.SimpleAsyncTaskExecutorBuilder' simpleAsyncTaskExecutorBuilder (OnBeanCondition)

   TaskExecutorConfigurations.TaskExecutorConfiguration#applicationTaskExecutorVirtualThreads:
      Did not match:
         - @ConditionalOnThreading did not find VIRTUAL (OnThreadingCondition)

   TaskSchedulingAutoConfiguration#scheduledBeanLazyInitializationExcludeFilter:
      Did not match:
         - @ConditionalOnBean (names: org.springframework.scheduling.config.internalScheduledAnnotationProcessor; SearchStrategy: all) did not find any beans named org.springframework.scheduling.config.internalScheduledAnnotationProcessor (OnBeanCondition)

   TaskSchedulingConfigurations.SimpleAsyncTaskSchedulerBuilderConfiguration#simpleAsyncTaskSchedulerBuilderVirtualThreads:
      Did not match:
         - @ConditionalOnThreading did not find VIRTUAL (OnThreadingCondition)

   TaskSchedulingConfigurations.TaskSchedulerConfiguration:
      Did not match:
         - @ConditionalOnBean (names: org.springframework.scheduling.config.internalScheduledAnnotationProcessor; SearchStrategy: all) did not find any beans named org.springframework.scheduling.config.internalScheduledAnnotationProcessor (OnBeanCondition)

   TomcatMetricsAutoConfiguration:
      Did not match:
         - @ConditionalOnClass did not find required class 'io.micrometer.core.instrument.binder.tomcat.TomcatMetrics' (OnClassCondition)

   TomcatReactiveManagementContextAutoConfiguration:
      Did not match:
         - @ConditionalOnClass did not find required class 'org.springframework.boot.actuate.autoconfigure.web.server.ManagementContextFactory' (OnClassCondition)

   TomcatReactiveWebServerAutoConfiguration:
      Did not match:
         - @ConditionalOnWebApplication did not find reactive web application classes (OnWebApplicationCondition)

   TomcatServletManagementContextAutoConfiguration:
      Did not match:
         - @ConditionalOnClass did not find required class 'org.springframework.boot.actuate.autoconfigure.web.server.ManagementContextFactory' (OnClassCondition)

   TomcatServletWebServerAutoConfiguration#tomcatForwardedHeaderFilterCustomizer:
      Did not match:
         - @ConditionalOnProperty (server.forward-headers-strategy=framework) did not find property 'server.forward-headers-strategy' (OnPropertyCondition)

   TomcatWebServerConfiguration:
      Did not match:
         - Application is deployed as a WAR file. (OnWarDeploymentCondition)

   TransactionAutoConfiguration#transactionalOperator:
      Did not match:
         - @ConditionalOnSingleCandidate (types: org.springframework.transaction.ReactiveTransactionManager; SearchStrategy: all) did not find any beans (OnBeanCondition)

   TransactionAutoConfiguration.AspectJTransactionManagementConfiguration:
      Did not match:
         - @ConditionalOnBean (types: org.springframework.transaction.aspectj.AbstractTransactionAspect; SearchStrategy: all) did not find any beans of type org.springframework.transaction.aspectj.AbstractTransactionAspect (OnBeanCondition)

   TransactionAutoConfiguration.EnableTransactionManagementConfiguration.JdkDynamicAutoProxyConfiguration:
      Did not match:
         - @ConditionalOnBooleanProperty (spring.aop.proxy-target-class=false) did not find property 'spring.aop.proxy-target-class' (OnPropertyCondition)

   WebMvcAutoConfiguration#hiddenHttpMethodFilter:
      Did not match:
         - @ConditionalOnBooleanProperty (spring.mvc.hiddenmethod.filter.enabled=true) did not find property 'spring.mvc.hiddenmethod.filter.enabled' (OnPropertyCondition)

   WebMvcAutoConfiguration.ProblemDetailsErrorHandlingConfiguration:
      Did not match:
         - @ConditionalOnBooleanProperty (spring.mvc.problemdetails.enabled=true) did not find property 'spring.mvc.problemdetails.enabled' (OnPropertyCondition)

   WebMvcAutoConfiguration.ResourceChainCustomizerConfiguration:
      Did not match:
         - @ConditionalOnEnabledResourceChain did not find class org.webjars.WebJarVersionLocator (OnEnabledResourceChainCondition)

   WebMvcAutoConfiguration.WebMvcAutoConfigurationAdapter#beanNameViewResolver:
      Did not match:
         - @ConditionalOnMissingBean (types: org.springframework.web.servlet.view.BeanNameViewResolver; SearchStrategy: all) found beans of type 'org.springframework.web.servlet.view.BeanNameViewResolver' beanNameViewResolver (OnBeanCondition)

   WebMvcHealthEndpointExtensionAutoConfiguration:
      Did not match:
         - @ConditionalOnClass did not find required class 'org.springframework.boot.health.actuate.endpoint.HealthEndpoint' (OnClassCondition)

   WebMvcMappingsAutoConfiguration:
      Did not match:
         - @ConditionalOnClass did not find required class 'org.springframework.boot.actuate.autoconfigure.endpoint.condition.ConditionalOnAvailableEndpoint' (OnClassCondition)

   WebMvcObservationAutoConfiguration:
      Did not match:
         - @ConditionalOnClass did not find required class 'org.springframework.boot.micrometer.observation.autoconfigure.ObservationProperties' (OnClassCondition)

   XADataSourceAutoConfiguration:
      Did not match:
         - @ConditionalOnBean (types: org.springframework.boot.jdbc.XADataSourceWrapper; SearchStrategy: all) did not find any beans of type org.springframework.boot.jdbc.XADataSourceWrapper (OnBeanCondition)
      Matched:
         - @ConditionalOnClass found required classes 'javax.sql.DataSource', 'jakarta.transaction.TransactionManager', 'org.springframework.jdbc.datasource.embedded.EmbeddedDatabaseType' (OnClassCondition)


Exclusions:
-----------

    None


Unconditional classes:
----------------------

    org.springframework.boot.autoconfigure.context.ConfigurationPropertiesAutoConfiguration

    org.springframework.boot.autoconfigure.ssl.SslAutoConfiguration

    org.springframework.boot.autoconfigure.context.LifecycleAutoConfiguration

    org.springframework.boot.autoconfigure.context.PropertyPlaceholderAutoConfiguration

    org.springframework.boot.autoconfigure.availability.ApplicationAvailabilityAutoConfiguration

    org.springframework.boot.autoconfigure.info.ProjectInfoAutoConfiguration



2026-04-03 20:23:04 INFO  c.s.s.p.ProdReadyFeaturesApplicationTests - Started ProdReadyFeaturesApplicationTests in 4.995 seconds (process running for 6.548)
2026-04-03 20:23:04 DEBUG o.s.b.a.ApplicationAvailabilityBean - Application availability state LivenessState changed to CORRECT
2026-04-03 20:23:04 DEBUG o.s.b.d.r.Restarter - Creating new Restarter for thread Thread[#3,main,5,main]
2026-04-03 20:23:04 DEBUG o.s.b.a.ApplicationAvailabilityBean - Application availability state ReadinessState changed to ACCEPTING_TRAFFIC
2026-04-03 20:23:04 DEBUG o.s.t.c.cache - Spring test ApplicationContext cache statistics: [DefaultContextCache@23ac164d size = 1, maxSize = 32, contextUsageCount = 0, parentContextCount = 0, hitCount = 0, missCount = 1, failureCount = 0]
2026-04-03 20:23:04 DEBUG o.s.t.c.w.ServletTestExecutionListener - Setting up MockHttpServletRequest, MockHttpServletResponse, ServletWebRequest, and RequestContextHolder for test class com.shikhilrane.shikhil.prod_ready_features.ProdReadyFeaturesApplicationTests
2026-04-03 20:23:04 DEBUG o.s.t.c.s.DependencyInjectionTestExecutionListener - Performing dependency injection for test class com.shikhilrane.shikhil.prod_ready_features.ProdReadyFeaturesApplicationTests
2026-04-03 20:23:04 DEBUG o.s.t.c.cache - Spring test ApplicationContext cache statistics: [DefaultContextCache@23ac164d size = 1, maxSize = 32, contextUsageCount = 1, parentContextCount = 0, hitCount = 1, missCount = 1, failureCount = 0]
2026-04-03 20:23:04 DEBUG o.s.t.c.cache - Spring test ApplicationContext cache statistics: [DefaultContextCache@23ac164d size = 1, maxSize = 32, contextUsageCount = 1, parentContextCount = 0, hitCount = 2, missCount = 1, failureCount = 0]
2026-04-03 20:23:04 DEBUG o.s.t.c.s.DirtiesContextBeforeModesTestExecutionListener - Before test method: class [ProdReadyFeaturesApplicationTests], method [getEmployeeById], class annotated with @DirtiesContext [false] with mode [null], method annotated with @DirtiesContext [false] with mode [null]
2026-04-03 20:23:04 DEBUG o.s.t.c.cache - Spring test ApplicationContext cache statistics: [DefaultContextCache@23ac164d size = 1, maxSize = 32, contextUsageCount = 1, parentContextCount = 0, hitCount = 3, missCount = 1, failureCount = 0]
2026-04-03 20:23:04 DEBUG o.s.t.c.cache - Spring test ApplicationContext cache statistics: [DefaultContextCache@23ac164d size = 1, maxSize = 32, contextUsageCount = 1, parentContextCount = 0, hitCount = 4, missCount = 1, failureCount = 0]
2026-04-03 20:23:04 DEBUG o.s.t.c.cache - Spring test ApplicationContext cache statistics: [DefaultContextCache@23ac164d size = 1, maxSize = 32, contextUsageCount = 1, parentContextCount = 0, hitCount = 5, missCount = 1, failureCount = 0]
2026-04-03 20:23:04 DEBUG o.s.w.c.DefaultRestClient - Reading to [com.shikhilrane.shikhil.prod_ready_features.advice.APIResponse<com.shikhilrane.shikhil.prod_ready_features.dto.EmployeeDto>]
2026-04-03 20:23:04 INFO  c.s.s.p.c.i.EmployeeClientImpl - Successfully retrieved the Employee in getEmployeeById, it is use to give information that our application is successfully executed
2026-04-03 20:23:04 DEBUG o.s.t.c.cache - Spring test ApplicationContext cache statistics: [DefaultContextCache@23ac164d size = 1, maxSize = 32, contextUsageCount = 1, parentContextCount = 0, hitCount = 6, missCount = 1, failureCount = 0]
2026-04-03 20:23:04 DEBUG o.s.t.c.cache - Spring test ApplicationContext cache statistics: [DefaultContextCache@23ac164d size = 1, maxSize = 32, contextUsageCount = 1, parentContextCount = 0, hitCount = 7, missCount = 1, failureCount = 0]
2026-04-03 20:23:04 DEBUG o.s.t.c.cache - Spring test ApplicationContext cache statistics: [DefaultContextCache@23ac164d size = 1, maxSize = 32, contextUsageCount = 1, parentContextCount = 0, hitCount = 8, missCount = 1, failureCount = 0]
2026-04-03 20:23:04 DEBUG o.s.t.c.cache - Spring test ApplicationContext cache statistics: [DefaultContextCache@23ac164d size = 1, maxSize = 32, contextUsageCount = 1, parentContextCount = 0, hitCount = 9, missCount = 1, failureCount = 0]
2026-04-03 20:23:04 DEBUG o.s.t.c.cache - Spring test ApplicationContext cache statistics: [DefaultContextCache@23ac164d size = 1, maxSize = 32, contextUsageCount = 1, parentContextCount = 0, hitCount = 10, missCount = 1, failureCount = 0]
2026-04-03 20:23:04 DEBUG o.s.t.c.s.DirtiesContextTestExecutionListener - After test method: class [ProdReadyFeaturesApplicationTests], method [getEmployeeById], class annotated with @DirtiesContext [false] with mode [null], method annotated with @DirtiesContext [false] with mode [null]
2026-04-03 20:23:04 DEBUG o.s.t.c.w.ServletTestExecutionListener - Resetting RequestContextHolder for test class com.shikhilrane.shikhil.prod_ready_features.ProdReadyFeaturesApplicationTests
2026-04-03 20:23:04 DEBUG o.s.t.c.cache - Spring test ApplicationContext cache statistics: [DefaultContextCache@23ac164d size = 1, maxSize = 32, contextUsageCount = 1, parentContextCount = 0, hitCount = 11, missCount = 1, failureCount = 0]
2026-04-03 20:23:04 DEBUG o.s.t.c.cache - Spring test ApplicationContext cache statistics: [DefaultContextCache@23ac164d size = 1, maxSize = 32, contextUsageCount = 1, parentContextCount = 0, hitCount = 12, missCount = 1, failureCount = 0]
2026-04-03 20:23:04 DEBUG o.s.t.c.s.DirtiesContextTestExecutionListener - After test class: class [ProdReadyFeaturesApplicationTests], class annotated with @DirtiesContext [false] with mode [null]
2026-04-03 20:23:04 DEBUG o.s.w.c.s.GenericWebApplicationContext - Closing org.springframework.web.context.support.GenericWebApplicationContext@5cbe2654, started on Fri Apr 03 20:22:59 IST 2026
2026-04-03 20:23:04 DEBUG o.s.c.s.DefaultLifecycleProcessor - Stopping beans in phase 1073741823
2026-04-03 20:23:04 DEBUG o.s.c.s.DefaultLifecycleProcessor - Bean 'applicationTaskExecutor' completed its stop procedure
2026-04-03 20:23:04 DEBUG o.s.c.s.DefaultLifecycleProcessor - Stopping beans in phase -2147483647
2026-04-03 20:23:04 DEBUG o.s.c.s.DefaultLifecycleProcessor - Bean 'springBootLoggingLifecycle' completed its stop procedure
2026-04-03 20:23:04 INFO  o.s.o.j.LocalContainerEntityManagerFactoryBean - Closing JPA EntityManagerFactory for persistence unit 'default'
2026-04-03 20:23:04 DEBUG o.h.o.factory - HHH90020005: Closing factory [773ad8b2-b013-46b5-a016-d86cd8d74a2d]
2026-04-03 20:23:04 INFO  c.z.h.HikariDataSource - HikariPool-1 - Shutdown initiated...
2026-04-03 20:23:04 DEBUG c.z.h.p.HikariPool - HikariPool-1 - Before shutdown stats (total=10/10, idle=10/10, active=0, waiting=0)
2026-04-03 20:23:04 DEBUG c.z.h.p.PoolBase - HikariPool-1 - Closing connection com.mysql.cj.jdbc.ConnectionImpl@1d6a0962: (connection evicted)
2026-04-03 20:23:04 DEBUG c.z.h.p.PoolBase - HikariPool-1 - Closing connection com.mysql.cj.jdbc.ConnectionImpl@65822f2d: (connection evicted)
2026-04-03 20:23:04 DEBUG c.z.h.p.PoolBase - HikariPool-1 - Closing connection com.mysql.cj.jdbc.ConnectionImpl@5add062: (connection evicted)
2026-04-03 20:23:04 DEBUG c.z.h.p.PoolBase - HikariPool-1 - Closing connection com.mysql.cj.jdbc.ConnectionImpl@1e3a966: (connection evicted)
2026-04-03 20:23:04 DEBUG c.z.h.p.PoolBase - HikariPool-1 - Closing connection com.mysql.cj.jdbc.ConnectionImpl@1ccf85b3: (connection evicted)
2026-04-03 20:23:04 DEBUG c.z.h.p.PoolBase - HikariPool-1 - Closing connection com.mysql.cj.jdbc.ConnectionImpl@18ec4482: (connection evicted)
2026-04-03 20:23:04 DEBUG c.z.h.p.PoolBase - HikariPool-1 - Closing connection com.mysql.cj.jdbc.ConnectionImpl@707b0795: (connection evicted)
2026-04-03 20:23:04 DEBUG c.z.h.p.PoolBase - HikariPool-1 - Closing connection com.mysql.cj.jdbc.ConnectionImpl@5d0b6a38: (connection evicted)
2026-04-03 20:23:04 DEBUG c.z.h.p.PoolBase - HikariPool-1 - Closing connection com.mysql.cj.jdbc.ConnectionImpl@36253166: (connection evicted)
2026-04-03 20:23:04 DEBUG c.z.h.p.PoolBase - HikariPool-1 - Closing connection com.mysql.cj.jdbc.ConnectionImpl@4930dffa: (connection evicted)
2026-04-03 20:23:04 DEBUG c.z.h.p.HikariPool - HikariPool-1 - After  shutdown stats (total=0/10, idle=0/10, active=0, waiting=0)
2026-04-03 20:23:04 INFO  c.z.h.HikariDataSource - HikariPool-1 - Shutdown completed.
2026-04-03 20:23:04 DEBUG o.s.s.c.ThreadPoolTaskExecutor - Shutting down ExecutorService 'applicationTaskExecutor'
