2026-04-03 20:53:18 INFO  c.s.s.p.ProdReadyFeaturesApplication - Starting ProdReadyFeaturesApplication using Java 25 with PID 23419 (/Users/shikhilrane/Downloads/Programming/Git-remote-repos/Learnings/_13_Spring_Boot_CS/Spring_Boot_Learning/_04_Production_Ready_SpringBoot_Features/_06_Spring_Boot_Actuator/prod-ready-features/target/classes started by shikhilrane in /Users/shikhilrane/Downloads/Programming/Git-remote-repos/Learnings/_13_Spring_Boot_CS/Spring_Boot_Learning/_04_Production_Ready_SpringBoot_Features/_06_Spring_Boot_Actuator/prod-ready-features)
2026-04-03 20:53:18 DEBUG c.s.s.p.ProdReadyFeaturesApplication - Running with Spring Boot v4.0.2, Spring v7.0.3
2026-04-03 20:53:18 INFO  c.s.s.p.ProdReadyFeaturesApplication - No active profile set, falling back to 1 default profile: "default"
2026-04-03 20:53:18 DEBUG o.s.b.SpringApplication - Loading source class com.shikhilrane.shikhil.prod_ready_features.ProdReadyFeaturesApplication
2026-04-03 20:53:19 DEBUG o.s.b.d.r.ChangeableUrls - Matching URLs for reloading : [file:/Users/shikhilrane/Downloads/Programming/Git-remote-repos/Learnings/_13_Spring_Boot_CS/Spring_Boot_Learning/_04_Production_Ready_SpringBoot_Features/_06_Spring_Boot_Actuator/prod-ready-features/target/classes/]
2026-04-03 20:53:19 DEBUG o.s.b.d.s.DevToolsSettings - Included patterns for restart : []
2026-04-03 20:53:19 DEBUG o.s.b.d.s.DevToolsSettings - Excluded patterns for restart : [/spring-boot-starter-[\w-]+/, /spring-boot/(bin|build|out)/, /spring-boot-starter/(bin|build|out)/, /spring-boot-devtools/(bin|build|out)/, /spring-boot-actuator/(bin|build|out)/, /spring-boot-autoconfigure/(bin|build|out)/]
2026-04-03 20:53:19 INFO  o.s.b.d.e.DevToolsPropertyDefaultsPostProcessor - Devtools property defaults active! Set 'spring.devtools.add-properties' to 'false' to disable
2026-04-03 20:53:19 INFO  o.s.b.d.e.DevToolsPropertyDefaultsPostProcessor - For additional web related logging consider setting the 'logging.level.web' property to 'DEBUG'
2026-04-03 20:53:19 DEBUG o.s.b.w.s.s.c.AnnotationConfigServletWebServerApplicationContext - Refreshing org.springframework.boot.web.server.servlet.context.AnnotationConfigServletWebServerApplicationContext@1c59ecc9
2026-04-03 20:53:19 DEBUG o.s.b.f.s.DefaultListableBeanFactory - Creating shared instance of singleton bean 'org.springframework.context.annotation.internalConfigurationAnnotationProcessor'
2026-04-03 20:53:19 DEBUG o.s.b.f.s.DefaultListableBeanFactory - Creating shared instance of singleton bean 'org.springframework.boot.autoconfigure.internalCachingMetadataReaderFactory'
2026-04-03 20:53:19 DEBUG o.s.c.a.ClassPathBeanDefinitionScanner - Identified candidate component class: file [/Users/shikhilrane/Downloads/Programming/Git-remote-repos/Learnings/_13_Spring_Boot_CS/Spring_Boot_Learning/_04_Production_Ready_SpringBoot_Features/_06_Spring_Boot_Actuator/prod-ready-features/target/classes/com/shikhilrane/shikhil/prod_ready_features/advice/GlobalExceptionHandler.class]
2026-04-03 20:53:19 DEBUG o.s.c.a.ClassPathBeanDefinitionScanner - Identified candidate component class: file [/Users/shikhilrane/Downloads/Programming/Git-remote-repos/Learnings/_13_Spring_Boot_CS/Spring_Boot_Learning/_04_Production_Ready_SpringBoot_Features/_06_Spring_Boot_Actuator/prod-ready-features/target/classes/com/shikhilrane/shikhil/prod_ready_features/advice/GlobalResponseHandler.class]
2026-04-03 20:53:19 DEBUG o.s.c.a.ClassPathBeanDefinitionScanner - Identified candidate component class: file [/Users/shikhilrane/Downloads/Programming/Git-remote-repos/Learnings/_13_Spring_Boot_CS/Spring_Boot_Learning/_04_Production_Ready_SpringBoot_Features/_06_Spring_Boot_Actuator/prod-ready-features/target/classes/com/shikhilrane/shikhil/prod_ready_features/auth/AuditorAwareImpl.class]
2026-04-03 20:53:19 DEBUG o.s.c.a.ClassPathBeanDefinitionScanner - Identified candidate component class: file [/Users/shikhilrane/Downloads/Programming/Git-remote-repos/Learnings/_13_Spring_Boot_CS/Spring_Boot_Learning/_04_Production_Ready_SpringBoot_Features/_06_Spring_Boot_Actuator/prod-ready-features/target/classes/com/shikhilrane/shikhil/prod_ready_features/clients/impl/EmployeeClientImpl.class]
2026-04-03 20:53:19 DEBUG o.s.c.a.ClassPathBeanDefinitionScanner - Identified candidate component class: file [/Users/shikhilrane/Downloads/Programming/Git-remote-repos/Learnings/_13_Spring_Boot_CS/Spring_Boot_Learning/_04_Production_Ready_SpringBoot_Features/_06_Spring_Boot_Actuator/prod-ready-features/target/classes/com/shikhilrane/shikhil/prod_ready_features/config/AuditingConfig.class]
2026-04-03 20:53:19 DEBUG o.s.c.a.ClassPathBeanDefinitionScanner - Identified candidate component class: file [/Users/shikhilrane/Downloads/Programming/Git-remote-repos/Learnings/_13_Spring_Boot_CS/Spring_Boot_Learning/_04_Production_Ready_SpringBoot_Features/_06_Spring_Boot_Actuator/prod-ready-features/target/classes/com/shikhilrane/shikhil/prod_ready_features/config/MapperConfig.class]
2026-04-03 20:53:19 DEBUG o.s.c.a.ClassPathBeanDefinitionScanner - Identified candidate component class: file [/Users/shikhilrane/Downloads/Programming/Git-remote-repos/Learnings/_13_Spring_Boot_CS/Spring_Boot_Learning/_04_Production_Ready_SpringBoot_Features/_06_Spring_Boot_Actuator/prod-ready-features/target/classes/com/shikhilrane/shikhil/prod_ready_features/config/RestClientConfig.class]
2026-04-03 20:53:19 DEBUG o.s.c.a.ClassPathBeanDefinitionScanner - Identified candidate component class: file [/Users/shikhilrane/Downloads/Programming/Git-remote-repos/Learnings/_13_Spring_Boot_CS/Spring_Boot_Learning/_04_Production_Ready_SpringBoot_Features/_06_Spring_Boot_Actuator/prod-ready-features/target/classes/com/shikhilrane/shikhil/prod_ready_features/controllers/EmployeeRestClientController.class]
2026-04-03 20:53:19 DEBUG o.s.c.a.ClassPathBeanDefinitionScanner - Identified candidate component class: file [/Users/shikhilrane/Downloads/Programming/Git-remote-repos/Learnings/_13_Spring_Boot_CS/Spring_Boot_Learning/_04_Production_Ready_SpringBoot_Features/_06_Spring_Boot_Actuator/prod-ready-features/target/classes/com/shikhilrane/shikhil/prod_ready_features/controllers/PostAuditController.class]
2026-04-03 20:53:19 DEBUG o.s.c.a.ClassPathBeanDefinitionScanner - Identified candidate component class: file [/Users/shikhilrane/Downloads/Programming/Git-remote-repos/Learnings/_13_Spring_Boot_CS/Spring_Boot_Learning/_04_Production_Ready_SpringBoot_Features/_06_Spring_Boot_Actuator/prod-ready-features/target/classes/com/shikhilrane/shikhil/prod_ready_features/controllers/PostController.class]
2026-04-03 20:53:19 DEBUG o.s.c.a.ClassPathBeanDefinitionScanner - Ignored because not a concrete top-level class: file [/Users/shikhilrane/Downloads/Programming/Git-remote-repos/Learnings/_13_Spring_Boot_CS/Spring_Boot_Learning/_04_Production_Ready_SpringBoot_Features/_06_Spring_Boot_Actuator/prod-ready-features/target/classes/com/shikhilrane/shikhil/prod_ready_features/repositories/PostRepository.class]
2026-04-03 20:53:19 DEBUG o.s.c.a.ClassPathBeanDefinitionScanner - Identified candidate component class: file [/Users/shikhilrane/Downloads/Programming/Git-remote-repos/Learnings/_13_Spring_Boot_CS/Spring_Boot_Learning/_04_Production_Ready_SpringBoot_Features/_06_Spring_Boot_Actuator/prod-ready-features/target/classes/com/shikhilrane/shikhil/prod_ready_features/services/Implementation/PostServiceImpl.class]
2026-04-03 20:53:19 INFO  o.s.d.r.c.RepositoryConfigurationDelegate - Bootstrapping Spring Data JPA repositories in DEFAULT mode.
2026-04-03 20:53:19 DEBUG o.s.b.f.s.DefaultListableBeanFactory - Creating shared instance of singleton bean 'org.springframework.boot.autoconfigure.AutoConfigurationPackages'
2026-04-03 20:53:19 DEBUG o.s.b.a.AutoConfigurationPackages - @EnableAutoConfiguration was declared on a class in the package 'com.shikhilrane.shikhil.prod_ready_features'. Automatic @Repository and @Entity scanning is enabled.
2026-04-03 20:53:19 DEBUG o.s.d.r.c.RepositoryConfigurationDelegate - Scanning for JPA repositories in packages com.shikhilrane.shikhil.prod_ready_features.
2026-04-03 20:53:19 DEBUG o.s.d.r.c.RepositoryComponentProvider - Identified candidate component class: file [/Users/shikhilrane/Downloads/Programming/Git-remote-repos/Learnings/_13_Spring_Boot_CS/Spring_Boot_Learning/_04_Production_Ready_SpringBoot_Features/_06_Spring_Boot_Actuator/prod-ready-features/target/classes/com/shikhilrane/shikhil/prod_ready_features/repositories/PostRepository.class]
2026-04-03 20:53:19 DEBUG o.s.c.a.ClassPathScanningCandidateComponentProvider - Identified candidate component class: file [/Users/shikhilrane/Downloads/Programming/Git-remote-repos/Learnings/_13_Spring_Boot_CS/Spring_Boot_Learning/_04_Production_Ready_SpringBoot_Features/_06_Spring_Boot_Actuator/prod-ready-features/target/classes/com/shikhilrane/shikhil/prod_ready_features/auth/AuditorAwareImpl.class]
2026-04-03 20:53:19 DEBUG o.s.c.a.ClassPathScanningCandidateComponentProvider - Identified candidate component class: file [/Users/shikhilrane/Downloads/Programming/Git-remote-repos/Learnings/_13_Spring_Boot_CS/Spring_Boot_Learning/_04_Production_Ready_SpringBoot_Features/_06_Spring_Boot_Actuator/prod-ready-features/target/classes/com/shikhilrane/shikhil/prod_ready_features/clients/impl/EmployeeClientImpl.class]
2026-04-03 20:53:19 DEBUG o.s.c.a.ClassPathScanningCandidateComponentProvider - Identified candidate component class: file [/Users/shikhilrane/Downloads/Programming/Git-remote-repos/Learnings/_13_Spring_Boot_CS/Spring_Boot_Learning/_04_Production_Ready_SpringBoot_Features/_06_Spring_Boot_Actuator/prod-ready-features/target/classes/com/shikhilrane/shikhil/prod_ready_features/services/Implementation/PostServiceImpl.class]
2026-04-03 20:53:19 INFO  o.s.d.r.c.RepositoryConfigurationDelegate - Finished Spring Data repository scanning in 42 ms. Found 1 JPA repository interface.
2026-04-03 20:53:20 DEBUG o.s.b.f.s.DefaultListableBeanFactory - Creating shared instance of singleton bean 'propertySourcesPlaceholderConfigurer'
2026-04-03 20:53:20 DEBUG o.s.b.f.s.DefaultListableBeanFactory - Creating shared instance of singleton bean 'org.springframework.boot.devtools.autoconfigure.DevToolsDataSourceAutoConfiguration$DatabaseShutdownExecutorEntityManagerFactoryDependsOnPostProcessor'
2026-04-03 20:53:20 DEBUG o.s.b.f.s.DefaultListableBeanFactory - Creating shared instance of singleton bean 'org.springframework.boot.sql.init.dependency.DatabaseInitializationDependencyConfigurer$DependsOnDatabaseInitializationPostProcessor'
2026-04-03 20:53:20 DEBUG o.s.b.f.s.DefaultListableBeanFactory - Creating shared instance of singleton bean 'org.springframework.context.event.internalEventListenerProcessor'
2026-04-03 20:53:20 DEBUG o.s.b.f.s.DefaultListableBeanFactory - Creating shared instance of singleton bean 'org.springframework.data.jpa.domain.support.AuditingBeanFactoryPostProcessor'
2026-04-03 20:53:20 DEBUG o.s.b.f.s.DefaultListableBeanFactory - Creating shared instance of singleton bean 'bootstrapExecutorAliasPostProcessor'
2026-04-03 20:53:20 DEBUG o.s.b.f.s.DefaultListableBeanFactory - Creating shared instance of singleton bean 'preserveErrorControllerTargetClassPostProcessor'
2026-04-03 20:53:20 DEBUG o.s.b.f.s.DefaultListableBeanFactory - Creating shared instance of singleton bean 'org.springframework.context.event.internalEventListenerFactory'
2026-04-03 20:53:20 DEBUG o.s.b.f.s.DefaultListableBeanFactory - Creating shared instance of singleton bean 'org.springframework.transaction.config.internalTransactionalEventListenerFactory'
2026-04-03 20:53:20 DEBUG o.s.b.f.s.DefaultListableBeanFactory - Creating shared instance of singleton bean 'org.springframework.context.annotation.internalAutowiredAnnotationProcessor'
2026-04-03 20:53:20 DEBUG o.s.b.f.s.DefaultListableBeanFactory - Creating shared instance of singleton bean 'org.springframework.context.annotation.internalCommonAnnotationProcessor'
2026-04-03 20:53:20 DEBUG o.s.b.f.s.DefaultListableBeanFactory - Creating shared instance of singleton bean 'org.springframework.context.annotation.internalPersistenceAnnotationProcessor'
2026-04-03 20:53:20 DEBUG o.s.b.f.s.DefaultListableBeanFactory - Creating shared instance of singleton bean 'org.springframework.boot.context.properties.ConfigurationPropertiesBindingPostProcessor'
2026-04-03 20:53:20 DEBUG o.s.b.f.s.DefaultListableBeanFactory - Creating shared instance of singleton bean 'org.springframework.boot.context.internalConfigurationPropertiesBinder'
2026-04-03 20:53:20 DEBUG o.s.b.f.s.DefaultListableBeanFactory - Creating shared instance of singleton bean 'jdbcConnectionDetailsHikariBeanPostProcessor'
2026-04-03 20:53:20 DEBUG o.s.b.f.s.DefaultListableBeanFactory - Creating shared instance of singleton bean 'org.springframework.aop.config.internalAutoProxyCreator'
2026-04-03 20:53:20 DEBUG o.s.b.f.s.DefaultListableBeanFactory - Creating shared instance of singleton bean 'org.springframework.aop.framework.autoproxy.defaultProxyConfig'
2026-04-03 20:53:20 DEBUG o.s.b.f.s.DefaultListableBeanFactory - Creating shared instance of singleton bean 'persistenceExceptionTranslationPostProcessor'
2026-04-03 20:53:20 DEBUG o.s.b.f.s.DefaultListableBeanFactory - Autowiring by type from bean name 'persistenceExceptionTranslationPostProcessor' via factory method to bean named 'environment'
2026-04-03 20:53:20 DEBUG o.s.b.f.s.DefaultListableBeanFactory - Creating shared instance of singleton bean 'meterRegistryPostProcessor'
2026-04-03 20:53:20 DEBUG o.s.b.f.s.DefaultListableBeanFactory - Creating shared instance of singleton bean 'org.springframework.transaction.config.internalTransactionAdvisor'
2026-04-03 20:53:20 DEBUG o.s.b.f.s.DefaultListableBeanFactory - Creating shared instance of singleton bean 'org.springframework.transaction.annotation.ProxyTransactionManagementConfiguration'
2026-04-03 20:53:20 DEBUG o.s.a.a.a.ReflectiveAspectJAdvisorFactory - Found AspectJ method: public void org.springframework.beans.factory.aspectj.AbstractDependencyInjectionAspect.ajc$before$org_springframework_beans_factory_aspectj_AbstractDependencyInjectionAspect$1$e854fa65(java.lang.Object)
2026-04-03 20:53:20 DEBUG o.s.a.a.a.ReflectiveAspectJAdvisorFactory - Found AspectJ method: public void org.springframework.beans.factory.aspectj.AbstractDependencyInjectionAspect.ajc$afterReturning$org_springframework_beans_factory_aspectj_AbstractDependencyInjectionAspect$2$1ea6722c(java.lang.Object)
2026-04-03 20:53:20 DEBUG o.s.a.a.a.ReflectiveAspectJAdvisorFactory - Found AspectJ method: public void org.springframework.beans.factory.aspectj.AbstractDependencyInjectionAspect.ajc$afterReturning$org_springframework_beans_factory_aspectj_AbstractDependencyInjectionAspect$3$6aa27052(java.lang.Object)
2026-04-03 20:53:20 DEBUG o.s.a.a.AspectJExpressionPointcut - Pointcut parser rejected expression [(beanConstruction(bean) && (preConstructionCondition() && inConfigurableBean()))]: java.lang.IllegalArgumentException: error Type referred to is not an annotation type: Configurable
2026-04-03 20:53:20 DEBUG o.s.a.a.AspectJExpressionPointcut - Pointcut parser rejected expression [(beanConstruction(bean) && (postConstructionCondition() && inConfigurableBean()))]: java.lang.IllegalArgumentException: error Type referred to is not an annotation type: Configurable
2026-04-03 20:53:20 DEBUG o.s.a.a.AspectJExpressionPointcut - Pointcut parser rejected expression [(beanDeserialization(bean) && inConfigurableBean())]: java.lang.IllegalArgumentException: error Type referred to is not an annotation type: Configurable
2026-04-03 20:53:20 DEBUG o.s.b.f.s.DefaultListableBeanFactory - Creating shared instance of singleton bean 'transactionAttributeSource'
2026-04-03 20:53:20 DEBUG o.s.b.f.s.DefaultListableBeanFactory - Creating shared instance of singleton bean 'transactionInterceptor'
2026-04-03 20:53:20 DEBUG o.s.b.f.s.DefaultListableBeanFactory - Autowiring by type from bean name 'transactionInterceptor' via factory method to bean named 'transactionAttributeSource'
2026-04-03 20:53:20 DEBUG o.s.b.f.s.DefaultListableBeanFactory - Autowiring by type from bean name 'org.springframework.transaction.config.internalTransactionAdvisor' via factory method to bean named 'transactionAttributeSource'
2026-04-03 20:53:20 DEBUG o.s.b.f.s.DefaultListableBeanFactory - Autowiring by type from bean name 'org.springframework.transaction.config.internalTransactionAdvisor' via factory method to bean named 'transactionInterceptor'
2026-04-03 20:53:20 DEBUG o.s.b.f.s.DefaultListableBeanFactory - Autowiring by type from bean name 'meterRegistryPostProcessor' via factory method to bean named 'org.springframework.boot.web.server.servlet.context.AnnotationConfigServletWebServerApplicationContext@1c59ecc9'
2026-04-03 20:53:20 DEBUG o.s.b.f.s.DefaultListableBeanFactory - Creating shared instance of singleton bean 'metricsRepositoryMethodInvocationListenerBeanPostProcessor'
2026-04-03 20:53:20 DEBUG o.s.b.f.s.DefaultListableBeanFactory - Creating shared instance of singleton bean 'projectingArgumentResolverBeanPostProcessor'
2026-04-03 20:53:20 DEBUG o.s.b.f.s.DefaultListableBeanFactory - Creating shared instance of singleton bean 'healthEndpointGroupsBeanPostProcessor'
2026-04-03 20:53:20 DEBUG o.s.b.f.s.DefaultListableBeanFactory - Creating shared instance of singleton bean 'observationRegistryPostProcessor'
2026-04-03 20:53:20 DEBUG o.s.b.f.s.DefaultListableBeanFactory - Creating shared instance of singleton bean 'webServerFactoryCustomizerBeanPostProcessor'
2026-04-03 20:53:20 DEBUG o.s.b.f.s.DefaultListableBeanFactory - Creating shared instance of singleton bean 'errorPageRegistrarBeanPostProcessor'
2026-04-03 20:53:20 DEBUG o.s.b.f.s.DefaultListableBeanFactory - Creating shared instance of singleton bean 'tomcatServletWebServerFactory'
2026-04-03 20:53:20 DEBUG o.s.b.f.s.DefaultListableBeanFactory - Creating shared instance of singleton bean 'org.springframework.boot.tomcat.autoconfigure.servlet.TomcatServletWebServerAutoConfiguration'
2026-04-03 20:53:20 DEBUG o.s.b.f.s.DefaultListableBeanFactory - Creating shared instance of singleton bean 'server.tomcat-org.springframework.boot.tomcat.autoconfigure.TomcatServerProperties'
2026-04-03 20:53:20 DEBUG o.s.b.f.s.DefaultListableBeanFactory - Creating shared instance of singleton bean 'org.springframework.boot.context.properties.BoundConfigurationProperties'
2026-04-03 20:53:20 DEBUG o.s.b.f.s.DefaultListableBeanFactory - Autowiring by type from bean name 'org.springframework.boot.tomcat.autoconfigure.servlet.TomcatServletWebServerAutoConfiguration' via constructor to bean named 'server.tomcat-org.springframework.boot.tomcat.autoconfigure.TomcatServerProperties'
2026-04-03 20:53:20 DEBUG o.s.b.f.s.DefaultListableBeanFactory - Creating shared instance of singleton bean 'servletWebServerFactoryCustomizer'
2026-04-03 20:53:20 DEBUG o.s.b.f.s.DefaultListableBeanFactory - Creating shared instance of singleton bean 'org.springframework.boot.web.server.autoconfigure.servlet.ServletWebServerConfiguration'
2026-04-03 20:53:20 DEBUG o.s.b.f.s.DefaultListableBeanFactory - Creating shared instance of singleton bean 'server-org.springframework.boot.web.server.autoconfigure.ServerProperties'
2026-04-03 20:53:20 DEBUG o.s.b.f.s.DefaultListableBeanFactory - Autowiring by type from bean name 'servletWebServerFactoryCustomizer' via factory method to bean named 'server-org.springframework.boot.web.server.autoconfigure.ServerProperties'
2026-04-03 20:53:20 DEBUG o.s.b.f.s.DefaultListableBeanFactory - Creating shared instance of singleton bean 'sslBundleRegistry'
2026-04-03 20:53:20 DEBUG o.s.b.f.s.DefaultListableBeanFactory - Creating shared instance of singleton bean 'org.springframework.boot.autoconfigure.ssl.SslAutoConfiguration'
2026-04-03 20:53:20 DEBUG o.s.b.f.s.DefaultListableBeanFactory - Creating shared instance of singleton bean 'spring.ssl-org.springframework.boot.autoconfigure.ssl.SslProperties'
2026-04-03 20:53:20 DEBUG o.s.b.f.s.DefaultListableBeanFactory - Autowiring by type from bean name 'org.springframework.boot.autoconfigure.ssl.SslAutoConfiguration' via constructor to bean named 'org.springframework.boot.web.server.servlet.context.AnnotationConfigServletWebServerApplicationContext@1c59ecc9'
2026-04-03 20:53:20 DEBUG o.s.b.f.s.DefaultListableBeanFactory - Autowiring by type from bean name 'org.springframework.boot.autoconfigure.ssl.SslAutoConfiguration' via constructor to bean named 'spring.ssl-org.springframework.boot.autoconfigure.ssl.SslProperties'
2026-04-03 20:53:20 DEBUG o.s.b.f.s.DefaultListableBeanFactory - Creating shared instance of singleton bean 'sslPropertiesSslBundleRegistrar'
2026-04-03 20:53:20 DEBUG o.s.b.f.s.DefaultListableBeanFactory - Creating shared instance of singleton bean 'fileWatcher'
2026-04-03 20:53:20 DEBUG o.s.b.f.s.DefaultListableBeanFactory - Autowiring by type from bean name 'sslPropertiesSslBundleRegistrar' via factory method to bean named 'fileWatcher'
2026-04-03 20:53:20 DEBUG o.s.b.f.s.DefaultListableBeanFactory - Creating shared instance of singleton bean 'webSocketWebServerCustomizer'
2026-04-03 20:53:20 DEBUG o.s.b.f.s.DefaultListableBeanFactory - Creating shared instance of singleton bean 'org.springframework.boot.tomcat.autoconfigure.TomcatWebServerConfiguration$TomcatWebSocketConfiguration'
2026-04-03 20:53:20 DEBUG o.s.b.f.s.DefaultListableBeanFactory - Creating shared instance of singleton bean 'tomcatWebServerFactoryCustomizer'
2026-04-03 20:53:20 DEBUG o.s.b.f.s.DefaultListableBeanFactory - Creating shared instance of singleton bean 'org.springframework.boot.tomcat.autoconfigure.TomcatWebServerConfiguration'
2026-04-03 20:53:20 DEBUG o.s.b.f.s.DefaultListableBeanFactory - Creating shared instance of singleton bean 'spring.web-org.springframework.boot.autoconfigure.web.WebProperties'
2026-04-03 20:53:20 DEBUG o.s.b.f.s.DefaultListableBeanFactory - Autowiring by type from bean name 'tomcatWebServerFactoryCustomizer' via factory method to bean named 'environment'
2026-04-03 20:53:20 DEBUG o.s.b.f.s.DefaultListableBeanFactory - Autowiring by type from bean name 'tomcatWebServerFactoryCustomizer' via factory method to bean named 'server-org.springframework.boot.web.server.autoconfigure.ServerProperties'
2026-04-03 20:53:20 DEBUG o.s.b.f.s.DefaultListableBeanFactory - Autowiring by type from bean name 'tomcatWebServerFactoryCustomizer' via factory method to bean named 'server.tomcat-org.springframework.boot.tomcat.autoconfigure.TomcatServerProperties'
2026-04-03 20:53:20 DEBUG o.s.b.f.s.DefaultListableBeanFactory - Autowiring by type from bean name 'tomcatWebServerFactoryCustomizer' via factory method to bean named 'spring.web-org.springframework.boot.autoconfigure.web.WebProperties'
2026-04-03 20:53:20 DEBUG o.s.b.f.s.DefaultListableBeanFactory - Creating shared instance of singleton bean 'tomcatServletWebServerFactoryCustomizer'
2026-04-03 20:53:20 DEBUG o.s.b.f.s.DefaultListableBeanFactory - Autowiring by type from bean name 'tomcatServletWebServerFactoryCustomizer' via factory method to bean named 'server.tomcat-org.springframework.boot.tomcat.autoconfigure.TomcatServerProperties'
2026-04-03 20:53:20 DEBUG o.s.b.f.s.DefaultListableBeanFactory - Creating shared instance of singleton bean 'errorPageCustomizer'
2026-04-03 20:53:20 DEBUG o.s.b.f.s.DefaultListableBeanFactory - Creating shared instance of singleton bean 'org.springframework.boot.webmvc.autoconfigure.error.ErrorMvcAutoConfiguration'
2026-04-03 20:53:20 DEBUG o.s.b.f.s.DefaultListableBeanFactory - Autowiring by type from bean name 'org.springframework.boot.webmvc.autoconfigure.error.ErrorMvcAutoConfiguration' via constructor to bean named 'spring.web-org.springframework.boot.autoconfigure.web.WebProperties'
2026-04-03 20:53:20 DEBUG o.s.b.f.s.DefaultListableBeanFactory - Creating shared instance of singleton bean 'dispatcherServletRegistration'
2026-04-03 20:53:20 DEBUG o.s.b.f.s.DefaultListableBeanFactory - Creating shared instance of singleton bean 'org.springframework.boot.webmvc.autoconfigure.DispatcherServletAutoConfiguration$DispatcherServletRegistrationConfiguration'
2026-04-03 20:53:20 DEBUG o.s.b.f.s.DefaultListableBeanFactory - Creating shared instance of singleton bean 'dispatcherServlet'
2026-04-03 20:53:20 DEBUG o.s.b.f.s.DefaultListableBeanFactory - Creating shared instance of singleton bean 'org.springframework.boot.webmvc.autoconfigure.DispatcherServletAutoConfiguration$DispatcherServletConfiguration'
2026-04-03 20:53:20 DEBUG o.s.b.f.s.DefaultListableBeanFactory - Creating shared instance of singleton bean 'spring.mvc-org.springframework.boot.webmvc.autoconfigure.WebMvcProperties'
2026-04-03 20:53:20 DEBUG o.s.b.f.s.DefaultListableBeanFactory - Autowiring by type from bean name 'dispatcherServlet' via factory method to bean named 'spring.mvc-org.springframework.boot.webmvc.autoconfigure.WebMvcProperties'
2026-04-03 20:53:20 DEBUG o.s.b.f.s.DefaultListableBeanFactory - Autowiring by type from bean name 'dispatcherServletRegistration' via factory method to bean named 'dispatcherServlet'
2026-04-03 20:53:20 DEBUG o.s.b.f.s.DefaultListableBeanFactory - Autowiring by type from bean name 'dispatcherServletRegistration' via factory method to bean named 'spring.mvc-org.springframework.boot.webmvc.autoconfigure.WebMvcProperties'
2026-04-03 20:53:20 DEBUG o.s.b.f.s.DefaultListableBeanFactory - Creating shared instance of singleton bean 'multipartConfigElement'
2026-04-03 20:53:20 DEBUG o.s.b.f.s.DefaultListableBeanFactory - Creating shared instance of singleton bean 'org.springframework.boot.servlet.autoconfigure.MultipartAutoConfiguration'
2026-04-03 20:53:20 DEBUG o.s.b.f.s.DefaultListableBeanFactory - Creating shared instance of singleton bean 'spring.servlet.multipart-org.springframework.boot.servlet.autoconfigure.MultipartProperties'
2026-04-03 20:53:20 DEBUG o.s.b.f.s.DefaultListableBeanFactory - Autowiring by type from bean name 'org.springframework.boot.servlet.autoconfigure.MultipartAutoConfiguration' via constructor to bean named 'spring.servlet.multipart-org.springframework.boot.servlet.autoconfigure.MultipartProperties'
2026-04-03 20:53:20 DEBUG o.s.b.f.s.DefaultListableBeanFactory - Autowiring by type from bean name 'errorPageCustomizer' via factory method to bean named 'dispatcherServletRegistration'
2026-04-03 20:53:20 DEBUG o.s.b.t.s.TomcatServletWebServerFactory - Code archive: /Users/shikhilrane/.m2/repository/org/springframework/boot/spring-boot-web-server/4.0.2/spring-boot-web-server-4.0.2.jar
2026-04-03 20:53:20 DEBUG o.s.b.t.s.TomcatServletWebServerFactory - Code archive: /Users/shikhilrane/.m2/repository/org/springframework/boot/spring-boot-web-server/4.0.2/spring-boot-web-server-4.0.2.jar
2026-04-03 20:53:20 DEBUG o.s.b.t.s.TomcatServletWebServerFactory - None of the document roots [src/main/webapp, public, static] point to a directory and will be ignored.
2026-04-03 20:53:20 INFO  o.s.b.t.TomcatWebServer - Tomcat initialized with port 9000 (http)
2026-04-03 20:53:20 INFO  o.a.c.h.Http11NioProtocol - Initializing ProtocolHandler ["http-nio-9000"]
2026-04-03 20:53:20 INFO  o.a.c.c.StandardService - Starting service [Tomcat]
2026-04-03 20:53:20 INFO  o.a.c.c.StandardEngine - Starting Servlet engine: [Apache Tomcat/11.0.15]
2026-04-03 20:53:20 DEBUG o.s.b.w.c.s.WebApplicationContextInitializer - Published root WebApplicationContext as ServletContext attribute with name [org.springframework.web.context.WebApplicationContext.ROOT]
2026-04-03 20:53:20 INFO  o.s.b.w.c.s.WebApplicationContextInitializer - Root WebApplicationContext: initialization completed in 1542 ms
2026-04-03 20:53:20 DEBUG o.s.b.f.s.DefaultListableBeanFactory - Creating shared instance of singleton bean 'webMvcObservationFilter'
2026-04-03 20:53:20 DEBUG o.s.b.f.s.DefaultListableBeanFactory - Creating shared instance of singleton bean 'org.springframework.boot.webmvc.autoconfigure.WebMvcObservationAutoConfiguration'
2026-04-03 20:53:20 DEBUG o.s.b.f.s.DefaultListableBeanFactory - Creating shared instance of singleton bean 'observationRegistry'
2026-04-03 20:53:20 DEBUG o.s.b.f.s.DefaultListableBeanFactory - Creating shared instance of singleton bean 'org.springframework.boot.micrometer.observation.autoconfigure.ObservationAutoConfiguration'
2026-04-03 20:53:20 DEBUG o.s.b.f.s.DefaultListableBeanFactory - Creating shared instance of singleton bean 'propertiesObservationFilter'
2026-04-03 20:53:20 DEBUG o.s.b.f.s.DefaultListableBeanFactory - Creating shared instance of singleton bean 'management.observations-org.springframework.boot.micrometer.observation.autoconfigure.ObservationProperties'
2026-04-03 20:53:20 DEBUG o.s.b.f.s.DefaultListableBeanFactory - Autowiring by type from bean name 'propertiesObservationFilter' via factory method to bean named 'management.observations-org.springframework.boot.micrometer.observation.autoconfigure.ObservationProperties'
2026-04-03 20:53:20 DEBUG o.s.b.f.s.DefaultListableBeanFactory - Creating shared instance of singleton bean 'metricsObservationHandlerGroup'
2026-04-03 20:53:20 DEBUG o.s.b.f.s.DefaultListableBeanFactory - Creating shared instance of singleton bean 'org.springframework.boot.micrometer.metrics.autoconfigure.MetricsAutoConfiguration'
2026-04-03 20:53:20 DEBUG o.s.b.f.s.DefaultListableBeanFactory - Creating shared instance of singleton bean 'defaultMeterObservationHandler'
2026-04-03 20:53:20 DEBUG o.s.b.f.s.DefaultListableBeanFactory - Creating shared instance of singleton bean 'micrometerClock'
2026-04-03 20:53:20 DEBUG o.s.b.f.s.DefaultListableBeanFactory - Creating shared instance of singleton bean 'management.metrics-org.springframework.boot.micrometer.metrics.autoconfigure.MetricsProperties'
2026-04-03 20:53:20 DEBUG o.s.b.f.s.DefaultListableBeanFactory - Autowiring by type from bean name 'defaultMeterObservationHandler' via factory method to bean named 'micrometerClock'
2026-04-03 20:53:20 DEBUG o.s.b.f.s.DefaultListableBeanFactory - Autowiring by type from bean name 'defaultMeterObservationHandler' via factory method to bean named 'management.metrics-org.springframework.boot.micrometer.metrics.autoconfigure.MetricsProperties'
2026-04-03 20:53:20 DEBUG o.s.b.f.s.DefaultListableBeanFactory - Creating shared instance of singleton bean 'simpleMeterRegistry'
2026-04-03 20:53:20 DEBUG o.s.b.f.s.DefaultListableBeanFactory - Creating shared instance of singleton bean 'org.springframework.boot.micrometer.metrics.autoconfigure.export.simple.SimpleMetricsExportAutoConfiguration'
2026-04-03 20:53:20 DEBUG o.s.b.f.s.DefaultListableBeanFactory - Creating shared instance of singleton bean 'simpleConfig'
2026-04-03 20:53:20 DEBUG o.s.b.f.s.DefaultListableBeanFactory - Creating shared instance of singleton bean 'management.simple.metrics.export-org.springframework.boot.micrometer.metrics.autoconfigure.export.simple.SimpleProperties'
2026-04-03 20:53:20 DEBUG o.s.b.f.s.DefaultListableBeanFactory - Autowiring by type from bean name 'simpleConfig' via factory method to bean named 'management.simple.metrics.export-org.springframework.boot.micrometer.metrics.autoconfigure.export.simple.SimpleProperties'
2026-04-03 20:53:20 DEBUG o.s.b.f.s.DefaultListableBeanFactory - Autowiring by type from bean name 'simpleMeterRegistry' via factory method to bean named 'simpleConfig'
2026-04-03 20:53:20 DEBUG o.s.b.f.s.DefaultListableBeanFactory - Autowiring by type from bean name 'simpleMeterRegistry' via factory method to bean named 'micrometerClock'
2026-04-03 20:53:20 DEBUG i.m.c.u.i.l.InternalLoggerFactory - Using SLF4J as the default logging framework
2026-04-03 20:53:20 DEBUG o.s.b.f.s.DefaultListableBeanFactory - Creating shared instance of singleton bean 'propertiesMeterFilter'
2026-04-03 20:53:20 DEBUG o.s.b.f.s.DefaultListableBeanFactory - Autowiring by type from bean name 'propertiesMeterFilter' via factory method to bean named 'management.metrics-org.springframework.boot.micrometer.metrics.autoconfigure.MetricsProperties'
2026-04-03 20:53:20 DEBUG o.s.b.f.s.DefaultListableBeanFactory - Creating shared instance of singleton bean 'metricsHttpServerUriTagFilter'
2026-04-03 20:53:20 DEBUG o.s.b.f.s.DefaultListableBeanFactory - Creating shared instance of singleton bean 'org.springframework.boot.webmvc.autoconfigure.WebMvcObservationAutoConfiguration$MeterFilterConfiguration'
2026-04-03 20:53:20 DEBUG o.s.b.f.s.DefaultListableBeanFactory - Autowiring by type from bean name 'metricsHttpServerUriTagFilter' via factory method to bean named 'management.observations-org.springframework.boot.micrometer.observation.autoconfigure.ObservationProperties'
2026-04-03 20:53:20 DEBUG o.s.b.f.s.DefaultListableBeanFactory - Autowiring by type from bean name 'metricsHttpServerUriTagFilter' via factory method to bean named 'management.metrics-org.springframework.boot.micrometer.metrics.autoconfigure.MetricsProperties'
2026-04-03 20:53:20 DEBUG o.s.b.f.s.DefaultListableBeanFactory - Autowiring by type from bean name 'webMvcObservationFilter' via factory method to bean named 'observationRegistry'
2026-04-03 20:53:20 DEBUG o.s.b.f.s.DefaultListableBeanFactory - Autowiring by type from bean name 'webMvcObservationFilter' via factory method to bean named 'management.observations-org.springframework.boot.micrometer.observation.autoconfigure.ObservationProperties'
2026-04-03 20:53:20 DEBUG o.s.b.f.s.DefaultListableBeanFactory - Creating shared instance of singleton bean 'servletEndpointRegistrar'
2026-04-03 20:53:20 DEBUG o.s.b.f.s.DefaultListableBeanFactory - Creating shared instance of singleton bean 'org.springframework.boot.webmvc.autoconfigure.actuate.web.WebMvcEndpointManagementContextConfiguration'
2026-04-03 20:53:20 DEBUG o.s.b.f.s.DefaultListableBeanFactory - Creating shared instance of singleton bean 'management.endpoints.web-org.springframework.boot.actuate.autoconfigure.endpoint.web.WebEndpointProperties'
2026-04-03 20:53:20 DEBUG o.s.b.f.s.DefaultListableBeanFactory - Creating shared instance of singleton bean 'servletEndpointDiscoverer'
2026-04-03 20:53:20 DEBUG o.s.b.f.s.DefaultListableBeanFactory - Creating shared instance of singleton bean 'org.springframework.boot.actuate.autoconfigure.endpoint.web.WebEndpointAutoConfiguration$WebEndpointServletConfiguration'
2026-04-03 20:53:20 DEBUG o.s.b.f.s.DefaultListableBeanFactory - Autowiring by type from bean name 'servletEndpointDiscoverer' via factory method to bean named 'org.springframework.boot.web.server.servlet.context.AnnotationConfigServletWebServerApplicationContext@1c59ecc9'
2026-04-03 20:53:20 DEBUG o.s.b.f.s.DefaultListableBeanFactory - Creating shared instance of singleton bean 'webEndpointPathMapper'
2026-04-03 20:53:20 DEBUG o.s.b.f.s.DefaultListableBeanFactory - Creating shared instance of singleton bean 'org.springframework.boot.actuate.autoconfigure.endpoint.web.WebEndpointAutoConfiguration'
2026-04-03 20:53:20 DEBUG o.s.b.f.s.DefaultListableBeanFactory - Autowiring by type from bean name 'org.springframework.boot.actuate.autoconfigure.endpoint.web.WebEndpointAutoConfiguration' via constructor to bean named 'org.springframework.boot.web.server.servlet.context.AnnotationConfigServletWebServerApplicationContext@1c59ecc9'
2026-04-03 20:53:20 DEBUG o.s.b.f.s.DefaultListableBeanFactory - Autowiring by type from bean name 'org.springframework.boot.actuate.autoconfigure.endpoint.web.WebEndpointAutoConfiguration' via constructor to bean named 'management.endpoints.web-org.springframework.boot.actuate.autoconfigure.endpoint.web.WebEndpointProperties'
2026-04-03 20:53:20 DEBUG o.s.b.f.s.DefaultListableBeanFactory - Creating shared instance of singleton bean 'servletExposeExcludePropertyEndpointFilter'
2026-04-03 20:53:20 DEBUG o.s.b.f.s.DefaultListableBeanFactory - Creating shared instance of singleton bean 'org.springframework.boot.servlet.autoconfigure.actuate.web.ServletEndpointManagementContextConfiguration'
2026-04-03 20:53:20 DEBUG o.s.b.f.s.DefaultListableBeanFactory - Autowiring by type from bean name 'servletExposeExcludePropertyEndpointFilter' via factory method to bean named 'management.endpoints.web-org.springframework.boot.actuate.autoconfigure.endpoint.web.WebEndpointProperties'
2026-04-03 20:53:20 DEBUG o.s.b.f.s.DefaultListableBeanFactory - Creating shared instance of singleton bean 'propertiesEndpointAccessResolver'
2026-04-03 20:53:20 DEBUG o.s.b.f.s.DefaultListableBeanFactory - Creating shared instance of singleton bean 'org.springframework.boot.actuate.autoconfigure.endpoint.EndpointAutoConfiguration'
2026-04-03 20:53:20 DEBUG o.s.b.f.s.DefaultListableBeanFactory - Autowiring by type from bean name 'propertiesEndpointAccessResolver' via factory method to bean named 'environment'
2026-04-03 20:53:20 DEBUG o.s.b.f.s.DefaultListableBeanFactory - Autowiring by type from bean name 'servletEndpointRegistrar' via factory method to bean named 'management.endpoints.web-org.springframework.boot.actuate.autoconfigure.endpoint.web.WebEndpointProperties'
2026-04-03 20:53:20 DEBUG o.s.b.f.s.DefaultListableBeanFactory - Autowiring by type from bean name 'servletEndpointRegistrar' via factory method to bean named 'servletEndpointDiscoverer'
2026-04-03 20:53:20 DEBUG o.s.b.f.s.DefaultListableBeanFactory - Autowiring by type from bean name 'servletEndpointRegistrar' via factory method to bean named 'dispatcherServletRegistration'
2026-04-03 20:53:20 DEBUG o.s.b.f.s.DefaultListableBeanFactory - Autowiring by type from bean name 'servletEndpointRegistrar' via factory method to bean named 'propertiesEndpointAccessResolver'
2026-04-03 20:53:20 DEBUG o.s.b.f.s.DefaultListableBeanFactory - Creating shared instance of singleton bean 'requestContextFilter'
2026-04-03 20:53:20 DEBUG o.s.b.f.s.DefaultListableBeanFactory - Creating shared instance of singleton bean 'formContentFilter'
2026-04-03 20:53:20 DEBUG o.s.b.f.s.DefaultListableBeanFactory - Creating shared instance of singleton bean 'org.springframework.boot.webmvc.autoconfigure.WebMvcAutoConfiguration'
2026-04-03 20:53:20 DEBUG o.s.b.f.s.DefaultListableBeanFactory - Creating shared instance of singleton bean 'characterEncodingFilter'
2026-04-03 20:53:20 DEBUG o.s.b.f.s.DefaultListableBeanFactory - Creating shared instance of singleton bean 'org.springframework.boot.servlet.autoconfigure.HttpEncodingAutoConfiguration'
2026-04-03 20:53:20 DEBUG o.s.b.f.s.DefaultListableBeanFactory - Creating shared instance of singleton bean 'spring.servlet.encoding-org.springframework.boot.servlet.autoconfigure.ServletEncodingProperties'
2026-04-03 20:53:20 DEBUG o.s.b.f.s.DefaultListableBeanFactory - Autowiring by type from bean name 'characterEncodingFilter' via factory method to bean named 'spring.servlet.encoding-org.springframework.boot.servlet.autoconfigure.ServletEncodingProperties'
2026-04-03 20:53:20 DEBUG o.s.b.w.s.ServletContextInitializerBeans - Mapping filters: webMvcObservationFilter urls=[/*] order=-2147483647, characterEncodingFilter urls=[/*] order=-2147483648, formContentFilter urls=[/*] order=-9900, requestContextFilter urls=[/*] order=-105
2026-04-03 20:53:20 DEBUG o.s.b.w.s.ServletContextInitializerBeans - Mapping servlets: dispatcherServlet urls=[/]
2026-04-03 20:53:20 DEBUG o.s.b.s.f.OrderedRequestContextFilter - Filter 'requestContextFilter' configured for use
2026-04-03 20:53:20 DEBUG o.s.w.f.ServerHttpObservationFilter - Filter 'webMvcObservationFilter' configured for use
2026-04-03 20:53:20 DEBUG o.s.b.s.f.OrderedCharacterEncodingFilter - Filter 'characterEncodingFilter' configured for use
2026-04-03 20:53:20 DEBUG o.s.b.s.f.OrderedFormContentFilter - Filter 'formContentFilter' configured for use
2026-04-03 20:53:20 DEBUG o.s.b.f.s.DefaultListableBeanFactory - Creating shared instance of singleton bean 'applicationTaskExecutor'
2026-04-03 20:53:20 DEBUG o.s.b.f.s.DefaultListableBeanFactory - Creating shared instance of singleton bean 'org.springframework.boot.autoconfigure.task.TaskExecutorConfigurations$TaskExecutorConfiguration'
2026-04-03 20:53:20 DEBUG o.s.b.f.s.DefaultListableBeanFactory - Creating shared instance of singleton bean 'threadPoolTaskExecutorBuilder'
2026-04-03 20:53:20 DEBUG o.s.b.f.s.DefaultListableBeanFactory - Creating shared instance of singleton bean 'org.springframework.boot.autoconfigure.task.TaskExecutorConfigurations$ThreadPoolTaskExecutorBuilderConfiguration'
2026-04-03 20:53:20 DEBUG o.s.b.f.s.DefaultListableBeanFactory - Creating shared instance of singleton bean 'spring.task.execution-org.springframework.boot.autoconfigure.task.TaskExecutionProperties'
2026-04-03 20:53:20 DEBUG o.s.b.f.s.DefaultListableBeanFactory - Autowiring by type from bean name 'threadPoolTaskExecutorBuilder' via factory method to bean named 'spring.task.execution-org.springframework.boot.autoconfigure.task.TaskExecutionProperties'
2026-04-03 20:53:20 DEBUG o.s.b.f.s.DefaultListableBeanFactory - Autowiring by type from bean name 'applicationTaskExecutor' via factory method to bean named 'threadPoolTaskExecutorBuilder'
2026-04-03 20:53:20 DEBUG o.s.s.c.ThreadPoolTaskExecutor - Initializing ExecutorService 'applicationTaskExecutor'
2026-04-03 20:53:20 DEBUG o.s.b.f.s.DefaultListableBeanFactory - Creating shared instance of singleton bean 'inMemoryDatabaseShutdownExecutor'
2026-04-03 20:53:20 DEBUG o.s.b.f.s.DefaultListableBeanFactory - Creating shared instance of singleton bean 'org.springframework.boot.devtools.autoconfigure.DevToolsDataSourceAutoConfiguration'
2026-04-03 20:53:20 DEBUG o.s.b.f.s.DefaultListableBeanFactory - Creating shared instance of singleton bean 'dataSource'
2026-04-03 20:53:20 DEBUG o.s.b.f.s.DefaultListableBeanFactory - Creating shared instance of singleton bean 'org.springframework.boot.jdbc.autoconfigure.DataSourceConfiguration$Hikari'
2026-04-03 20:53:20 DEBUG o.s.b.f.s.DefaultListableBeanFactory - Creating shared instance of singleton bean 'spring.datasource-org.springframework.boot.jdbc.autoconfigure.DataSourceProperties'
2026-04-03 20:53:20 DEBUG o.s.b.f.s.DefaultListableBeanFactory - Creating shared instance of singleton bean 'jdbcConnectionDetails'
2026-04-03 20:53:20 DEBUG o.s.b.f.s.DefaultListableBeanFactory - Creating shared instance of singleton bean 'org.springframework.boot.jdbc.autoconfigure.DataSourceAutoConfiguration$PooledDataSourceConfiguration'
2026-04-03 20:53:20 DEBUG o.s.b.f.s.DefaultListableBeanFactory - Autowiring by type from bean name 'jdbcConnectionDetails' via factory method to bean named 'spring.datasource-org.springframework.boot.jdbc.autoconfigure.DataSourceProperties'
2026-04-03 20:53:20 DEBUG o.s.b.f.s.DefaultListableBeanFactory - Autowiring by type from bean name 'dataSource' via factory method to bean named 'spring.datasource-org.springframework.boot.jdbc.autoconfigure.DataSourceProperties'
2026-04-03 20:53:20 DEBUG o.s.b.f.s.DefaultListableBeanFactory - Autowiring by type from bean name 'dataSource' via factory method to bean named 'jdbcConnectionDetails'
2026-04-03 20:53:20 DEBUG o.s.b.f.s.DefaultListableBeanFactory - Autowiring by type from bean name 'dataSource' via factory method to bean named 'environment'
2026-04-03 20:53:20 DEBUG c.z.h.u.UtilityElf - Class com.mysql.cj.jdbc.Driver found in Thread context class loader org.springframework.boot.devtools.restart.classloader.RestartClassLoader@460076e
2026-04-03 20:53:20 DEBUG o.s.b.f.s.DefaultListableBeanFactory - Autowiring by type from bean name 'inMemoryDatabaseShutdownExecutor' via factory method to bean named 'dataSource'
2026-04-03 20:53:20 DEBUG o.s.b.f.s.DefaultListableBeanFactory - Autowiring by type from bean name 'inMemoryDatabaseShutdownExecutor' via factory method to bean named 'spring.datasource-org.springframework.boot.jdbc.autoconfigure.DataSourceProperties'
2026-04-03 20:53:20 DEBUG o.s.b.f.s.DefaultListableBeanFactory - Creating shared instance of singleton bean 'dataSourceScriptDatabaseInitializer'
2026-04-03 20:53:20 DEBUG o.s.b.f.s.DefaultListableBeanFactory - Creating shared instance of singleton bean 'org.springframework.boot.jdbc.autoconfigure.DataSourceInitializationAutoConfiguration'
2026-04-03 20:53:20 DEBUG o.s.b.f.s.DefaultListableBeanFactory - Creating shared instance of singleton bean 'spring.sql.init-org.springframework.boot.sql.autoconfigure.init.SqlInitializationProperties'
2026-04-03 20:53:20 DEBUG o.s.b.f.s.DefaultListableBeanFactory - Autowiring by type from bean name 'dataSourceScriptDatabaseInitializer' via factory method to bean named 'dataSource'
2026-04-03 20:53:20 DEBUG o.s.b.f.s.DefaultListableBeanFactory - Autowiring by type from bean name 'dataSourceScriptDatabaseInitializer' via factory method to bean named 'spring.sql.init-org.springframework.boot.sql.autoconfigure.init.SqlInitializationProperties'
2026-04-03 20:53:20 DEBUG o.s.b.f.s.DefaultListableBeanFactory - Creating shared instance of singleton bean 'org.springframework.context.config.internalBeanConfigurerAspect'
2026-04-03 20:53:20 DEBUG o.s.b.f.s.DefaultListableBeanFactory - Creating shared instance of singleton bean 'entityManagerFactory'
2026-04-03 20:53:20 DEBUG o.s.b.f.s.DefaultListableBeanFactory - Creating shared instance of singleton bean 'org.springframework.boot.hibernate.autoconfigure.HibernateJpaConfiguration'
2026-04-03 20:53:20 DEBUG o.s.b.f.s.DefaultListableBeanFactory - Creating shared instance of singleton bean 'spring.jpa-org.springframework.boot.jpa.autoconfigure.JpaProperties'
2026-04-03 20:53:20 DEBUG o.s.b.f.s.DefaultListableBeanFactory - Creating shared instance of singleton bean 'spring.jpa.hibernate-org.springframework.boot.hibernate.autoconfigure.HibernateProperties'
2026-04-03 20:53:20 DEBUG o.s.b.f.s.DefaultListableBeanFactory - Autowiring by type from bean name 'org.springframework.boot.hibernate.autoconfigure.HibernateJpaConfiguration' via constructor to bean named 'dataSource'
2026-04-03 20:53:20 DEBUG o.s.b.f.s.DefaultListableBeanFactory - Autowiring by type from bean name 'org.springframework.boot.hibernate.autoconfigure.HibernateJpaConfiguration' via constructor to bean named 'spring.jpa-org.springframework.boot.jpa.autoconfigure.JpaProperties'
2026-04-03 20:53:20 DEBUG o.s.b.f.s.DefaultListableBeanFactory - Autowiring by type from bean name 'org.springframework.boot.hibernate.autoconfigure.HibernateJpaConfiguration' via constructor to bean named 'org.springframework.beans.factory.support.DefaultListableBeanFactory@63aff77e'
2026-04-03 20:53:20 DEBUG o.s.b.f.s.DefaultListableBeanFactory - Autowiring by type from bean name 'org.springframework.boot.hibernate.autoconfigure.HibernateJpaConfiguration' via constructor to bean named 'spring.jpa.hibernate-org.springframework.boot.hibernate.autoconfigure.HibernateProperties'
2026-04-03 20:53:20 DEBUG o.s.b.f.s.DefaultListableBeanFactory - Creating shared instance of singleton bean 'hikariPoolDataSourceMetadataProvider'
2026-04-03 20:53:20 DEBUG o.s.b.f.s.DefaultListableBeanFactory - Creating shared instance of singleton bean 'org.springframework.boot.jdbc.autoconfigure.DataSourcePoolMetadataProvidersConfiguration$HikariPoolDataSourceMetadataProviderConfiguration'
2026-04-03 20:53:20 DEBUG o.s.b.f.s.DefaultListableBeanFactory - Creating shared instance of singleton bean 'entityManagerFactoryBuilder'
2026-04-03 20:53:20 DEBUG o.s.b.f.s.DefaultListableBeanFactory - Creating shared instance of singleton bean 'jpaVendorAdapter'
2026-04-03 20:53:20 DEBUG o.s.b.f.s.DefaultListableBeanFactory - Autowiring by type from bean name 'entityManagerFactoryBuilder' via factory method to bean named 'jpaVendorAdapter'
2026-04-03 20:53:20 DEBUG o.s.b.f.s.DefaultListableBeanFactory - Creating shared instance of singleton bean 'persistenceManagedTypes'
2026-04-03 20:53:20 DEBUG o.s.b.f.s.DefaultListableBeanFactory - Autowiring by type from bean name 'persistenceManagedTypes' via factory method to bean named 'org.springframework.beans.factory.support.DefaultListableBeanFactory@63aff77e'
2026-04-03 20:53:20 DEBUG o.s.b.f.s.DefaultListableBeanFactory - Autowiring by type from bean name 'persistenceManagedTypes' via factory method to bean named 'org.springframework.boot.web.server.servlet.context.AnnotationConfigServletWebServerApplicationContext@1c59ecc9'
2026-04-03 20:53:20 DEBUG o.s.b.f.s.DefaultListableBeanFactory - Autowiring by type from bean name 'entityManagerFactory' via factory method to bean named 'entityManagerFactoryBuilder'
2026-04-03 20:53:20 DEBUG o.s.b.f.s.DefaultListableBeanFactory - Autowiring by type from bean name 'entityManagerFactory' via factory method to bean named 'persistenceManagedTypes'
2026-04-03 20:53:20 DEBUG o.s.o.j.LocalContainerEntityManagerFactoryBean - Building JPA container EntityManagerFactory for persistence unit 'default'
2026-04-03 20:53:20 DEBUG o.j.logging - Logging Provider: org.jboss.logging.Slf4jLoggerProvider found via system property
2026-04-03 20:53:20 DEBUG o.h.o.jpa - HHH008541: PersistenceUnitInfo [
	name: default
	persistence provider classname: null
	classloader: org.springframework.boot.devtools.restart.classloader.RestartClassLoader@460076e
	excludeUnlistedClasses: true
	JTA datasource: null
	Non JTA datasource: HikariDataSource (null)
	Transaction type: RESOURCE_LOCAL
	PU root URL: file:/Users/shikhilrane/Downloads/Programming/Git-remote-repos/Learnings/_13_Spring_Boot_CS/Spring_Boot_Learning/_04_Production_Ready_SpringBoot_Features/_06_Spring_Boot_Actuator/prod-ready-features/target/classes/
	Shared Cache Mode: UNSPECIFIED
	Validation Mode: AUTO
	Jar files URLs []
	Managed classes names [
		com.shikhilrane.shikhil.prod_ready_features.entities.AuditableEntity
		com.shikhilrane.shikhil.prod_ready_features.entities.PostEntity]
	Mapping files names []
	Properties []
2026-04-03 20:53:20 DEBUG o.h.o.service - HHH010455: Adding integrator: org.hibernate.boot.beanvalidation.BeanValidationIntegrator
2026-04-03 20:53:20 DEBUG o.h.o.service - HHH010455: Adding integrator: org.hibernate.cache.internal.CollectionCacheInvalidator
2026-04-03 20:53:20 DEBUG o.h.o.service - HHH010455: Adding integrator: org.hibernate.envers.boot.internal.EnversIntegrator
2026-04-03 20:53:20 INFO  o.h.o.core - HHH000001: Hibernate ORM core version 7.2.1.Final
2026-04-03 20:53:20 DEBUG o.h.o.core - HHH000206: 'hibernate.properties' not found
2026-04-03 20:53:20 DEBUG o.s.o.j.h.SpringBeanContainer - Falling back to Hibernate's default producer after bean creation failure for interface org.hibernate.engine.jdbc.connections.spi.MultiTenantConnectionProvider: org.springframework.beans.factory.BeanCreationException: Error creating bean with name 'org.hibernate.engine.jdbc.connections.spi.MultiTenantConnectionProvider': Failed to instantiate [org.hibernate.engine.jdbc.connections.spi.MultiTenantConnectionProvider]: Specified class is an interface
2026-04-03 20:53:20 DEBUG o.h.o.cache - HHH90001031: Cannot default RegionFactory since no RegionFactory strategies were registered
2026-04-03 20:53:20 DEBUG o.h.o.cache - HHH90001029: Second-level cache disabled
2026-04-03 20:53:21 INFO  o.h.e.b.i.EnversServiceImpl - Envers integration enabled? : true
2026-04-03 20:53:21 INFO  o.s.o.j.p.SpringPersistenceUnitInfo - No LoadTimeWeaver setup: ignoring JPA class transformer
2026-04-03 20:53:21 DEBUG c.z.h.HikariConfig - HikariPool-1 - configuration:
2026-04-03 20:53:21 DEBUG c.z.h.HikariConfig - allowPoolSuspension.............false
2026-04-03 20:53:21 DEBUG c.z.h.HikariConfig - autoCommit......................true
2026-04-03 20:53:21 DEBUG c.z.h.HikariConfig - catalog.........................none
2026-04-03 20:53:21 DEBUG c.z.h.HikariConfig - connectionInitSql...............none
2026-04-03 20:53:21 DEBUG c.z.h.HikariConfig - connectionTestQuery.............none
2026-04-03 20:53:21 DEBUG c.z.h.HikariConfig - connectionTimeout...............30000
2026-04-03 20:53:21 DEBUG c.z.h.HikariConfig - credentials.....................com.zaxxer.hikari.util.Credentials@b4cdc3a
2026-04-03 20:53:21 DEBUG c.z.h.HikariConfig - credentialsProvider.............none
2026-04-03 20:53:21 DEBUG c.z.h.HikariConfig - credentialsProviderClassName....none
2026-04-03 20:53:21 DEBUG c.z.h.HikariConfig - dataSource......................none
2026-04-03 20:53:21 DEBUG c.z.h.HikariConfig - dataSourceClassName.............none
2026-04-03 20:53:21 DEBUG c.z.h.HikariConfig - dataSourceJNDI..................none
2026-04-03 20:53:21 DEBUG c.z.h.HikariConfig - dataSourceProperties............{password=<masked>}
2026-04-03 20:53:21 DEBUG c.z.h.HikariConfig - driverClassName................."com.mysql.cj.jdbc.Driver"
2026-04-03 20:53:21 DEBUG c.z.h.HikariConfig - exceptionOverride...............none
2026-04-03 20:53:21 DEBUG c.z.h.HikariConfig - exceptionOverrideClassName......none
2026-04-03 20:53:21 DEBUG c.z.h.HikariConfig - healthCheckProperties...........{}
2026-04-03 20:53:21 DEBUG c.z.h.HikariConfig - healthCheckRegistry.............none
2026-04-03 20:53:21 DEBUG c.z.h.HikariConfig - idleTimeout.....................600000
2026-04-03 20:53:21 DEBUG c.z.h.HikariConfig - initializationFailTimeout.......1
2026-04-03 20:53:21 DEBUG c.z.h.HikariConfig - isolateInternalQueries..........false
2026-04-03 20:53:21 DEBUG c.z.h.HikariConfig - jdbcUrl.........................jdbc:mysql://localhost:3306/prod-ready-features?useSSL=false&allowPublicKeyRetrieval=true
2026-04-03 20:53:21 DEBUG c.z.h.HikariConfig - keepaliveTime...................120000
2026-04-03 20:53:21 DEBUG c.z.h.HikariConfig - leakDetectionThreshold..........0
2026-04-03 20:53:21 DEBUG c.z.h.HikariConfig - maxLifetime.....................1800000
2026-04-03 20:53:21 DEBUG c.z.h.HikariConfig - maximumPoolSize.................10
2026-04-03 20:53:21 DEBUG c.z.h.HikariConfig - metricRegistry..................none
2026-04-03 20:53:21 DEBUG c.z.h.HikariConfig - metricsTrackerFactory...........none
2026-04-03 20:53:21 DEBUG c.z.h.HikariConfig - minimumIdle.....................10
2026-04-03 20:53:21 DEBUG c.z.h.HikariConfig - password........................<masked>
2026-04-03 20:53:21 DEBUG c.z.h.HikariConfig - poolName........................"HikariPool-1"
2026-04-03 20:53:21 DEBUG c.z.h.HikariConfig - readOnly........................false
2026-04-03 20:53:21 DEBUG c.z.h.HikariConfig - registerMbeans..................false
2026-04-03 20:53:21 DEBUG c.z.h.HikariConfig - scheduledExecutor...............none
2026-04-03 20:53:21 DEBUG c.z.h.HikariConfig - schema..........................none
2026-04-03 20:53:21 DEBUG c.z.h.HikariConfig - threadFactory...................internal
2026-04-03 20:53:21 DEBUG c.z.h.HikariConfig - transactionIsolation............default
2026-04-03 20:53:21 DEBUG c.z.h.HikariConfig - username........................"root"
2026-04-03 20:53:21 DEBUG c.z.h.HikariConfig - validationTimeout...............5000
2026-04-03 20:53:21 INFO  c.z.h.HikariDataSource - HikariPool-1 - Starting...
2026-04-03 20:53:21 DEBUG c.z.h.p.PoolBase - HikariPool-1 - Attempting to create/setup new connection (3896165b-d736-446d-998a-91fbb8d31528)
2026-04-03 20:53:21 DEBUG c.z.h.p.PoolBase - HikariPool-1 - Established new connection (3896165b-d736-446d-998a-91fbb8d31528)
2026-04-03 20:53:21 INFO  c.z.h.p.HikariPool - HikariPool-1 - Added connection com.mysql.cj.jdbc.ConnectionImpl@6ad139bf
2026-04-03 20:53:21 INFO  c.z.h.HikariDataSource - HikariPool-1 - Start completed.
2026-04-03 20:53:21 DEBUG o.h.o.jdbc - HHH100017: Database:
	name: MySQL
	version: 9.4.0
	major: 9
	minor: 4
2026-04-03 20:53:21 DEBUG o.h.o.jdbc - HHH100018: Driver:
	name: MySQL Connector/J
	version: mysql-connector-j-9.5.0 (Revision: a7b3c94f50efbddb9f0dd69b3e0d1aaa25305cd6)
	major: 9
	minor: 5
	JDBC version: 4.2
2026-04-03 20:53:21 DEBUG o.h.o.dialect - HHH035001: Using dialect: org.hibernate.dialect.MySQLDialect, version: 9.4
2026-04-03 20:53:21 DEBUG o.h.e.j.e.s.IdentifierHelperBuilder - IdentifierCaseStrategy for both quoted and unquoted identifiers was set to the same strategy [MIXED]; that will likely lead to problems in schema update and validation if using quoted identifiers
2026-04-03 20:53:21 DEBUG o.h.o.jdbc - HHH100122: Using default JDBC fetch size: 0
2026-04-03 20:53:21 INFO  o.h.o.c.pooling - HHH10001005: Database info:
	Database JDBC URL [jdbc:mysql://localhost:3306/prod-ready-features?useSSL=false&allowPublicKeyRetrieval=true]
	Database driver: MySQL Connector/J
	Database dialect: MySQLDialect
	Database version: 9.4
	Default catalog/schema: prod-ready-features/undefined
	Autocommit mode: undefined/unknown
	Isolation level: REPEATABLE_READ [default REPEATABLE_READ]
	JDBC fetch size: none
	Pool: DataSourceConnectionProvider
	Minimum pool size: undefined/unknown
	Maximum pool size: undefined/unknown
2026-04-03 20:53:21 DEBUG c.z.h.p.HikariPool - HikariPool-1 - Pool stats (total=1/10, idle=1/10, active=0, waiting=0)
2026-04-03 20:53:21 DEBUG c.z.h.p.PoolBase - HikariPool-1 - Attempting to create/setup new connection (f7f005b2-510a-4755-92d1-4edb931a57d0)
2026-04-03 20:53:21 DEBUG c.z.h.p.PoolBase - HikariPool-1 - Established new connection (f7f005b2-510a-4755-92d1-4edb931a57d0)
2026-04-03 20:53:21 DEBUG c.z.h.p.HikariPool - HikariPool-1 - Added connection com.mysql.cj.jdbc.ConnectionImpl@3464122a
2026-04-03 20:53:21 DEBUG c.z.h.p.HikariPool - HikariPool-1 - After adding stats (total=2/10, idle=2/10, active=0, waiting=0)
2026-04-03 20:53:21 DEBUG c.z.h.p.PoolBase - HikariPool-1 - Attempting to create/setup new connection (2241a418-f515-4d1c-b582-2650cbe37f87)
2026-04-03 20:53:21 DEBUG c.z.h.p.PoolBase - HikariPool-1 - Established new connection (2241a418-f515-4d1c-b582-2650cbe37f87)
2026-04-03 20:53:21 DEBUG c.z.h.p.HikariPool - HikariPool-1 - Added connection com.mysql.cj.jdbc.ConnectionImpl@75591811
2026-04-03 20:53:21 DEBUG c.z.h.p.HikariPool - HikariPool-1 - After adding stats (total=3/10, idle=3/10, active=0, waiting=0)
2026-04-03 20:53:21 DEBUG c.z.h.p.PoolBase - HikariPool-1 - Attempting to create/setup new connection (36e68dcc-b359-47be-bf91-ad90c2be9412)
2026-04-03 20:53:21 DEBUG c.z.h.p.PoolBase - HikariPool-1 - Established new connection (36e68dcc-b359-47be-bf91-ad90c2be9412)
2026-04-03 20:53:21 DEBUG c.z.h.p.HikariPool - HikariPool-1 - Added connection com.mysql.cj.jdbc.ConnectionImpl@44664b47
2026-04-03 20:53:21 DEBUG c.z.h.p.HikariPool - HikariPool-1 - After adding stats (total=4/10, idle=4/10, active=0, waiting=0)
2026-04-03 20:53:21 DEBUG c.z.h.p.PoolBase - HikariPool-1 - Attempting to create/setup new connection (1dc65c49-e07f-4a95-8e20-eb835a0e2270)
2026-04-03 20:53:21 DEBUG c.z.h.p.PoolBase - HikariPool-1 - Established new connection (1dc65c49-e07f-4a95-8e20-eb835a0e2270)
2026-04-03 20:53:21 DEBUG c.z.h.p.HikariPool - HikariPool-1 - Added connection com.mysql.cj.jdbc.ConnectionImpl@1576e75e
2026-04-03 20:53:21 DEBUG c.z.h.p.HikariPool - HikariPool-1 - After adding stats (total=5/10, idle=5/10, active=0, waiting=0)
2026-04-03 20:53:21 DEBUG c.z.h.p.PoolBase - HikariPool-1 - Attempting to create/setup new connection (defbe529-a78a-44e8-af3c-548de328ff01)
2026-04-03 20:53:21 DEBUG c.z.h.p.PoolBase - HikariPool-1 - Established new connection (defbe529-a78a-44e8-af3c-548de328ff01)
2026-04-03 20:53:21 DEBUG c.z.h.p.HikariPool - HikariPool-1 - Added connection com.mysql.cj.jdbc.ConnectionImpl@ce51da0
2026-04-03 20:53:21 DEBUG c.z.h.p.HikariPool - HikariPool-1 - After adding stats (total=6/10, idle=6/10, active=0, waiting=0)
2026-04-03 20:53:21 DEBUG c.z.h.p.PoolBase - HikariPool-1 - Attempting to create/setup new connection (c0ef2647-fd27-4d6e-88c4-b05aa7249ac1)
2026-04-03 20:53:21 DEBUG o.h.e.c.i.m.AuditMetadataGenerator - Generating first-pass auditing mapping for entity com.shikhilrane.shikhil.prod_ready_features.entities.PostEntity
2026-04-03 20:53:21 DEBUG c.z.h.p.PoolBase - HikariPool-1 - Established new connection (c0ef2647-fd27-4d6e-88c4-b05aa7249ac1)
2026-04-03 20:53:21 DEBUG c.z.h.p.HikariPool - HikariPool-1 - Added connection com.mysql.cj.jdbc.ConnectionImpl@11381e89
2026-04-03 20:53:22 INFO  o.h.e.c.i.m.AuditMetadataGenerator - Adding properties for entity: com.shikhilrane.shikhil.prod_ready_features.entities.PostEntity
2026-04-03 20:53:22 DEBUG o.h.e.c.i.m.AuditMetadataGenerator - Generating second-pass auditing mapping for entity com.shikhilrane.shikhil.prod_ready_features.entities.PostEntity
2026-04-03 20:53:22 DEBUG c.z.h.p.HikariPool - HikariPool-1 - After adding stats (total=7/10, idle=7/10, active=0, waiting=0)
2026-04-03 20:53:22 DEBUG c.z.h.p.PoolBase - HikariPool-1 - Attempting to create/setup new connection (d2d9a37d-3603-4d9c-b66e-cf8c4a4ebe99)
2026-04-03 20:53:22 DEBUG c.z.h.p.PoolBase - HikariPool-1 - Established new connection (d2d9a37d-3603-4d9c-b66e-cf8c4a4ebe99)
2026-04-03 20:53:22 DEBUG c.z.h.p.HikariPool - HikariPool-1 - Added connection com.mysql.cj.jdbc.ConnectionImpl@35551f28
2026-04-03 20:53:22 DEBUG c.z.h.p.HikariPool - HikariPool-1 - After adding stats (total=8/10, idle=8/10, active=0, waiting=0)
2026-04-03 20:53:22 DEBUG c.z.h.p.PoolBase - HikariPool-1 - Attempting to create/setup new connection (c99f7b36-4718-462b-a8c9-3b7794df08dc)
2026-04-03 20:53:22 DEBUG o.s.o.j.h.SpringBeanContainer - Falling back to Hibernate's default producer after bean creation failure for interface org.hibernate.context.spi.CurrentTenantIdentifierResolver: org.springframework.beans.factory.NoSuchBeanDefinitionException: No qualifying bean of type 'org.hibernate.context.spi.CurrentTenantIdentifierResolver<?>' available
2026-04-03 20:53:22 DEBUG o.s.o.j.h.SpringBeanContainer - Falling back to Hibernate's default producer after bean creation failure for interface org.hibernate.context.spi.TenantSchemaMapper: org.springframework.beans.factory.NoSuchBeanDefinitionException: No qualifying bean of type 'org.hibernate.context.spi.TenantSchemaMapper<?>' available
2026-04-03 20:53:22 DEBUG c.z.h.p.PoolBase - HikariPool-1 - Established new connection (c99f7b36-4718-462b-a8c9-3b7794df08dc)
2026-04-03 20:53:22 DEBUG c.z.h.p.HikariPool - HikariPool-1 - Added connection com.mysql.cj.jdbc.ConnectionImpl@6582cd77
2026-04-03 20:53:22 DEBUG c.z.h.p.HikariPool - HikariPool-1 - After adding stats (total=9/10, idle=9/10, active=0, waiting=0)
2026-04-03 20:53:22 DEBUG c.z.h.p.PoolBase - HikariPool-1 - Attempting to create/setup new connection (82033a7d-f7b2-4437-9c59-dfb5c026d1e3)
2026-04-03 20:53:22 DEBUG c.z.h.p.PoolBase - HikariPool-1 - Established new connection (82033a7d-f7b2-4437-9c59-dfb5c026d1e3)
2026-04-03 20:53:22 DEBUG c.z.h.p.HikariPool - HikariPool-1 - Added connection com.mysql.cj.jdbc.ConnectionImpl@2156c1de
2026-04-03 20:53:22 DEBUG c.z.h.p.HikariPool - HikariPool-1 - After adding stats (total=10/10, idle=10/10, active=0, waiting=0)
2026-04-03 20:53:22 DEBUG o.h.o.factory - HHH90020001: Instantiating factory [f73552df-f413-483a-9b1b-61b600b90293] with settings: {hibernate.format_sql=true, java.specification.version=25, hibernate.resource.beans.container=org.springframework.orm.jpa.hibernate.SpringBeanContainer@3271544a, hibernate.connection.handling_mode=DELAYED_ACQUISITION_AND_HOLD, sun.jnu.encoding=UTF-8, hibernate.implicit_naming_strategy=org.springframework.boot.hibernate.SpringImplicitNamingStrategy, java.class.path=/Users/shikhilrane/Downloads/Programming/Git-remote-repos/Learnings/_13_Spring_Boot_CS/Spring_Boot_Learning/_04_Production_Ready_SpringBoot_Features/_06_Spring_Boot_Actuator/prod-ready-features/target/classes:/Users/shikhilrane/.m2/repository/org/springframework/boot/spring-boot-starter-data-jpa/4.0.2/spring-boot-starter-data-jpa-4.0.2.jar:/Users/shikhilrane/.m2/repository/org/springframework/boot/spring-boot-starter/4.0.2/spring-boot-starter-4.0.2.jar:/Users/shikhilrane/.m2/repository/org/springframework/boot/spring-boot-starter-logging/4.0.2/spring-boot-starter-logging-4.0.2.jar:/Users/shikhilrane/.m2/repository/ch/qos/logback/logback-classic/1.5.25/logback-classic-1.5.25.jar:/Users/shikhilrane/.m2/repository/ch/qos/logback/logback-core/1.5.25/logback-core-1.5.25.jar:/Users/shikhilrane/.m2/repository/org/apache/logging/log4j/log4j-to-slf4j/2.25.3/log4j-to-slf4j-2.25.3.jar:/Users/shikhilrane/.m2/repository/org/apache/logging/log4j/log4j-api/2.25.3/log4j-api-2.25.3.jar:/Users/shikhilrane/.m2/repository/org/slf4j/jul-to-slf4j/2.0.17/jul-to-slf4j-2.0.17.jar:/Users/shikhilrane/.m2/repository/jakarta/annotation/jakarta.annotation-api/3.0.0/jakarta.annotation-api-3.0.0.jar:/Users/shikhilrane/.m2/repository/org/yaml/snakeyaml/2.5/snakeyaml-2.5.jar:/Users/shikhilrane/.m2/repository/org/springframework/boot/spring-boot-starter-jdbc/4.0.2/spring-boot-starter-jdbc-4.0.2.jar:/Users/shikhilrane/.m2/repository/com/zaxxer/HikariCP/7.0.2/HikariCP-7.0.2.jar:/Users/shikhilrane/.m2/repository/org/slf4j/slf4j-api/2.0.17/slf4j-api-2.0.17.jar:/Users/shikhilrane/.m2/repository/org/springframework/boot/spring-boot-data-jpa/4.0.2/spring-boot-data-jpa-4.0.2.jar:/Users/shikhilrane/.m2/repository/org/springframework/boot/spring-boot-data-commons/4.0.2/spring-boot-data-commons-4.0.2.jar:/Users/shikhilrane/.m2/repository/org/springframework/boot/spring-boot-persistence/4.0.2/spring-boot-persistence-4.0.2.jar:/Users/shikhilrane/.m2/repository/org/springframework/data/spring-data-commons/4.0.2/spring-data-commons-4.0.2.jar:/Users/shikhilrane/.m2/repository/org/springframework/boot/spring-boot-hibernate/4.0.2/spring-boot-hibernate-4.0.2.jar:/Users/shikhilrane/.m2/repository/org/springframework/boot/spring-boot-jpa/4.0.2/spring-boot-jpa-4.0.2.jar:/Users/shikhilrane/.m2/repository/org/springframework/spring-orm/7.0.3/spring-orm-7.0.3.jar:/Users/shikhilrane/.m2/repository/org/springframework/data/spring-data-jpa/4.0.2/spring-data-jpa-4.0.2.jar:/Users/shikhilrane/.m2/repository/org/springframework/spring-aop/7.0.3/spring-aop-7.0.3.jar:/Users/shikhilrane/.m2/repository/org/springframework/spring-tx/7.0.3/spring-tx-7.0.3.jar:/Users/shikhilrane/.m2/repository/org/springframework/spring-beans/7.0.3/spring-beans-7.0.3.jar:/Users/shikhilrane/.m2/repository/org/springframework/spring-aspects/7.0.3/spring-aspects-7.0.3.jar:/Users/shikhilrane/.m2/repository/org/aspectj/aspectjweaver/1.9.25.1/aspectjweaver-1.9.25.1.jar:/Users/shikhilrane/.m2/repository/org/springframework/boot/spring-boot-jdbc/4.0.2/spring-boot-jdbc-4.0.2.jar:/Users/shikhilrane/.m2/repository/org/springframework/boot/spring-boot-sql/4.0.2/spring-boot-sql-4.0.2.jar:/Users/shikhilrane/.m2/repository/org/springframework/boot/spring-boot-transaction/4.0.2/spring-boot-transaction-4.0.2.jar:/Users/shikhilrane/.m2/repository/org/springframework/spring-jdbc/7.0.3/spring-jdbc-7.0.3.jar:/Users/shikhilrane/.m2/repository/org/springframework/boot/spring-boot-starter-webmvc/4.0.2/spring-boot-starter-webmvc-4.0.2.jar:/Users/shikhilrane/.m2/repository/org/springframework/boot/spring-boot-starter-jackson/4.0.2/spring-boot-starter-jackson-4.0.2.jar:/Users/shikhilrane/.m2/repository/org/springframework/boot/spring-boot-jackson/4.0.2/spring-boot-jackson-4.0.2.jar:/Users/shikhilrane/.m2/repository/tools/jackson/core/jackson-databind/3.0.4/jackson-databind-3.0.4.jar:/Users/shikhilrane/.m2/repository/com/fasterxml/jackson/core/jackson-annotations/2.20/jackson-annotations-2.20.jar:/Users/shikhilrane/.m2/repository/tools/jackson/core/jackson-core/3.0.4/jackson-core-3.0.4.jar:/Users/shikhilrane/.m2/repository/org/springframework/boot/spring-boot-starter-tomcat/4.0.2/spring-boot-starter-tomcat-4.0.2.jar:/Users/shikhilrane/.m2/repository/org/springframework/boot/spring-boot-starter-tomcat-runtime/4.0.2/spring-boot-starter-tomcat-runtime-4.0.2.jar:/Users/shikhilrane/.m2/repository/org/apache/tomcat/embed/tomcat-embed-core/11.0.15/tomcat-embed-core-11.0.15.jar:/Users/shikhilrane/.m2/repository/org/apache/tomcat/embed/tomcat-embed-el/11.0.15/tomcat-embed-el-11.0.15.jar:/Users/shikhilrane/.m2/repository/org/apache/tomcat/embed/tomcat-embed-websocket/11.0.15/tomcat-embed-websocket-11.0.15.jar:/Users/shikhilrane/.m2/repository/org/springframework/boot/spring-boot-tomcat/4.0.2/spring-boot-tomcat-4.0.2.jar:/Users/shikhilrane/.m2/repository/org/springframework/boot/spring-boot-http-converter/4.0.2/spring-boot-http-converter-4.0.2.jar:/Users/shikhilrane/.m2/repository/org/springframework/spring-web/7.0.3/spring-web-7.0.3.jar:/Users/shikhilrane/.m2/repository/org/springframework/boot/spring-boot-webmvc/4.0.2/spring-boot-webmvc-4.0.2.jar:/Users/shikhilrane/.m2/repository/org/springframework/boot/spring-boot-servlet/4.0.2/spring-boot-servlet-4.0.2.jar:/Users/shikhilrane/.m2/repository/org/springframework/spring-webmvc/7.0.3/spring-webmvc-7.0.3.jar:/Users/shikhilrane/.m2/repository/org/springframework/spring-expression/7.0.3/spring-expression-7.0.3.jar:/Users/shikhilrane/.m2/repository/org/springframework/boot/spring-boot-devtools/4.0.2/spring-boot-devtools-4.0.2.jar:/Users/shikhilrane/.m2/repository/org/springframework/boot/spring-boot/4.0.2/spring-boot-4.0.2.jar:/Users/shikhilrane/.m2/repository/org/springframework/spring-core/7.0.3/spring-core-7.0.3.jar:/Users/shikhilrane/.m2/repository/commons-logging/commons-logging/1.3.5/commons-logging-1.3.5.jar:/Users/shikhilrane/.m2/repository/org/springframework/spring-context/7.0.3/spring-context-7.0.3.jar:/Users/shikhilrane/.m2/repository/org/springframework/boot/spring-boot-autoconfigure/4.0.2/spring-boot-autoconfigure-4.0.2.jar:/Users/shikhilrane/.m2/repository/com/mysql/mysql-connector-j/9.5.0/mysql-connector-j-9.5.0.jar:/Users/shikhilrane/.m2/repository/org/projectlombok/lombok/1.18.42/lombok-1.18.42.jar:/Users/shikhilrane/.m2/repository/org/hibernate/orm/hibernate-envers/7.2.1.Final/hibernate-envers-7.2.1.Final.jar:/Users/shikhilrane/.m2/repository/org/hibernate/orm/hibernate-core/7.2.1.Final/hibernate-core-7.2.1.Final.jar:/Users/shikhilrane/.m2/repository/jakarta/persistence/jakarta.persistence-api/3.2.0/jakarta.persistence-api-3.2.0.jar:/Users/shikhilrane/.m2/repository/jakarta/transaction/jakarta.transaction-api/2.0.1/jakarta.transaction-api-2.0.1.jar:/Users/shikhilrane/.m2/repository/com/fasterxml/classmate/1.7.3/classmate-1.7.3.jar:/Users/shikhilrane/.m2/repository/net/bytebuddy/byte-buddy/1.17.8/byte-buddy-1.17.8.jar:/Users/shikhilrane/.m2/repository/jakarta/inject/jakarta.inject-api/2.0.1/jakarta.inject-api-2.0.1.jar:/Users/shikhilrane/.m2/repository/org/antlr/antlr4-runtime/4.13.2/antlr4-runtime-4.13.2.jar:/Users/shikhilrane/.m2/repository/org/jboss/logging/jboss-logging/3.6.1.Final/jboss-logging-3.6.1.Final.jar:/Users/shikhilrane/.m2/repository/org/hibernate/models/hibernate-models/1.0.1/hibernate-models-1.0.1.jar:/Users/shikhilrane/.m2/repository/jakarta/xml/bind/jakarta.xml.bind-api/4.0.4/jakarta.xml.bind-api-4.0.4.jar:/Users/shikhilrane/.m2/repository/jakarta/activation/jakarta.activation-api/2.1.4/jakarta.activation-api-2.1.4.jar:/Users/shikhilrane/.m2/repository/org/glassfish/jaxb/jaxb-runtime/4.0.6/jaxb-runtime-4.0.6.jar:/Users/shikhilrane/.m2/repository/org/glassfish/jaxb/jaxb-core/4.0.6/jaxb-core-4.0.6.jar:/Users/shikhilrane/.m2/repository/org/eclipse/angus/angus-activation/2.0.3/angus-activation-2.0.3.jar:/Users/shikhilrane/.m2/repository/org/glassfish/jaxb/txw2/4.0.6/txw2-4.0.6.jar:/Users/shikhilrane/.m2/repository/com/sun/istack/istack-commons-runtime/4.1.2/istack-commons-runtime-4.1.2.jar:/Users/shikhilrane/.m2/repository/io/smallrye/jandex/3.3.2/jandex-3.3.2.jar:/Users/shikhilrane/.m2/repository/org/springframework/boot/spring-boot-starter-actuator/4.0.2/spring-boot-starter-actuator-4.0.2.jar:/Users/shikhilrane/.m2/repository/org/springframework/boot/spring-boot-starter-micrometer-metrics/4.0.2/spring-boot-starter-micrometer-metrics-4.0.2.jar:/Users/shikhilrane/.m2/repository/org/springframework/boot/spring-boot-micrometer-metrics/4.0.2/spring-boot-micrometer-metrics-4.0.2.jar:/Users/shikhilrane/.m2/repository/org/springframework/boot/spring-boot-micrometer-observation/4.0.2/spring-boot-micrometer-observation-4.0.2.jar:/Users/shikhilrane/.m2/repository/org/springframework/boot/spring-boot-actuator-autoconfigure/4.0.2/spring-boot-actuator-autoconfigure-4.0.2.jar:/Users/shikhilrane/.m2/repository/org/springframework/boot/spring-boot-actuator/4.0.2/spring-boot-actuator-4.0.2.jar:/Users/shikhilrane/.m2/repository/org/springframework/boot/spring-boot-health/4.0.2/spring-boot-health-4.0.2.jar:/Users/shikhilrane/.m2/repository/io/micrometer/micrometer-observation/1.16.2/micrometer-observation-1.16.2.jar:/Users/shikhilrane/.m2/repository/org/jspecify/jspecify/1.0.0/jspecify-1.0.0.jar:/Users/shikhilrane/.m2/repository/io/micrometer/micrometer-commons/1.16.2/micrometer-commons-1.16.2.jar:/Users/shikhilrane/.m2/repository/io/micrometer/micrometer-jakarta9/1.16.2/micrometer-jakarta9-1.16.2.jar:/Users/shikhilrane/.m2/repository/io/micrometer/micrometer-core/1.16.2/micrometer-core-1.16.2.jar:/Users/shikhilrane/.m2/repository/org/hdrhistogram/HdrHistogram/2.2.2/HdrHistogram-2.2.2.jar:/Users/shikhilrane/.m2/repository/org/latencyutils/LatencyUtils/2.0.3/LatencyUtils-2.0.3.jar:/Users/shikhilrane/.m2/repository/org/modelmapper/modelmapper/3.2.0/modelmapper-3.2.0.jar:/Users/shikhilrane/.m2/repository/org/springframework/boot/spring-boot-web-server/4.0.2/spring-boot-web-server-4.0.2.jar, java.vm.vendor=Oracle Corporation, sun.arch.data.model=64, catalina.useNaming=false, java.vendor.url=https://java.oracle.com/, user.timezone=Asia/Kolkata, jakarta.persistence.sharedCache.mode=UNSPECIFIED, org.jboss.logging.provider=slf4j, os.name=Mac OS X, java.vm.specification.version=25, APPLICATION_NAME=prod-ready-features, jakarta.persistence.nonJtaDataSource=HikariDataSource (HikariPool-1), user.country=IN, sun.java.launcher=SUN_STANDARD, sun.boot.library.path=/Users/shikhilrane/Library/Java/JavaVirtualMachines/openjdk-25/Contents/Home/lib, sun.java.command=com.shikhilrane.shikhil.prod_ready_features.ProdReadyFeaturesApplication, javax.persistence.nonJtaDataSource=HikariDataSource (HikariPool-1), hibernate.transaction.jta.platform=org.hibernate.engine.transaction.jta.platform.internal.NoJtaPlatform@2d460179, http.nonProxyHosts=local|*.local|169.254/16|*.169.254/16, jdk.debug=release, sun.cpu.endian=little, hibernate.cdi.extensions=true, user.home=/Users/shikhilrane, user.language=en, sun.stderr.encoding=UTF-8, java.specification.vendor=Oracle Corporation, java.version.date=2025-09-16, java.home=/Users/shikhilrane/Library/Java/JavaVirtualMachines/openjdk-25/Contents/Home, file.separator=/, java.vm.compressedOopsMode=Zero based, sun.stdout.encoding=UTF-8, line.separator=
, hibernate.persistenceUnitName=default, java.vm.specification.vendor=Oracle Corporation, java.specification.name=Java Platform API Specification, FILE_LOG_CHARSET=UTF-8, hibernate.transaction.coordinator_class=class org.hibernate.resource.transaction.backend.jdbc.internal.JdbcResourceLocalTransactionCoordinatorBuilderImpl, java.awt.headless=true, apple.awt.application.name=ProdReadyFeaturesApplication, jakarta.persistence.validation.mode=AUTO, hibernate.hbm2ddl.auto=create, sun.management.compiler=HotSpot 64-Bit Tiered Compilers, ftp.nonProxyHosts=local|*.local|169.254/16|*.169.254/16, java.runtime.version=25+36-3489, user.name=shikhilrane, stdout.encoding=UTF-8, path.separator=:, os.version=26.1, java.runtime.name=OpenJDK Runtime Environment, file.encoding=UTF-8, FILE_LOG_PATTERN=%d{dd-MM-yyyy HH:mm:ss} [%level] [%t] [%c{1}] --- %m%n, java.vm.name=OpenJDK 64-Bit Server VM, hibernate.show_sql=true, LOG_FILE=application.log, java.vendor.url.bug=https://bugreport.java.com/bugreport/, java.io.tmpdir=/var/folders/44/_88cbvg97b33y0l6l0bdlzp40000gn/T/, catalina.home=/private/var/folders/44/_88cbvg97b33y0l6l0bdlzp40000gn/T/tomcat.9000.4979709063227471511, java.version=25, hibernate.physical_naming_strategy=org.hibernate.boot.model.naming.PhysicalNamingStrategySnakeCaseImpl, user.dir=/Users/shikhilrane/Downloads/Programming/Git-remote-repos/Learnings/_13_Spring_Boot_CS/Spring_Boot_Learning/_04_Production_Ready_SpringBoot_Features/_06_Spring_Boot_Actuator/prod-ready-features, os.arch=x86_64, java.vm.specification.name=Java Virtual Machine Specification, PID=23419, CONSOLE_LOG_CHARSET=UTF-8, catalina.base=/private/var/folders/44/_88cbvg97b33y0l6l0bdlzp40000gn/T/tomcat.9000.4979709063227471511, hibernate.boot.CfgXmlAccessService.key=org.hibernate.boot.registry.StandardServiceRegistryBuilder$1@5f9f114f, native.encoding=UTF-8, java.library.path=/Users/shikhilrane/Library/Java/Extensions:/Library/Java/Extensions:/Network/Library/Java/Extensions:/System/Library/Java/Extensions:/usr/lib/java:., stderr.encoding=UTF-8, java.vendor=Oracle Corporation, java.vm.info=mixed mode, sharing, java.vm.version=25+36-3489, stdin.encoding=UTF-8, sun.io.unicode.encoding=UnicodeBig, hibernate.archive.scanner=org.hibernate.boot.archive.scan.internal.DisabledScanner, hibernate.connection.datasource=HikariDataSource (HikariPool-1), socksNonProxyHosts=local|*.local|169.254/16|*.169.254/16, CONSOLE_LOG_PATTERN=%clr(%d{dd-MM-yyyy HH:mm:ss}){blue} [%level] [%t] [%c{1}] --- %m%n, java.class.version=69.0, LOGGED_APPLICATION_NAME=[prod-ready-features] }
2026-04-03 20:53:22 DEBUG o.h.HQL_FUNCTIONS - Available HQL Functions:
	_order_by_frag(arg0, arg1)
	abs(NUMERIC arg)
	Double acos(NUMERIC arg)
	adddate(DATE datetime, INTEGER days)
	addtime(TIME datetime, TIME time)
	Boolean any(BOOLEAN arg)
	Integer ascii(STRING arg)
	Double asin(NUMERIC arg)
	Double atan(NUMERIC arg)
	Double atan2(NUMERIC arg0, NUMERIC arg1)
	avg(arg)
	bit_and(arg)
	Integer bit_length(STRING_OR_CLOB arg)
	bit_or(arg)
	bitand(arg0, arg1)
	bitnot(arg)
	bitor(arg0, arg1)
	bitxor(arg0, arg1)
	cast(arg as Type)
	ceiling(NUMERIC arg)
	Character char(INTEGER arg)
	Integer character_length(STRING_OR_CLOB arg)
	Character chr(INTEGER arg)
	coalesce(arg0[, arg1[, ...]])
	String collate(STRING string as COLLATION collation)
	String concat(STRING string0[, STRING string1[, ...]])
	Double cos(NUMERIC arg)
	Double cosh(NUMERIC arg)
	Double cot(NUMERIC arg)
	Long count([distinct ]{arg|*})
	Integer crc32(arg)
	Double cume_dist([arg0[, ...]])
	Date curdate()
	Date current date
	Time current time
	Timestamp current timestamp
	Date current_date
	Instant current_instant
	Time current_time
	Timestamp current_timestamp
	Time curtime()
	Date date(arg)
	dateadd(TEMPORAL_UNIT field, INTEGER magnitude, TEMPORAL datetime)
	Integer datediff(DATE end, DATE start)
	Integer day(DATE arg)
	String dayname(DATE arg)
	Integer dayofmonth(DATE arg)
	Integer dayofweek(DATE arg)
	Integer dayofyear(DATE arg)
	Double degrees(NUMERIC arg)
	Long dense_rank([arg0[, ...]])
	Boolean every(BOOLEAN arg)
	Double exp(NUMERIC arg)
	extract(TEMPORAL_UNIT field from TEMPORAL arg)
	first_valueANY value
	floor(NUMERIC arg)
	String format(TEMPORAL datetime as STRING pattern)
	greatest(COMPARABLE arg0, COMPARABLE arg1[, arg2[, ...]])
	String hex(arg)
	Integer hour(TIME arg)
	ifnull(arg0, arg1)
	String insert(STRING string, INTEGER start, INTEGER length, STRING replacement)
	Instant instant
	Integer instr(STRING string, STRING pattern[, INTEGER start[, INTEGER occurrence]])
	String json_array([arg0[, ...]])
	String json_array_append(IMPLICIT_JSON arg0, STRING arg1, ANY arg2)
	String json_array_insert(IMPLICIT_JSON arg0, STRING arg1, ANY arg2)
	String json_arrayagg(arg0[, arg1])
	Boolean json_exists(IMPLICIT_JSON arg0, STRING arg1)
	String json_insert(IMPLICIT_JSON arg0, STRING arg1, ANY arg2)
	String json_mergepatch(IMPLICIT_JSON arg0, IMPLICIT_JSON arg1[, arg2[, ...]])
	String json_object( ... )
	String json_objectagg(arg0, arg1[, arg2, arg3])
	String json_query( ... )
	String json_remove(IMPLICIT_JSON arg0, STRING arg1)
	String json_replace(IMPLICIT_JSON arg0, STRING arg1, ANY arg2)
	String json_set(IMPLICIT_JSON arg0, STRING arg1, ANY arg2)
	json_value( ... )
	lagANY value[, INTEGER offset[, ANY default]]
	Date last_day(DATE arg)
	last_valueANY value
	leadANY value[, INTEGER offset[, ANY default]]
	least(COMPARABLE arg0, COMPARABLE arg1[, arg2[, ...]])
	String left(STRING string, INTEGER length)
	Integer length(STRING_OR_CLOB arg)
	String listagg(STRING arg0, STRING arg1)
	Double ln(NUMERIC arg)
	LocalDate local date
	LocalDateTime local datetime
	LocalTime local time
	LocalDate local_date
	LocalDateTime local_datetime
	LocalTime local_time
	Time localtime
	Timestamp localtimestamp
	Integer locate(STRING pattern, STRING string[, INTEGER start])
	Double log(NUMERIC arg0[, NUMERIC arg1])
	Double log10(NUMERIC arg)
	Double log2(NUMERIC arg)
	String lower(STRING string)
	String lpad(string, length[, padding])
	String ltrim(STRING string[, STRING characters])
	Date makedate(INTEGER year, INTEGER dayofyear)
	Time maketime(INTEGER hour, INTEGER min, INTEGER sec)
	max(COMPARABLE arg)
	byte[] md5(arg)
	Integer microsecond(TIME arg)
	min(COMPARABLE arg)
	Integer minute(TIME arg)
	Integer mod(INTEGER arg0, INTEGER arg1)
	Integer month(DATE arg)
	String monthname(DATE arg)
	Timestamp now()
	nth_valueANY value, INTEGER nth
	nullif(arg0, arg1)
	Integer octet_length(STRING_OR_CLOB arg)
	OffsetDateTime offset datetime
	OffsetDateTime offset_datetime
	Integer ordinal(ENUM arg)
	String overlay(STRING string placing STRING replacement from INTEGER start[ for INTEGER length])
	String pad(STRING string with INTEGER length {leading|trailing}[ STRING character])
	Double percent_rank([arg0[, ...]])
	Double pi
	Integer position(STRING pattern in STRING string)
	Double power(NUMERIC arg0, NUMERIC arg1)
	Integer quarter(DATE arg)
	Double radians(NUMERIC arg)
	Double rand([INTEGER seed])
	Long rank([arg0[, ...]])
	Boolean regexp_like(STRING arg0, STRING arg1[, STRING arg2])
	String repeat(STRING string, INTEGER times)
	String replace(STRING string, STRING pattern, STRING replacement)
	String reverse(STRING arg)
	String right(STRING string, INTEGER length)
	round(NUMERIC number[, INTEGER places])
	Long row_number()
	String rpad(string, length[, padding])
	String rtrim(STRING string[, STRING characters])
	Integer second(TIME arg)
	byte[] sha(arg)
	String sha1(arg)
	String sha2(arg0, arg1)
	Integer sign(NUMERIC arg)
	Double sin(NUMERIC arg)
	Double sinh(NUMERIC arg)
	String soundex(arg)
	String space(INTEGER arg)
	sql
	Double sqrt(NUMERIC arg)
	Double stddev(NUMERIC arg)
	Double stddev_pop(NUMERIC arg)
	Double stddev_samp(NUMERIC arg)
	String str(arg)
	String string(ENUM arg)
	subdate(DATE datetime, INTEGER days)
	String substr(STRING string, INTEGER start[, INTEGER length])
	String substring(STRING string{ from|,} INTEGER start[{ for|,} INTEGER length])
	subtime(TIME datetime, TIME time)
	sum(arg)
	Timestamp sysdate()
	Double tan(NUMERIC arg)
	Double tanh(NUMERIC arg)
	String time(arg)
	Timestamp timestamp(arg0[, arg1])
	timestampadd(TEMPORAL_UNIT field, INTEGER magnitude, TEMPORAL datetime)
	Long|Double timestampdiff(TEMPORAL_UNIT field, TEMPORAL start, TEMPORAL end)
	String trim([[{leading|trailing|both} ][STRING arg0 ]from] STRING arg1)
	trunc( ... )
	truncate( ... )
	String upper(STRING string)
	Date utc_date
	Time utc_time
	Timestamp utc_timestamp
	Double var_pop(NUMERIC arg)
	Double var_samp(NUMERIC arg)
	Double variance(NUMERIC arg)
	Integer week(DATE arg)
	Integer year(DATE arg)

2026-04-03 20:53:22 DEBUG o.h.o.core - HHH000513: Unable to create the ReflectionOptimizer for [com.shikhilrane.shikhil.prod_ready_features.entities.PostEntity]: private accessor [createdBy]
2026-04-03 20:53:22 INFO  o.h.o.core - HHH000489: No JTA platform available (set 'hibernate.transaction.jta.platform' to enable JTA platform integration)
2026-04-03 20:53:22 DEBUG o.h.o.service - HHH010454: EventListenerRegistry access via ServiceRegistry is deprecated - use 'sessionFactory.getEventEngine().getListenerRegistry()' instead
2026-04-03 20:53:22 DEBUG o.h.SQL - 
    alter table posts_aud 
       drop 
       foreign key FKgd2crtj4u69d0y8bba9jwogbi
2026-04-03 20:53:22 DEBUG o.h.SQL - 
    drop table if exists posts
2026-04-03 20:53:22 DEBUG o.h.SQL - 
    drop table if exists posts_aud
2026-04-03 20:53:22 DEBUG o.h.SQL - 
    drop table if exists revinfo
2026-04-03 20:53:22 DEBUG o.h.SQL - 
    create table posts (
        created_date datetime(6),
        id bigint not null auto_increment,
        updated_date datetime(6),
        created_by varchar(255),
        description varchar(255) not null,
        last_modified_by varchar(255),
        title varchar(255) not null,
        primary key (id)
    ) engine=InnoDB
2026-04-03 20:53:22 DEBUG o.h.SQL - 
    create table posts_aud (
        rev integer not null,
        revtype tinyint,
        created_date datetime(6),
        id bigint not null,
        updated_date datetime(6),
        created_by varchar(255),
        description varchar(255),
        last_modified_by varchar(255),
        title varchar(255),
        primary key (rev, id)
    ) engine=InnoDB
2026-04-03 20:53:22 DEBUG o.h.SQL - 
    create table revinfo (
        rev integer not null auto_increment,
        revtstmp bigint,
        primary key (rev)
    ) engine=InnoDB
2026-04-03 20:53:22 DEBUG o.h.SQL - 
    alter table posts_aud 
       add constraint FKgd2crtj4u69d0y8bba9jwogbi 
       foreign key (rev) 
       references revinfo (rev)
2026-04-03 20:53:22 DEBUG o.h.o.factoryRegistry - HHH020384: Registering SessionFactory [f73552df-f413-483a-9b1b-61b600b90293] (default)
2026-04-03 20:53:22 INFO  o.s.o.j.LocalContainerEntityManagerFactoryBean - Initialized JPA EntityManagerFactory for persistence unit 'default'
2026-04-03 20:53:22 DEBUG o.s.b.f.s.DefaultListableBeanFactory - Creating shared instance of singleton bean 'prodReadyFeaturesApplication'
2026-04-03 20:53:22 DEBUG o.s.b.f.s.DefaultListableBeanFactory - Creating shared instance of singleton bean 'globalExceptionHandler'
2026-04-03 20:53:22 DEBUG o.s.b.f.s.DefaultListableBeanFactory - Creating shared instance of singleton bean 'globalResponseHandler'
2026-04-03 20:53:22 DEBUG o.s.b.f.s.DefaultListableBeanFactory - Creating shared instance of singleton bean 'auditorProvider'
2026-04-03 20:53:22 DEBUG o.s.b.f.s.DefaultListableBeanFactory - Creating shared instance of singleton bean 'employeeClientImpl'
2026-04-03 20:53:22 DEBUG o.s.b.f.s.DefaultListableBeanFactory - Creating shared instance of singleton bean 'getEmployeeServiceRestClient'
2026-04-03 20:53:22 DEBUG o.s.b.f.s.DefaultListableBeanFactory - Creating shared instance of singleton bean 'restClientConfig'
2026-04-03 20:53:22 DEBUG o.s.c.e.PropertySourcesPropertyResolver - Found key 'employeeService.base.url' in PropertySource 'environmentProperties' with value of type String
2026-04-03 20:53:23 DEBUG o.s.b.f.s.DefaultListableBeanFactory - Autowiring by type from bean name 'employeeClientImpl' via constructor to bean named 'getEmployeeServiceRestClient'
2026-04-03 20:53:23 DEBUG o.s.b.f.s.DefaultListableBeanFactory - Creating shared instance of singleton bean 'auditingConfig'
2026-04-03 20:53:23 DEBUG o.s.b.f.s.DefaultListableBeanFactory - Creating shared instance of singleton bean 'mapperConfig'
2026-04-03 20:53:23 DEBUG o.s.b.f.s.DefaultListableBeanFactory - Creating shared instance of singleton bean 'employeeRestClientController'
2026-04-03 20:53:23 DEBUG o.s.b.f.s.DefaultListableBeanFactory - Autowiring by type from bean name 'employeeRestClientController' via constructor to bean named 'employeeClientImpl'
2026-04-03 20:53:23 DEBUG o.s.b.f.s.DefaultListableBeanFactory - Creating shared instance of singleton bean 'postAuditController'
2026-04-03 20:53:23 DEBUG o.s.b.f.s.DefaultListableBeanFactory - Creating shared instance of singleton bean 'modelMapper'
2026-04-03 20:53:23 DEBUG o.s.b.f.s.DefaultListableBeanFactory - Autowiring by type from bean name 'postAuditController' via constructor to bean named 'entityManagerFactory'
2026-04-03 20:53:23 DEBUG o.s.b.f.s.DefaultListableBeanFactory - Autowiring by type from bean name 'postAuditController' via constructor to bean named 'modelMapper'
2026-04-03 20:53:23 DEBUG o.s.b.f.s.DefaultListableBeanFactory - Creating shared instance of singleton bean 'postController'
2026-04-03 20:53:23 DEBUG o.s.b.f.s.DefaultListableBeanFactory - Creating shared instance of singleton bean 'postServiceImpl'
2026-04-03 20:53:23 DEBUG o.s.b.f.s.DefaultListableBeanFactory - Creating shared instance of singleton bean 'postRepository'
2026-04-03 20:53:23 DEBUG o.s.b.f.s.DefaultListableBeanFactory - Creating shared instance of singleton bean 'jpa.named-queries#0'
2026-04-03 20:53:23 DEBUG o.s.b.f.s.DefaultListableBeanFactory - Creating shared instance of singleton bean 'jpa.PostRepository.fragments#0'
2026-04-03 20:53:23 DEBUG o.s.b.f.s.DefaultListableBeanFactory - Creating shared instance of singleton bean 'jpaSharedEM_entityManagerFactory'
2026-04-03 20:53:23 DEBUG o.s.b.f.s.DefaultListableBeanFactory - Creating shared instance of singleton bean 'jpaMappingContext'
2026-04-03 20:53:23 DEBUG o.s.d.j.r.c.JpaMetamodelMappingContextFactoryBean - Initializing JpaMetamodelMappingContext…
2026-04-03 20:53:23 DEBUG o.s.d.j.r.c.JpaMetamodelMappingContextFactoryBean - Finished initializing JpaMetamodelMappingContext
2026-04-03 20:53:23 INFO  o.s.d.j.r.q.QueryEnhancerFactories - Hibernate is in classpath; If applicable, HQL parser will be used.
2026-04-03 20:53:23 DEBUG o.s.b.f.s.DefaultListableBeanFactory - Creating shared instance of singleton bean 'metricsRepositoryMethodInvocationListener'
2026-04-03 20:53:23 DEBUG o.s.b.f.s.DefaultListableBeanFactory - Creating shared instance of singleton bean 'org.springframework.boot.data.autoconfigure.metrics.DataRepositoryMetricsAutoConfiguration'
2026-04-03 20:53:23 DEBUG o.s.b.f.s.DefaultListableBeanFactory - Creating shared instance of singleton bean 'management.metrics.data-org.springframework.boot.data.autoconfigure.metrics.DataMetricsProperties'
2026-04-03 20:53:23 DEBUG o.s.b.f.s.DefaultListableBeanFactory - Autowiring by type from bean name 'org.springframework.boot.data.autoconfigure.metrics.DataRepositoryMetricsAutoConfiguration' via constructor to bean named 'management.metrics.data-org.springframework.boot.data.autoconfigure.metrics.DataMetricsProperties'
2026-04-03 20:53:23 DEBUG o.s.b.f.s.DefaultListableBeanFactory - Creating shared instance of singleton bean 'repositoryTagsProvider'
2026-04-03 20:53:23 DEBUG o.s.b.f.s.DefaultListableBeanFactory - Autowiring by type from bean name 'metricsRepositoryMethodInvocationListener' via factory method to bean named 'repositoryTagsProvider'
2026-04-03 20:53:23 DEBUG o.s.b.CachedIntrospectionResults - Not strongly caching class [com.shikhilrane.shikhil.prod_ready_features.entities.PostEntity] because it is not cache-safe
2026-04-03 20:53:23 DEBUG o.s.d.r.c.s.RepositoryFactorySupport - Initializing repository instance for com.shikhilrane.shikhil.prod_ready_features.repositories.PostRepository…
2026-04-03 20:53:23 DEBUG o.s.d.r.c.s.RepositoryFactorySupport - Finished creation of repository instance for com.shikhilrane.shikhil.prod_ready_features.repositories.PostRepository.
2026-04-03 20:53:23 DEBUG o.s.b.f.s.DefaultListableBeanFactory - Autowiring by type from bean name 'postServiceImpl' via constructor to bean named 'postRepository'
2026-04-03 20:53:23 DEBUG o.s.b.f.s.DefaultListableBeanFactory - Autowiring by type from bean name 'postServiceImpl' via constructor to bean named 'modelMapper'
2026-04-03 20:53:23 DEBUG o.s.b.f.s.DefaultListableBeanFactory - Autowiring by type from bean name 'postController' via constructor to bean named 'postServiceImpl'
2026-04-03 20:53:23 DEBUG o.s.b.f.s.DefaultListableBeanFactory - Creating shared instance of singleton bean 'jpaAuditingHandler'
2026-04-03 20:53:23 DEBUG o.s.a.f.ProxyFactoryBean - Advice has changed; re-caching singleton instance
2026-04-03 20:53:23 DEBUG o.s.b.f.s.DefaultListableBeanFactory - Creating shared instance of singleton bean 'org.springframework.data.jpa.domain.support.AuditingEntityListener'
2026-04-03 20:53:23 DEBUG o.s.b.f.s.DefaultListableBeanFactory - Creating shared instance of singleton bean 'org.springframework.boot.autoconfigure.context.PropertyPlaceholderAutoConfiguration'
2026-04-03 20:53:23 DEBUG o.s.b.f.s.DefaultListableBeanFactory - Creating shared instance of singleton bean 'org.springframework.boot.context.properties.EnableConfigurationPropertiesRegistrar.methodValidationExcludeFilter'
2026-04-03 20:53:23 DEBUG o.s.b.f.s.DefaultListableBeanFactory - Creating shared instance of singleton bean 'org.springframework.boot.webmvc.autoconfigure.DispatcherServletAutoConfiguration'
2026-04-03 20:53:23 DEBUG o.s.b.f.s.DefaultListableBeanFactory - Creating shared instance of singleton bean 'org.springframework.boot.autoconfigure.task.TaskExecutorConfigurations$SimpleAsyncTaskExecutorBuilderConfiguration'
2026-04-03 20:53:23 DEBUG o.s.b.f.s.DefaultListableBeanFactory - Autowiring by type from bean name 'org.springframework.boot.autoconfigure.task.TaskExecutorConfigurations$SimpleAsyncTaskExecutorBuilderConfiguration' via constructor to bean named 'spring.task.execution-org.springframework.boot.autoconfigure.task.TaskExecutionProperties'
2026-04-03 20:53:23 DEBUG o.s.b.f.s.DefaultListableBeanFactory - Creating shared instance of singleton bean 'simpleAsyncTaskExecutorBuilder'
2026-04-03 20:53:23 DEBUG o.s.b.f.s.DefaultListableBeanFactory - Creating shared instance of singleton bean 'org.springframework.boot.autoconfigure.task.TaskExecutorConfigurations$AsyncConfigurerConfiguration'
2026-04-03 20:53:23 DEBUG o.s.b.f.s.DefaultListableBeanFactory - Creating shared instance of singleton bean 'applicationTaskExecutorAsyncConfigurer'
2026-04-03 20:53:23 DEBUG o.s.b.f.s.DefaultListableBeanFactory - Autowiring by type from bean name 'applicationTaskExecutorAsyncConfigurer' via factory method to bean named 'org.springframework.beans.factory.support.DefaultListableBeanFactory@63aff77e'
2026-04-03 20:53:23 DEBUG o.s.b.f.s.DefaultListableBeanFactory - Creating shared instance of singleton bean 'org.springframework.boot.autoconfigure.task.TaskExecutorConfigurations$BootstrapExecutorConfiguration'
2026-04-03 20:53:23 DEBUG o.s.b.f.s.DefaultListableBeanFactory - Creating shared instance of singleton bean 'org.springframework.boot.autoconfigure.task.TaskExecutionAutoConfiguration'
2026-04-03 20:53:23 DEBUG o.s.b.f.s.DefaultListableBeanFactory - Creating shared instance of singleton bean 'org.springframework.boot.webmvc.autoconfigure.error.ErrorMvcAutoConfiguration$WhitelabelErrorViewConfiguration'
2026-04-03 20:53:23 DEBUG o.s.b.f.s.DefaultListableBeanFactory - Creating shared instance of singleton bean 'error'
2026-04-03 20:53:23 DEBUG o.s.b.f.s.DefaultListableBeanFactory - Creating shared instance of singleton bean 'beanNameViewResolver'
2026-04-03 20:53:23 DEBUG o.s.b.f.s.DefaultListableBeanFactory - Creating shared instance of singleton bean 'org.springframework.boot.webmvc.autoconfigure.error.ErrorMvcAutoConfiguration$DefaultErrorViewResolverConfiguration'
2026-04-03 20:53:23 DEBUG o.s.b.f.s.DefaultListableBeanFactory - Autowiring by type from bean name 'org.springframework.boot.webmvc.autoconfigure.error.ErrorMvcAutoConfiguration$DefaultErrorViewResolverConfiguration' via constructor to bean named 'org.springframework.boot.web.server.servlet.context.AnnotationConfigServletWebServerApplicationContext@1c59ecc9'
2026-04-03 20:53:23 DEBUG o.s.b.f.s.DefaultListableBeanFactory - Autowiring by type from bean name 'org.springframework.boot.webmvc.autoconfigure.error.ErrorMvcAutoConfiguration$DefaultErrorViewResolverConfiguration' via constructor to bean named 'spring.web-org.springframework.boot.autoconfigure.web.WebProperties'
2026-04-03 20:53:23 DEBUG o.s.b.f.s.DefaultListableBeanFactory - Creating shared instance of singleton bean 'conventionErrorViewResolver'
2026-04-03 20:53:23 DEBUG o.s.b.f.s.DefaultListableBeanFactory - Creating shared instance of singleton bean 'errorAttributes'
2026-04-03 20:53:23 DEBUG o.s.b.f.s.DefaultListableBeanFactory - Creating shared instance of singleton bean 'basicErrorController'
2026-04-03 20:53:23 DEBUG o.s.b.f.s.DefaultListableBeanFactory - Autowiring by type from bean name 'basicErrorController' via factory method to bean named 'errorAttributes'
2026-04-03 20:53:23 DEBUG o.s.b.f.s.DefaultListableBeanFactory - Creating shared instance of singleton bean 'org.springframework.boot.webmvc.autoconfigure.WebMvcAutoConfiguration$EnableWebMvcConfiguration'
2026-04-03 20:53:23 DEBUG o.s.b.f.s.DefaultListableBeanFactory - Autowiring by type from bean name 'org.springframework.boot.webmvc.autoconfigure.WebMvcAutoConfiguration$EnableWebMvcConfiguration' via constructor to bean named 'spring.mvc-org.springframework.boot.webmvc.autoconfigure.WebMvcProperties'
2026-04-03 20:53:23 DEBUG o.s.b.f.s.DefaultListableBeanFactory - Autowiring by type from bean name 'org.springframework.boot.webmvc.autoconfigure.WebMvcAutoConfiguration$EnableWebMvcConfiguration' via constructor to bean named 'spring.web-org.springframework.boot.autoconfigure.web.WebProperties'
2026-04-03 20:53:23 DEBUG o.s.b.f.s.DefaultListableBeanFactory - Autowiring by type from bean name 'org.springframework.boot.webmvc.autoconfigure.WebMvcAutoConfiguration$EnableWebMvcConfiguration' via constructor to bean named 'org.springframework.beans.factory.support.DefaultListableBeanFactory@63aff77e'
2026-04-03 20:53:23 DEBUG o.s.b.f.s.DefaultListableBeanFactory - Creating shared instance of singleton bean 'org.springframework.boot.webmvc.autoconfigure.WebMvcAutoConfiguration$WebMvcAutoConfigurationAdapter'
2026-04-03 20:53:23 DEBUG o.s.b.f.s.DefaultListableBeanFactory - Autowiring by type from bean name 'org.springframework.boot.webmvc.autoconfigure.WebMvcAutoConfiguration$WebMvcAutoConfigurationAdapter' via constructor to bean named 'spring.web-org.springframework.boot.autoconfigure.web.WebProperties'
2026-04-03 20:53:23 DEBUG o.s.b.f.s.DefaultListableBeanFactory - Autowiring by type from bean name 'org.springframework.boot.webmvc.autoconfigure.WebMvcAutoConfiguration$WebMvcAutoConfigurationAdapter' via constructor to bean named 'spring.mvc-org.springframework.boot.webmvc.autoconfigure.WebMvcProperties'
2026-04-03 20:53:23 DEBUG o.s.b.f.s.DefaultListableBeanFactory - Autowiring by type from bean name 'org.springframework.boot.webmvc.autoconfigure.WebMvcAutoConfiguration$WebMvcAutoConfigurationAdapter' via constructor to bean named 'org.springframework.beans.factory.support.DefaultListableBeanFactory@63aff77e'
2026-04-03 20:53:23 DEBUG o.s.b.f.s.DefaultListableBeanFactory - Creating shared instance of singleton bean 'org.springframework.data.web.config.SpringDataWebConfiguration'
2026-04-03 20:53:23 DEBUG o.s.b.f.s.DefaultListableBeanFactory - Autowiring by type from bean name 'org.springframework.data.web.config.SpringDataWebConfiguration' via constructor to bean named 'org.springframework.boot.web.server.servlet.context.AnnotationConfigServletWebServerApplicationContext@1c59ecc9'
2026-04-03 20:53:23 DEBUG o.s.b.f.s.DefaultListableBeanFactory - Creating shared instance of singleton bean 'openEntityManagerInViewInterceptorConfigurer'
2026-04-03 20:53:23 DEBUG o.s.b.f.s.DefaultListableBeanFactory - Creating shared instance of singleton bean 'org.springframework.boot.jpa.autoconfigure.JpaBaseConfiguration$JpaWebConfiguration'
2026-04-03 20:53:23 DEBUG o.s.b.f.s.DefaultListableBeanFactory - Autowiring by type from bean name 'org.springframework.boot.jpa.autoconfigure.JpaBaseConfiguration$JpaWebConfiguration' via constructor to bean named 'spring.jpa-org.springframework.boot.jpa.autoconfigure.JpaProperties'
2026-04-03 20:53:23 DEBUG o.s.b.f.s.DefaultListableBeanFactory - Creating shared instance of singleton bean 'openEntityManagerInViewInterceptor'
2026-04-03 20:53:23 WARN  o.s.b.j.a.JpaBaseConfiguration$JpaWebConfiguration - spring.jpa.open-in-view is enabled by default. Therefore, database queries may be performed during view rendering. Explicitly configure spring.jpa.open-in-view to disable this warning
2026-04-03 20:53:23 DEBUG o.s.b.f.s.DefaultListableBeanFactory - Autowiring by type from bean name 'openEntityManagerInViewInterceptorConfigurer' via factory method to bean named 'openEntityManagerInViewInterceptor'
2026-04-03 20:53:23 DEBUG o.s.b.f.s.DefaultListableBeanFactory - Creating shared instance of singleton bean 'endpointJsonMapperWebMvcConfigurer'
2026-04-03 20:53:23 DEBUG o.s.b.f.s.DefaultListableBeanFactory - Creating shared instance of singleton bean 'endpointJsonMapper'
2026-04-03 20:53:23 DEBUG o.s.b.f.s.DefaultListableBeanFactory - Creating shared instance of singleton bean 'org.springframework.boot.actuate.autoconfigure.endpoint.jackson.JacksonEndpointAutoConfiguration'
2026-04-03 20:53:23 DEBUG o.s.b.f.s.DefaultListableBeanFactory - Autowiring by type from bean name 'endpointJsonMapperWebMvcConfigurer' via factory method to bean named 'endpointJsonMapper'
2026-04-03 20:53:23 DEBUG o.s.b.f.s.DefaultListableBeanFactory - Creating shared instance of singleton bean 'welcomePageHandlerMapping'
2026-04-03 20:53:23 DEBUG o.s.b.f.s.DefaultListableBeanFactory - Creating shared instance of singleton bean 'mvcConversionService'
2026-04-03 20:53:23 DEBUG o.s.b.f.s.DefaultListableBeanFactory - Creating shared instance of singleton bean 'mvcResourceUrlProvider'
2026-04-03 20:53:23 DEBUG o.s.b.f.s.DefaultListableBeanFactory - Autowiring by type from bean name 'welcomePageHandlerMapping' via factory method to bean named 'org.springframework.boot.web.server.servlet.context.AnnotationConfigServletWebServerApplicationContext@1c59ecc9'
2026-04-03 20:53:23 DEBUG o.s.b.f.s.DefaultListableBeanFactory - Autowiring by type from bean name 'welcomePageHandlerMapping' via factory method to bean named 'mvcConversionService'
2026-04-03 20:53:23 DEBUG o.s.b.f.s.DefaultListableBeanFactory - Autowiring by type from bean name 'welcomePageHandlerMapping' via factory method to bean named 'mvcResourceUrlProvider'
2026-04-03 20:53:23 DEBUG o.s.b.f.s.DefaultListableBeanFactory - Creating shared instance of singleton bean 'welcomePageNotAcceptableHandlerMapping'
2026-04-03 20:53:23 DEBUG o.s.b.f.s.DefaultListableBeanFactory - Autowiring by type from bean name 'welcomePageNotAcceptableHandlerMapping' via factory method to bean named 'org.springframework.boot.web.server.servlet.context.AnnotationConfigServletWebServerApplicationContext@1c59ecc9'
2026-04-03 20:53:23 DEBUG o.s.b.f.s.DefaultListableBeanFactory - Autowiring by type from bean name 'welcomePageNotAcceptableHandlerMapping' via factory method to bean named 'mvcConversionService'
2026-04-03 20:53:23 DEBUG o.s.b.f.s.DefaultListableBeanFactory - Autowiring by type from bean name 'welcomePageNotAcceptableHandlerMapping' via factory method to bean named 'mvcResourceUrlProvider'
2026-04-03 20:53:23 DEBUG o.s.b.f.s.DefaultListableBeanFactory - Creating shared instance of singleton bean 'localeResolver'
2026-04-03 20:53:23 DEBUG o.s.b.f.s.DefaultListableBeanFactory - Creating shared instance of singleton bean 'flashMapManager'
2026-04-03 20:53:23 DEBUG o.s.b.f.s.DefaultListableBeanFactory - Creating shared instance of singleton bean 'viewNameTranslator'
2026-04-03 20:53:23 DEBUG o.s.b.f.s.DefaultListableBeanFactory - Creating shared instance of singleton bean 'mvcValidator'
2026-04-03 20:53:23 DEBUG o.s.b.f.s.DefaultListableBeanFactory - Creating shared instance of singleton bean 'requestMappingHandlerMapping'
2026-04-03 20:53:23 DEBUG o.s.b.f.s.DefaultListableBeanFactory - Creating shared instance of singleton bean 'mvcContentNegotiationManager'
2026-04-03 20:53:23 DEBUG o.s.b.f.s.DefaultListableBeanFactory - Creating shared instance of singleton bean 'stringHttpMessageConvertersCustomizer'
2026-04-03 20:53:23 DEBUG o.s.b.f.s.DefaultListableBeanFactory - Creating shared instance of singleton bean 'org.springframework.boot.http.converter.autoconfigure.HttpMessageConvertersAutoConfiguration$StringHttpMessageConverterConfiguration'
2026-04-03 20:53:23 DEBUG o.s.b.f.s.DefaultListableBeanFactory - Creating shared instance of singleton bean 'spring.http.converters-org.springframework.boot.http.converter.autoconfigure.HttpMessageConvertersProperties'
2026-04-03 20:53:23 DEBUG o.s.b.f.s.DefaultListableBeanFactory - Autowiring by type from bean name 'stringHttpMessageConvertersCustomizer' via factory method to bean named 'spring.http.converters-org.springframework.boot.http.converter.autoconfigure.HttpMessageConvertersProperties'
2026-04-03 20:53:23 DEBUG o.s.b.f.s.DefaultListableBeanFactory - Creating shared instance of singleton bean 'jacksonJsonHttpMessageConvertersCustomizer'
2026-04-03 20:53:23 DEBUG o.s.b.f.s.DefaultListableBeanFactory - Creating shared instance of singleton bean 'org.springframework.boot.http.converter.autoconfigure.JacksonHttpMessageConvertersConfiguration$JacksonJsonHttpMessageConverterConfiguration'
2026-04-03 20:53:23 DEBUG o.s.b.f.s.DefaultListableBeanFactory - Creating shared instance of singleton bean 'jacksonJsonMapper'
2026-04-03 20:53:23 DEBUG o.s.b.f.s.DefaultListableBeanFactory - Creating shared instance of singleton bean 'org.springframework.boot.jackson.autoconfigure.JacksonAutoConfiguration'
2026-04-03 20:53:23 DEBUG o.s.b.f.s.DefaultListableBeanFactory - Creating shared instance of singleton bean 'problemDetailJsonMapperBuilderCustomizer'
2026-04-03 20:53:23 DEBUG o.s.b.f.s.DefaultListableBeanFactory - Creating shared instance of singleton bean 'org.springframework.boot.jackson.autoconfigure.JacksonAutoConfiguration$JsonProblemDetailsConfiguration'
2026-04-03 20:53:23 DEBUG o.s.b.f.s.DefaultListableBeanFactory - Creating shared instance of singleton bean 'standardJsonMapperBuilderCustomizer'
2026-04-03 20:53:23 DEBUG o.s.b.f.s.DefaultListableBeanFactory - Creating shared instance of singleton bean 'org.springframework.boot.jackson.autoconfigure.JacksonAutoConfiguration$JacksonJsonMapperBuilderCustomizerConfiguration'
2026-04-03 20:53:23 DEBUG o.s.b.f.s.DefaultListableBeanFactory - Creating shared instance of singleton bean 'spring.jackson-org.springframework.boot.jackson.autoconfigure.JacksonProperties'
2026-04-03 20:53:23 DEBUG o.s.b.f.s.DefaultListableBeanFactory - Autowiring by type from bean name 'standardJsonMapperBuilderCustomizer' via factory method to bean named 'spring.jackson-org.springframework.boot.jackson.autoconfigure.JacksonProperties'
2026-04-03 20:53:23 DEBUG o.s.b.f.s.DefaultListableBeanFactory - Creating shared instance of singleton bean 'jackson3GeoModule'
2026-04-03 20:53:23 DEBUG o.s.b.f.s.DefaultListableBeanFactory - Creating shared instance of singleton bean 'org.springframework.data.web.config.SpringDataJackson3Configuration'
2026-04-03 20:53:23 DEBUG o.s.b.f.s.DefaultListableBeanFactory - Creating shared instance of singleton bean 'springDataWebSettings'
2026-04-03 20:53:23 DEBUG o.s.b.f.s.DefaultListableBeanFactory - Creating shared instance of singleton bean 'org.springframework.boot.data.autoconfigure.web.DataWebAutoConfiguration'
2026-04-03 20:53:23 DEBUG o.s.b.f.s.DefaultListableBeanFactory - Creating shared instance of singleton bean 'spring.data.web-org.springframework.boot.data.autoconfigure.web.DataWebProperties'
2026-04-03 20:53:23 DEBUG o.s.b.f.s.DefaultListableBeanFactory - Autowiring by type from bean name 'org.springframework.boot.data.autoconfigure.web.DataWebAutoConfiguration' via constructor to bean named 'spring.data.web-org.springframework.boot.data.autoconfigure.web.DataWebProperties'
2026-04-03 20:53:23 DEBUG o.s.b.f.s.DefaultListableBeanFactory - Creating shared instance of singleton bean 'jackson3pageModule'
2026-04-03 20:53:23 DEBUG o.s.b.f.s.DefaultListableBeanFactory - Creating shared instance of singleton bean 'jacksonMixinModule'
2026-04-03 20:53:23 DEBUG o.s.b.f.s.DefaultListableBeanFactory - Creating shared instance of singleton bean 'org.springframework.boot.jackson.autoconfigure.JacksonAutoConfiguration$JacksonMixinConfiguration'
2026-04-03 20:53:23 DEBUG o.s.b.f.s.DefaultListableBeanFactory - Creating shared instance of singleton bean 'jacksonMixinModuleEntries'
2026-04-03 20:53:23 DEBUG o.s.b.f.s.DefaultListableBeanFactory - Autowiring by type from bean name 'jacksonMixinModuleEntries' via factory method to bean named 'org.springframework.boot.web.server.servlet.context.AnnotationConfigServletWebServerApplicationContext@1c59ecc9'
2026-04-03 20:53:23 DEBUG o.s.b.f.s.DefaultListableBeanFactory - Autowiring by type from bean name 'jacksonMixinModule' via factory method to bean named 'org.springframework.boot.web.server.servlet.context.AnnotationConfigServletWebServerApplicationContext@1c59ecc9'
2026-04-03 20:53:23 DEBUG o.s.b.f.s.DefaultListableBeanFactory - Autowiring by type from bean name 'jacksonMixinModule' via factory method to bean named 'jacksonMixinModuleEntries'
2026-04-03 20:53:23 DEBUG o.s.b.f.s.DefaultListableBeanFactory - Creating shared instance of singleton bean 'jsonComponentModule'
2026-04-03 20:53:23 DEBUG o.s.b.f.s.DefaultListableBeanFactory - Autowiring by type from bean name 'jsonMapperBuilder' via factory method to bean named 'problemDetailJsonMapperBuilderCustomizer'
2026-04-03 20:53:23 DEBUG o.s.b.f.s.DefaultListableBeanFactory - Autowiring by type from bean name 'jsonMapperBuilder' via factory method to bean named 'standardJsonMapperBuilderCustomizer'
2026-04-03 20:53:23 DEBUG o.s.b.f.s.DefaultListableBeanFactory - Autowiring by type from bean name 'jacksonJsonMapper' via factory method to bean named 'jsonMapperBuilder'
2026-04-03 20:53:23 DEBUG o.s.b.f.s.DefaultListableBeanFactory - Autowiring by type from bean name 'jacksonJsonHttpMessageConvertersCustomizer' via factory method to bean named 'jacksonJsonMapper'
2026-04-03 20:53:23 DEBUG o.s.b.f.s.DefaultListableBeanFactory - Creating shared instance of singleton bean 'serverConvertersCustomizer'
2026-04-03 20:53:23 DEBUG o.s.b.f.s.DefaultListableBeanFactory - Creating shared instance of singleton bean 'org.springframework.boot.http.converter.autoconfigure.HttpMessageConvertersAutoConfiguration'
2026-04-03 20:53:23 DEBUG o.s.b.f.s.DefaultListableBeanFactory - Creating shared instance of singleton bean 'mvcApiVersionStrategy'
2026-04-03 20:53:23 DEBUG o.s.b.f.s.DefaultListableBeanFactory - Autowiring by type from bean name 'requestMappingHandlerMapping' via factory method to bean named 'mvcContentNegotiationManager'
2026-04-03 20:53:23 DEBUG o.s.b.f.s.DefaultListableBeanFactory - Autowiring by type from bean name 'requestMappingHandlerMapping' via factory method to bean named 'mvcApiVersionStrategy'
2026-04-03 20:53:23 DEBUG o.s.b.f.s.DefaultListableBeanFactory - Autowiring by type from bean name 'requestMappingHandlerMapping' via factory method to bean named 'mvcConversionService'
2026-04-03 20:53:23 DEBUG o.s.b.f.s.DefaultListableBeanFactory - Autowiring by type from bean name 'requestMappingHandlerMapping' via factory method to bean named 'mvcResourceUrlProvider'
2026-04-03 20:53:23 DEBUG _.s.w.s.H.Mappings - 
	c.s.s.p.c.EmployeeRestClientController:
	{GET [/client/employees/getAllEmployees]}: getAllEmployees()
	{GET [/client/employees/{id}]}: getEmployeeById(Long)
	{POST [/client/employees/getAllEmployees]}: createEmployee(EmployeeDto)
	{PUT [/client/employees/{id}]}: updateEmployee(Long,EmployeeDto)
	{DELETE [/client/employees/{id}]}: deleteEmployee(Long)
	{PATCH [/client/employees/{id}]}: updatePartialEmployee(Long,Map)
2026-04-03 20:53:23 DEBUG _.s.w.s.H.Mappings - 
	c.s.s.p.c.PostAuditController:
	{GET [/postAudit/posts/{postId}]}: getPostRevision(Long)
2026-04-03 20:53:23 DEBUG _.s.w.s.H.Mappings - 
	c.s.s.p.c.PostController:
	{GET [/posts/getAllPosts]}: getAll()
	{POST [/posts/createPost]}: createNewPost(PostDto)
	{GET [/posts/{getPostById}]}: getbyId(Long)
	{PUT [/posts/{id}]}: putPost(PostDto,Long)
2026-04-03 20:53:23 DEBUG _.s.w.s.H.Mappings - 
	o.s.b.w.a.e.BasicErrorController:
	{ [/error]}: error(HttpServletRequest)
	{ [/error], produces [text/html]}: errorHtml(HttpServletRequest,HttpServletResponse)
2026-04-03 20:53:23 DEBUG o.s.w.s.m.m.a.RequestMappingHandlerMapping - 13 mappings in 'requestMappingHandlerMapping'
2026-04-03 20:53:23 DEBUG o.s.b.f.s.DefaultListableBeanFactory - Creating shared instance of singleton bean 'mvcPatternParser'
2026-04-03 20:53:23 DEBUG o.s.b.f.s.DefaultListableBeanFactory - Creating shared instance of singleton bean 'mvcUrlPathHelper'
2026-04-03 20:53:23 DEBUG o.s.b.f.s.DefaultListableBeanFactory - Creating shared instance of singleton bean 'mvcPathMatcher'
2026-04-03 20:53:23 DEBUG o.s.b.f.s.DefaultListableBeanFactory - Creating shared instance of singleton bean 'viewControllerHandlerMapping'
2026-04-03 20:53:23 DEBUG o.s.b.f.s.DefaultListableBeanFactory - Autowiring by type from bean name 'viewControllerHandlerMapping' via factory method to bean named 'mvcConversionService'
2026-04-03 20:53:23 DEBUG o.s.b.f.s.DefaultListableBeanFactory - Autowiring by type from bean name 'viewControllerHandlerMapping' via factory method to bean named 'mvcResourceUrlProvider'
2026-04-03 20:53:23 DEBUG o.s.b.f.s.DefaultListableBeanFactory - Creating shared instance of singleton bean 'beanNameHandlerMapping'
2026-04-03 20:53:23 DEBUG o.s.b.f.s.DefaultListableBeanFactory - Autowiring by type from bean name 'beanNameHandlerMapping' via factory method to bean named 'mvcConversionService'
2026-04-03 20:53:23 DEBUG o.s.b.f.s.DefaultListableBeanFactory - Autowiring by type from bean name 'beanNameHandlerMapping' via factory method to bean named 'mvcResourceUrlProvider'
2026-04-03 20:53:23 DEBUG _.s.w.s.H.Mappings - 'beanNameHandlerMapping' {}
2026-04-03 20:53:23 DEBUG o.s.b.f.s.DefaultListableBeanFactory - Creating shared instance of singleton bean 'routerFunctionMapping'
2026-04-03 20:53:23 DEBUG o.s.b.f.s.DefaultListableBeanFactory - Autowiring by type from bean name 'routerFunctionMapping' via factory method to bean named 'mvcConversionService'
2026-04-03 20:53:23 DEBUG o.s.b.f.s.DefaultListableBeanFactory - Autowiring by type from bean name 'routerFunctionMapping' via factory method to bean named 'mvcResourceUrlProvider'
2026-04-03 20:53:23 DEBUG o.s.b.f.s.DefaultListableBeanFactory - Autowiring by type from bean name 'routerFunctionMapping' via factory method to bean named 'mvcApiVersionStrategy'
2026-04-03 20:53:23 DEBUG o.s.b.f.s.DefaultListableBeanFactory - Creating shared instance of singleton bean 'resourceHandlerMapping'
2026-04-03 20:53:23 DEBUG o.s.b.f.s.DefaultListableBeanFactory - Autowiring by type from bean name 'resourceHandlerMapping' via factory method to bean named 'mvcContentNegotiationManager'
2026-04-03 20:53:23 DEBUG o.s.b.f.s.DefaultListableBeanFactory - Autowiring by type from bean name 'resourceHandlerMapping' via factory method to bean named 'mvcConversionService'
2026-04-03 20:53:23 DEBUG o.s.b.f.s.DefaultListableBeanFactory - Autowiring by type from bean name 'resourceHandlerMapping' via factory method to bean named 'mvcResourceUrlProvider'
2026-04-03 20:53:23 DEBUG _.s.w.s.H.Mappings - 'resourceHandlerMapping' {/webjars/**=ResourceHttpRequestHandler [classpath [META-INF/resources/webjars/]], /**=ResourceHttpRequestHandler [classpath [META-INF/resources/], classpath [resources/], classpath [static/], classpath [public/], ServletContext [/]]}
2026-04-03 20:53:23 DEBUG o.s.b.f.s.DefaultListableBeanFactory - Creating shared instance of singleton bean 'defaultServletHandlerMapping'
2026-04-03 20:53:23 DEBUG o.s.b.f.s.DefaultListableBeanFactory - Creating shared instance of singleton bean 'requestMappingHandlerAdapter'
2026-04-03 20:53:23 DEBUG o.s.b.f.s.DefaultListableBeanFactory - Autowiring by type from bean name 'requestMappingHandlerAdapter' via factory method to bean named 'mvcContentNegotiationManager'
2026-04-03 20:53:23 DEBUG o.s.b.f.s.DefaultListableBeanFactory - Autowiring by type from bean name 'requestMappingHandlerAdapter' via factory method to bean named 'mvcConversionService'
2026-04-03 20:53:23 DEBUG o.s.b.f.s.DefaultListableBeanFactory - Autowiring by type from bean name 'requestMappingHandlerAdapter' via factory method to bean named 'mvcValidator'
2026-04-03 20:53:23 DEBUG o.s.b.f.s.DefaultListableBeanFactory - Creating shared instance of singleton bean 'sortResolver'
2026-04-03 20:53:23 DEBUG o.s.b.f.s.DefaultListableBeanFactory - Creating shared instance of singleton bean 'sortCustomizer'
2026-04-03 20:53:23 DEBUG o.s.b.f.s.DefaultListableBeanFactory - Creating shared instance of singleton bean 'pageableResolver'
2026-04-03 20:53:23 DEBUG o.s.b.f.s.DefaultListableBeanFactory - Creating shared instance of singleton bean 'pageableCustomizer'
2026-04-03 20:53:23 DEBUG o.s.w.s.m.m.a.RequestMappingHandlerAdapter - ControllerAdvice beans: 0 @ModelAttribute, 0 @InitBinder, 2 RequestBodyAdvice, 2 ResponseBodyAdvice
2026-04-03 20:53:23 DEBUG o.s.b.f.s.DefaultListableBeanFactory - Creating shared instance of singleton bean 'mvcViewResolver'
2026-04-03 20:53:23 DEBUG o.s.b.f.s.DefaultListableBeanFactory - Autowiring by type from bean name 'mvcViewResolver' via factory method to bean named 'mvcContentNegotiationManager'
2026-04-03 20:53:23 DEBUG o.s.b.f.s.DefaultListableBeanFactory - Creating shared instance of singleton bean 'defaultViewResolver'
2026-04-03 20:53:23 DEBUG o.s.b.f.s.DefaultListableBeanFactory - Creating shared instance of singleton bean 'viewResolver'
2026-04-03 20:53:23 DEBUG o.s.b.f.s.DefaultListableBeanFactory - Autowiring by type from bean name 'viewResolver' via factory method to bean named 'org.springframework.beans.factory.support.DefaultListableBeanFactory@63aff77e'
2026-04-03 20:53:23 DEBUG o.s.b.f.s.DefaultListableBeanFactory - Creating shared instance of singleton bean 'viewResolver'
2026-04-03 20:53:23 DEBUG o.s.b.f.s.DefaultListableBeanFactory - Creating shared instance of singleton bean 'handlerFunctionAdapter'
2026-04-03 20:53:23 DEBUG o.s.b.f.s.DefaultListableBeanFactory - Creating shared instance of singleton bean 'mvcUriComponentsContributor'
2026-04-03 20:53:23 DEBUG o.s.b.f.s.DefaultListableBeanFactory - Autowiring by type from bean name 'mvcUriComponentsContributor' via factory method to bean named 'mvcConversionService'
2026-04-03 20:53:23 DEBUG o.s.b.f.s.DefaultListableBeanFactory - Autowiring by type from bean name 'mvcUriComponentsContributor' via factory method to bean named 'requestMappingHandlerAdapter'
2026-04-03 20:53:23 DEBUG o.s.b.f.s.DefaultListableBeanFactory - Creating shared instance of singleton bean 'httpRequestHandlerAdapter'
2026-04-03 20:53:23 DEBUG o.s.b.f.s.DefaultListableBeanFactory - Creating shared instance of singleton bean 'simpleControllerHandlerAdapter'
2026-04-03 20:53:23 DEBUG o.s.b.f.s.DefaultListableBeanFactory - Creating shared instance of singleton bean 'handlerExceptionResolver'
2026-04-03 20:53:23 DEBUG o.s.b.f.s.DefaultListableBeanFactory - Autowiring by type from bean name 'handlerExceptionResolver' via factory method to bean named 'mvcContentNegotiationManager'
2026-04-03 20:53:23 DEBUG o.s.w.s.m.m.a.ExceptionHandlerExceptionResolver - ControllerAdvice beans: 1 @ExceptionHandler, 2 ResponseBodyAdvice
2026-04-03 20:53:23 DEBUG o.s.b.f.s.DefaultListableBeanFactory - Creating shared instance of singleton bean 'org.springframework.boot.actuate.autoconfigure.audit.AuditEventsEndpointAutoConfiguration'
2026-04-03 20:53:23 DEBUG o.s.b.f.s.DefaultListableBeanFactory - Creating shared instance of singleton bean 'org.springframework.boot.actuate.autoconfigure.beans.BeansEndpointAutoConfiguration'
2026-04-03 20:53:23 DEBUG o.s.b.f.s.DefaultListableBeanFactory - Creating shared instance of singleton bean 'beansEndpoint'
2026-04-03 20:53:23 DEBUG o.s.b.f.s.DefaultListableBeanFactory - Autowiring by type from bean name 'beansEndpoint' via factory method to bean named 'org.springframework.boot.web.server.servlet.context.AnnotationConfigServletWebServerApplicationContext@1c59ecc9'
2026-04-03 20:53:23 DEBUG o.s.b.f.s.DefaultListableBeanFactory - Creating shared instance of singleton bean 'org.springframework.boot.actuate.autoconfigure.condition.ConditionsReportEndpointAutoConfiguration'
2026-04-03 20:53:23 DEBUG o.s.b.f.s.DefaultListableBeanFactory - Creating shared instance of singleton bean 'conditionsReportEndpoint'
2026-04-03 20:53:23 DEBUG o.s.b.f.s.DefaultListableBeanFactory - Autowiring by type from bean name 'conditionsReportEndpoint' via factory method to bean named 'org.springframework.boot.web.server.servlet.context.AnnotationConfigServletWebServerApplicationContext@1c59ecc9'
2026-04-03 20:53:23 DEBUG o.s.b.f.s.DefaultListableBeanFactory - Creating shared instance of singleton bean 'org.springframework.boot.actuate.autoconfigure.context.properties.ConfigurationPropertiesReportEndpointAutoConfiguration'
2026-04-03 20:53:23 DEBUG o.s.b.f.s.DefaultListableBeanFactory - Creating shared instance of singleton bean 'configurationPropertiesReportEndpoint'
2026-04-03 20:53:23 DEBUG o.s.b.f.s.DefaultListableBeanFactory - Creating shared instance of singleton bean 'management.endpoint.configprops-org.springframework.boot.actuate.autoconfigure.context.properties.ConfigurationPropertiesReportEndpointProperties'
2026-04-03 20:53:23 DEBUG o.s.b.f.s.DefaultListableBeanFactory - Autowiring by type from bean name 'configurationPropertiesReportEndpoint' via factory method to bean named 'management.endpoint.configprops-org.springframework.boot.actuate.autoconfigure.context.properties.ConfigurationPropertiesReportEndpointProperties'
2026-04-03 20:53:23 DEBUG o.s.b.f.s.DefaultListableBeanFactory - Creating shared instance of singleton bean 'configurationPropertiesReportEndpointWebExtension'
2026-04-03 20:53:23 DEBUG o.s.b.f.s.DefaultListableBeanFactory - Autowiring by type from bean name 'configurationPropertiesReportEndpointWebExtension' via factory method to bean named 'configurationPropertiesReportEndpoint'
2026-04-03 20:53:23 DEBUG o.s.b.f.s.DefaultListableBeanFactory - Autowiring by type from bean name 'configurationPropertiesReportEndpointWebExtension' via factory method to bean named 'management.endpoint.configprops-org.springframework.boot.actuate.autoconfigure.context.properties.ConfigurationPropertiesReportEndpointProperties'
2026-04-03 20:53:23 DEBUG o.s.b.f.s.DefaultListableBeanFactory - Creating shared instance of singleton bean 'endpointOperationParameterMapper'
2026-04-03 20:53:23 DEBUG o.s.b.f.s.DefaultListableBeanFactory - Creating shared instance of singleton bean 'endpointCachingOperationInvokerAdvisor'
2026-04-03 20:53:23 DEBUG o.s.b.f.s.DefaultListableBeanFactory - Autowiring by type from bean name 'endpointCachingOperationInvokerAdvisor' via factory method to bean named 'environment'
2026-04-03 20:53:23 DEBUG o.s.b.f.s.DefaultListableBeanFactory - Creating shared instance of singleton bean 'endpointMediaTypes'
2026-04-03 20:53:23 DEBUG o.s.b.f.s.DefaultListableBeanFactory - Creating shared instance of singleton bean 'webEndpointDiscoverer'
2026-04-03 20:53:23 DEBUG o.s.b.f.s.DefaultListableBeanFactory - Autowiring by type from bean name 'webEndpointDiscoverer' via factory method to bean named 'endpointOperationParameterMapper'
2026-04-03 20:53:23 DEBUG o.s.b.f.s.DefaultListableBeanFactory - Autowiring by type from bean name 'webEndpointDiscoverer' via factory method to bean named 'endpointMediaTypes'
2026-04-03 20:53:23 DEBUG o.s.b.f.s.DefaultListableBeanFactory - Creating shared instance of singleton bean 'healthEndpointGroups'
2026-04-03 20:53:23 DEBUG o.s.b.f.s.DefaultListableBeanFactory - Creating shared instance of singleton bean 'org.springframework.boot.health.autoconfigure.actuate.endpoint.HealthEndpointConfiguration'
2026-04-03 20:53:23 DEBUG o.s.b.f.s.DefaultListableBeanFactory - Creating shared instance of singleton bean 'management.endpoint.health-org.springframework.boot.health.autoconfigure.actuate.endpoint.HealthEndpointProperties'
2026-04-03 20:53:23 DEBUG o.s.b.f.s.DefaultListableBeanFactory - Autowiring by type from bean name 'healthEndpointGroups' via factory method to bean named 'org.springframework.boot.web.server.servlet.context.AnnotationConfigServletWebServerApplicationContext@1c59ecc9'
2026-04-03 20:53:23 DEBUG o.s.b.f.s.DefaultListableBeanFactory - Autowiring by type from bean name 'healthEndpointGroups' via factory method to bean named 'management.endpoint.health-org.springframework.boot.health.autoconfigure.actuate.endpoint.HealthEndpointProperties'
2026-04-03 20:53:23 DEBUG o.s.b.f.s.DefaultListableBeanFactory - Creating shared instance of singleton bean 'healthStatusAggregator'
2026-04-03 20:53:23 DEBUG o.s.b.f.s.DefaultListableBeanFactory - Autowiring by type from bean name 'healthStatusAggregator' via factory method to bean named 'management.endpoint.health-org.springframework.boot.health.autoconfigure.actuate.endpoint.HealthEndpointProperties'
2026-04-03 20:53:23 DEBUG o.s.b.f.s.DefaultListableBeanFactory - Creating shared instance of singleton bean 'healthHttpCodeStatusMapper'
2026-04-03 20:53:23 DEBUG o.s.b.f.s.DefaultListableBeanFactory - Autowiring by type from bean name 'healthHttpCodeStatusMapper' via factory method to bean named 'management.endpoint.health-org.springframework.boot.health.autoconfigure.actuate.endpoint.HealthEndpointProperties'
2026-04-03 20:53:23 DEBUG o.s.b.f.s.DefaultListableBeanFactory - Creating shared instance of singleton bean 'availabilityProbesHealthEndpointGroupsPostProcessor'
2026-04-03 20:53:23 DEBUG o.s.b.f.s.DefaultListableBeanFactory - Creating shared instance of singleton bean 'org.springframework.boot.health.autoconfigure.actuate.endpoint.AvailabilityProbesAutoConfiguration'
2026-04-03 20:53:23 DEBUG o.s.b.f.s.DefaultListableBeanFactory - Autowiring by type from bean name 'availabilityProbesHealthEndpointGroupsPostProcessor' via factory method to bean named 'environment'
2026-04-03 20:53:23 DEBUG o.s.b.f.s.DefaultListableBeanFactory - Creating shared instance of singleton bean 'webExposeExcludePropertyEndpointFilter'
2026-04-03 20:53:23 DEBUG o.s.b.f.s.DefaultListableBeanFactory - Creating shared instance of singleton bean 'webAccessPropertiesOperationFilter'
2026-04-03 20:53:23 DEBUG o.s.b.f.s.DefaultListableBeanFactory - Autowiring by type from bean name 'webAccessPropertiesOperationFilter' via factory method to bean named 'propertiesEndpointAccessResolver'
2026-04-03 20:53:23 DEBUG o.s.b.f.s.DefaultListableBeanFactory - Creating shared instance of singleton bean 'controllerEndpointDiscoverer'
2026-04-03 20:53:23 DEBUG o.s.b.f.s.DefaultListableBeanFactory - Creating shared instance of singleton bean 'controllerExposeExcludePropertyEndpointFilter'
2026-04-03 20:53:23 DEBUG o.s.b.f.s.DefaultListableBeanFactory - Creating shared instance of singleton bean 'pathMappedEndpoints'
2026-04-03 20:53:23 DEBUG o.s.b.f.s.DefaultListableBeanFactory - Autowiring by type from bean name 'pathMappedEndpoints' via factory method to bean named 'servletEndpointDiscoverer'
2026-04-03 20:53:23 DEBUG o.s.b.f.s.DefaultListableBeanFactory - Autowiring by type from bean name 'pathMappedEndpoints' via factory method to bean named 'webEndpointDiscoverer'
2026-04-03 20:53:23 DEBUG o.s.b.f.s.DefaultListableBeanFactory - Autowiring by type from bean name 'pathMappedEndpoints' via factory method to bean named 'controllerEndpointDiscoverer'
2026-04-03 20:53:23 DEBUG o.s.b.f.s.DefaultListableBeanFactory - Creating shared instance of singleton bean 'environmentEndpoint'
2026-04-03 20:53:23 DEBUG o.s.b.f.s.DefaultListableBeanFactory - Creating shared instance of singleton bean 'org.springframework.boot.actuate.autoconfigure.env.EnvironmentEndpointAutoConfiguration'
2026-04-03 20:53:23 DEBUG o.s.b.f.s.DefaultListableBeanFactory - Creating shared instance of singleton bean 'management.endpoint.env-org.springframework.boot.actuate.autoconfigure.env.EnvironmentEndpointProperties'
2026-04-03 20:53:23 DEBUG o.s.b.f.s.DefaultListableBeanFactory - Autowiring by type from bean name 'environmentEndpoint' via factory method to bean named 'environment'
2026-04-03 20:53:23 DEBUG o.s.b.f.s.DefaultListableBeanFactory - Autowiring by type from bean name 'environmentEndpoint' via factory method to bean named 'management.endpoint.env-org.springframework.boot.actuate.autoconfigure.env.EnvironmentEndpointProperties'
2026-04-03 20:53:23 DEBUG o.s.b.f.s.DefaultListableBeanFactory - Creating shared instance of singleton bean 'sbomEndpoint'
2026-04-03 20:53:23 DEBUG o.s.b.f.s.DefaultListableBeanFactory - Creating shared instance of singleton bean 'org.springframework.boot.actuate.autoconfigure.sbom.SbomEndpointAutoConfiguration'
2026-04-03 20:53:23 DEBUG o.s.b.f.s.DefaultListableBeanFactory - Creating shared instance of singleton bean 'management.endpoint.sbom-org.springframework.boot.actuate.sbom.SbomProperties'
2026-04-03 20:53:23 DEBUG o.s.b.f.s.DefaultListableBeanFactory - Autowiring by type from bean name 'org.springframework.boot.actuate.autoconfigure.sbom.SbomEndpointAutoConfiguration' via constructor to bean named 'management.endpoint.sbom-org.springframework.boot.actuate.sbom.SbomProperties'
2026-04-03 20:53:23 DEBUG o.s.b.f.s.DefaultListableBeanFactory - Autowiring by type from bean name 'sbomEndpoint' via factory method to bean named 'org.springframework.boot.web.server.servlet.context.AnnotationConfigServletWebServerApplicationContext@1c59ecc9'
2026-04-03 20:53:23 DEBUG o.s.b.f.s.DefaultListableBeanFactory - Creating shared instance of singleton bean 'healthEndpoint'
2026-04-03 20:53:23 DEBUG o.s.b.f.s.DefaultListableBeanFactory - Creating shared instance of singleton bean 'healthContributorRegistry'
2026-04-03 20:53:23 DEBUG o.s.b.f.s.DefaultListableBeanFactory - Creating shared instance of singleton bean 'org.springframework.boot.health.autoconfigure.registry.HealthContributorRegistryAutoConfiguration'
2026-04-03 20:53:23 DEBUG o.s.b.f.s.DefaultListableBeanFactory - Creating shared instance of singleton bean 'livenessStateHealthIndicator'
2026-04-03 20:53:23 DEBUG o.s.b.f.s.DefaultListableBeanFactory - Creating shared instance of singleton bean 'applicationAvailability'
2026-04-03 20:53:23 DEBUG o.s.b.f.s.DefaultListableBeanFactory - Creating shared instance of singleton bean 'org.springframework.boot.autoconfigure.availability.ApplicationAvailabilityAutoConfiguration'
2026-04-03 20:53:23 DEBUG o.s.b.f.s.DefaultListableBeanFactory - Autowiring by type from bean name 'livenessStateHealthIndicator' via factory method to bean named 'applicationAvailability'
2026-04-03 20:53:23 DEBUG o.s.b.f.s.DefaultListableBeanFactory - Creating shared instance of singleton bean 'readinessStateHealthIndicator'
2026-04-03 20:53:23 DEBUG o.s.b.f.s.DefaultListableBeanFactory - Autowiring by type from bean name 'readinessStateHealthIndicator' via factory method to bean named 'applicationAvailability'
2026-04-03 20:53:23 DEBUG o.s.b.f.s.DefaultListableBeanFactory - Creating shared instance of singleton bean 'diskSpaceHealthIndicator'
2026-04-03 20:53:23 DEBUG o.s.b.f.s.DefaultListableBeanFactory - Creating shared instance of singleton bean 'org.springframework.boot.health.autoconfigure.application.DiskSpaceHealthContributorAutoConfiguration'
2026-04-03 20:53:23 DEBUG o.s.b.f.s.DefaultListableBeanFactory - Creating shared instance of singleton bean 'management.health.diskspace-org.springframework.boot.health.autoconfigure.application.DiskSpaceHealthIndicatorProperties'
2026-04-03 20:53:23 DEBUG o.s.b.f.s.DefaultListableBeanFactory - Autowiring by type from bean name 'diskSpaceHealthIndicator' via factory method to bean named 'management.health.diskspace-org.springframework.boot.health.autoconfigure.application.DiskSpaceHealthIndicatorProperties'
2026-04-03 20:53:23 DEBUG o.s.b.f.s.DefaultListableBeanFactory - Creating shared instance of singleton bean 'sslHealthIndicator'
2026-04-03 20:53:23 DEBUG o.s.b.f.s.DefaultListableBeanFactory - Creating shared instance of singleton bean 'org.springframework.boot.health.autoconfigure.application.SslHealthContributorAutoConfiguration'
2026-04-03 20:53:23 DEBUG o.s.b.f.s.DefaultListableBeanFactory - Creating shared instance of singleton bean 'sslInfo'
2026-04-03 20:53:23 DEBUG o.s.b.f.s.DefaultListableBeanFactory - Autowiring by type from bean name 'sslInfo' via factory method to bean named 'sslBundleRegistry'
2026-04-03 20:53:23 DEBUG o.s.b.f.s.DefaultListableBeanFactory - Creating shared instance of singleton bean 'management.health.ssl-org.springframework.boot.health.autoconfigure.application.SslHealthIndicatorProperties'
2026-04-03 20:53:23 DEBUG o.s.b.f.s.DefaultListableBeanFactory - Autowiring by type from bean name 'sslHealthIndicator' via factory method to bean named 'sslInfo'
2026-04-03 20:53:23 DEBUG o.s.b.f.s.DefaultListableBeanFactory - Autowiring by type from bean name 'sslHealthIndicator' via factory method to bean named 'management.health.ssl-org.springframework.boot.health.autoconfigure.application.SslHealthIndicatorProperties'
2026-04-03 20:53:23 DEBUG o.s.b.f.s.DefaultListableBeanFactory - Creating shared instance of singleton bean 'pingHealthContributor'
2026-04-03 20:53:23 DEBUG o.s.b.f.s.DefaultListableBeanFactory - Creating shared instance of singleton bean 'org.springframework.boot.health.autoconfigure.contributor.HealthContributorAutoConfiguration'
2026-04-03 20:53:23 DEBUG o.s.b.f.s.DefaultListableBeanFactory - Creating shared instance of singleton bean 'dbHealthContributor'
2026-04-03 20:53:23 DEBUG o.s.b.f.s.DefaultListableBeanFactory - Creating shared instance of singleton bean 'org.springframework.boot.jdbc.autoconfigure.health.DataSourceHealthContributorAutoConfiguration'
2026-04-03 20:53:23 DEBUG o.s.b.f.s.DefaultListableBeanFactory - Creating shared instance of singleton bean 'management.health.db-org.springframework.boot.jdbc.autoconfigure.health.DataSourceHealthIndicatorProperties'
2026-04-03 20:53:23 DEBUG o.s.b.f.s.DefaultListableBeanFactory - Autowiring by type from bean name 'dbHealthContributor' via factory method to bean named 'org.springframework.beans.factory.support.DefaultListableBeanFactory@63aff77e'
2026-04-03 20:53:23 DEBUG o.s.b.f.s.DefaultListableBeanFactory - Autowiring by type from bean name 'dbHealthContributor' via factory method to bean named 'management.health.db-org.springframework.boot.jdbc.autoconfigure.health.DataSourceHealthIndicatorProperties'
2026-04-03 20:53:23 DEBUG o.s.b.f.s.DefaultListableBeanFactory - Creating shared instance of singleton bean 'groupsHealthContributorNameValidator'
2026-04-03 20:53:23 DEBUG o.s.b.f.s.DefaultListableBeanFactory - Autowiring by type from bean name 'healthContributorRegistry' via factory method to bean named 'livenessStateHealthIndicator'
2026-04-03 20:53:23 DEBUG o.s.b.f.s.DefaultListableBeanFactory - Autowiring by type from bean name 'healthContributorRegistry' via factory method to bean named 'readinessStateHealthIndicator'
2026-04-03 20:53:23 DEBUG o.s.b.f.s.DefaultListableBeanFactory - Autowiring by type from bean name 'healthContributorRegistry' via factory method to bean named 'diskSpaceHealthIndicator'
2026-04-03 20:53:23 DEBUG o.s.b.f.s.DefaultListableBeanFactory - Autowiring by type from bean name 'healthContributorRegistry' via factory method to bean named 'sslHealthIndicator'
2026-04-03 20:53:23 DEBUG o.s.b.f.s.DefaultListableBeanFactory - Autowiring by type from bean name 'healthContributorRegistry' via factory method to bean named 'pingHealthContributor'
2026-04-03 20:53:23 DEBUG o.s.b.f.s.DefaultListableBeanFactory - Autowiring by type from bean name 'healthContributorRegistry' via factory method to bean named 'dbHealthContributor'
2026-04-03 20:53:23 DEBUG o.s.b.f.s.DefaultListableBeanFactory - Autowiring by type from bean name 'healthContributorRegistry' via factory method to bean named 'groupsHealthContributorNameValidator'
2026-04-03 20:53:23 DEBUG o.s.b.f.s.DefaultListableBeanFactory - Autowiring by type from bean name 'healthEndpoint' via factory method to bean named 'healthContributorRegistry'
2026-04-03 20:53:23 DEBUG o.s.b.f.s.DefaultListableBeanFactory - Autowiring by type from bean name 'healthEndpoint' via factory method to bean named 'healthEndpointGroups'
2026-04-03 20:53:23 DEBUG o.s.b.f.s.DefaultListableBeanFactory - Autowiring by type from bean name 'healthEndpoint' via factory method to bean named 'management.endpoint.health-org.springframework.boot.health.autoconfigure.actuate.endpoint.HealthEndpointProperties'
2026-04-03 20:53:23 DEBUG o.s.b.f.s.DefaultListableBeanFactory - Creating shared instance of singleton bean 'environmentEndpointWebExtension'
2026-04-03 20:53:23 DEBUG o.s.b.f.s.DefaultListableBeanFactory - Autowiring by type from bean name 'environmentEndpointWebExtension' via factory method to bean named 'environmentEndpoint'
2026-04-03 20:53:23 DEBUG o.s.b.f.s.DefaultListableBeanFactory - Autowiring by type from bean name 'environmentEndpointWebExtension' via factory method to bean named 'management.endpoint.env-org.springframework.boot.actuate.autoconfigure.env.EnvironmentEndpointProperties'
2026-04-03 20:53:23 DEBUG o.s.b.f.s.DefaultListableBeanFactory - Creating shared instance of singleton bean 'infoEndpoint'
2026-04-03 20:53:23 DEBUG o.s.b.f.s.DefaultListableBeanFactory - Creating shared instance of singleton bean 'org.springframework.boot.actuate.autoconfigure.info.InfoEndpointAutoConfiguration'
2026-04-03 20:53:23 DEBUG o.s.b.f.s.DefaultListableBeanFactory - Creating shared instance of singleton bean 'envInfoContributor'
2026-04-03 20:53:23 DEBUG o.s.b.f.s.DefaultListableBeanFactory - Creating shared instance of singleton bean 'org.springframework.boot.actuate.autoconfigure.info.InfoContributorAutoConfiguration'
2026-04-03 20:53:23 DEBUG o.s.b.f.s.DefaultListableBeanFactory - Autowiring by type from bean name 'envInfoContributor' via factory method to bean named 'environment'
2026-04-03 20:53:23 DEBUG o.s.b.f.s.DefaultListableBeanFactory - Creating shared instance of singleton bean 'javaInfoContributor'
2026-04-03 20:53:23 DEBUG o.s.b.f.s.DefaultListableBeanFactory - Creating shared instance of singleton bean 'osInfoContributor'
2026-04-03 20:53:23 DEBUG o.s.b.f.s.DefaultListableBeanFactory - Creating shared instance of singleton bean 'logFileWebEndpoint'
2026-04-03 20:53:23 DEBUG o.s.b.f.s.DefaultListableBeanFactory - Creating shared instance of singleton bean 'org.springframework.boot.actuate.autoconfigure.logging.LogFileWebEndpointAutoConfiguration'
2026-04-03 20:53:23 DEBUG o.s.b.f.s.DefaultListableBeanFactory - Creating shared instance of singleton bean 'management.endpoint.logfile-org.springframework.boot.actuate.autoconfigure.logging.LogFileWebEndpointProperties'
2026-04-03 20:53:23 DEBUG o.s.b.f.s.DefaultListableBeanFactory - Autowiring by type from bean name 'logFileWebEndpoint' via factory method to bean named 'management.endpoint.logfile-org.springframework.boot.actuate.autoconfigure.logging.LogFileWebEndpointProperties'
2026-04-03 20:53:23 DEBUG o.s.b.f.s.DefaultListableBeanFactory - Creating shared instance of singleton bean 'loggersEndpoint'
2026-04-03 20:53:23 DEBUG o.s.b.f.s.DefaultListableBeanFactory - Creating shared instance of singleton bean 'org.springframework.boot.actuate.autoconfigure.logging.LoggersEndpointAutoConfiguration'
2026-04-03 20:53:23 DEBUG o.s.b.f.s.DefaultListableBeanFactory - Autowiring by type from bean name 'loggersEndpoint' via factory method to bean named 'springBootLoggingSystem'
2026-04-03 20:53:23 DEBUG o.s.b.f.s.DefaultListableBeanFactory - Creating shared instance of singleton bean 'dumpEndpoint'
2026-04-03 20:53:23 DEBUG o.s.b.f.s.DefaultListableBeanFactory - Creating shared instance of singleton bean 'org.springframework.boot.actuate.autoconfigure.management.ThreadDumpEndpointAutoConfiguration'
2026-04-03 20:53:23 DEBUG o.s.b.f.s.DefaultListableBeanFactory - Creating shared instance of singleton bean 'sbomEndpointWebExtension'
2026-04-03 20:53:23 DEBUG o.s.b.f.s.DefaultListableBeanFactory - Autowiring by type from bean name 'sbomEndpointWebExtension' via factory method to bean named 'sbomEndpoint'
2026-04-03 20:53:23 DEBUG o.s.b.f.s.DefaultListableBeanFactory - Creating shared instance of singleton bean 'scheduledTasksEndpoint'
2026-04-03 20:53:23 DEBUG o.s.b.f.s.DefaultListableBeanFactory - Creating shared instance of singleton bean 'org.springframework.boot.actuate.autoconfigure.scheduling.ScheduledTasksEndpointAutoConfiguration'
2026-04-03 20:53:23 DEBUG o.s.b.f.s.DefaultListableBeanFactory - Creating shared instance of singleton bean 'mappingsEndpoint'
2026-04-03 20:53:23 DEBUG o.s.b.f.s.DefaultListableBeanFactory - Creating shared instance of singleton bean 'org.springframework.boot.actuate.autoconfigure.web.mappings.MappingsEndpointAutoConfiguration'
2026-04-03 20:53:23 DEBUG o.s.b.f.s.DefaultListableBeanFactory - Autowiring by type from bean name 'mappingsEndpoint' via factory method to bean named 'org.springframework.boot.web.server.servlet.context.AnnotationConfigServletWebServerApplicationContext@1c59ecc9'
2026-04-03 20:53:23 DEBUG o.s.b.f.s.DefaultListableBeanFactory - Creating shared instance of singleton bean 'servletMappingDescriptionProvider'
2026-04-03 20:53:23 DEBUG o.s.b.f.s.DefaultListableBeanFactory - Creating shared instance of singleton bean 'org.springframework.boot.servlet.autoconfigure.actuate.web.mappings.ServletMappingsAutoConfiguration'
2026-04-03 20:53:23 DEBUG o.s.b.f.s.DefaultListableBeanFactory - Creating shared instance of singleton bean 'filterMappingDescriptionProvider'
2026-04-03 20:53:23 DEBUG o.s.b.f.s.DefaultListableBeanFactory - Creating shared instance of singleton bean 'dispatcherServletMappingDescriptionProvider'
2026-04-03 20:53:23 DEBUG o.s.b.f.s.DefaultListableBeanFactory - Creating shared instance of singleton bean 'org.springframework.boot.webmvc.autoconfigure.actuate.web.mappings.WebMvcMappingsAutoConfiguration'
2026-04-03 20:53:23 DEBUG o.s.b.f.s.DefaultListableBeanFactory - Creating shared instance of singleton bean 'healthEndpointWebExtension'
2026-04-03 20:53:23 DEBUG o.s.b.f.s.DefaultListableBeanFactory - Creating shared instance of singleton bean 'org.springframework.boot.health.autoconfigure.actuate.endpoint.HealthEndpointWebExtensionConfiguration'
2026-04-03 20:53:23 DEBUG o.s.b.f.s.DefaultListableBeanFactory - Autowiring by type from bean name 'healthEndpointWebExtension' via factory method to bean named 'healthContributorRegistry'
2026-04-03 20:53:23 DEBUG o.s.b.f.s.DefaultListableBeanFactory - Autowiring by type from bean name 'healthEndpointWebExtension' via factory method to bean named 'healthEndpointGroups'
2026-04-03 20:53:23 DEBUG o.s.b.f.s.DefaultListableBeanFactory - Autowiring by type from bean name 'healthEndpointWebExtension' via factory method to bean named 'management.endpoint.health-org.springframework.boot.health.autoconfigure.actuate.endpoint.HealthEndpointProperties'
2026-04-03 20:53:23 DEBUG o.s.b.f.s.DefaultListableBeanFactory - Creating shared instance of singleton bean 'metricsEndpoint'
2026-04-03 20:53:23 DEBUG o.s.b.f.s.DefaultListableBeanFactory - Creating shared instance of singleton bean 'org.springframework.boot.micrometer.metrics.autoconfigure.MetricsEndpointAutoConfiguration'
2026-04-03 20:53:23 DEBUG o.s.b.f.s.DefaultListableBeanFactory - Autowiring by type from bean name 'metricsEndpoint' via factory method to bean named 'simpleMeterRegistry'
2026-04-03 20:53:23 DEBUG o.s.b.f.s.DefaultListableBeanFactory - Creating shared instance of singleton bean 'org.springframework.boot.autoconfigure.info.ProjectInfoAutoConfiguration'
2026-04-03 20:53:23 DEBUG o.s.b.f.s.DefaultListableBeanFactory - Creating shared instance of singleton bean 'spring.info-org.springframework.boot.autoconfigure.info.ProjectInfoProperties'
2026-04-03 20:53:23 DEBUG o.s.b.f.s.DefaultListableBeanFactory - Autowiring by type from bean name 'org.springframework.boot.autoconfigure.info.ProjectInfoAutoConfiguration' via constructor to bean named 'spring.info-org.springframework.boot.autoconfigure.info.ProjectInfoProperties'
2026-04-03 20:53:23 DEBUG o.s.b.f.s.DefaultListableBeanFactory - Creating shared instance of singleton bean 'management.info-org.springframework.boot.actuate.autoconfigure.info.InfoContributorProperties'
2026-04-03 20:53:23 DEBUG o.s.b.f.s.DefaultListableBeanFactory - Creating shared instance of singleton bean 'org.springframework.boot.actuate.autoconfigure.web.exchanges.HttpExchangesEndpointAutoConfiguration'
2026-04-03 20:53:23 DEBUG o.s.b.f.s.DefaultListableBeanFactory - Creating shared instance of singleton bean 'org.springframework.boot.autoconfigure.aop.AopAutoConfiguration$AspectJAutoProxyingConfiguration$CglibAutoProxyConfiguration'
2026-04-03 20:53:23 DEBUG o.s.b.f.s.DefaultListableBeanFactory - Creating shared instance of singleton bean 'org.springframework.boot.autoconfigure.aop.AopAutoConfiguration$AspectJAutoProxyingConfiguration'
2026-04-03 20:53:23 DEBUG o.s.b.f.s.DefaultListableBeanFactory - Creating shared instance of singleton bean 'org.springframework.boot.autoconfigure.aop.AopAutoConfiguration'
2026-04-03 20:53:23 DEBUG o.s.b.f.s.DefaultListableBeanFactory - Creating shared instance of singleton bean 'org.springframework.boot.autoconfigure.context.ConfigurationPropertiesAutoConfiguration'
2026-04-03 20:53:23 DEBUG o.s.b.f.s.DefaultListableBeanFactory - Creating shared instance of singleton bean 'org.springframework.boot.autoconfigure.context.LifecycleAutoConfiguration'
2026-04-03 20:53:23 DEBUG o.s.b.f.s.DefaultListableBeanFactory - Creating shared instance of singleton bean 'lifecycleProcessor'
2026-04-03 20:53:23 DEBUG o.s.b.f.s.DefaultListableBeanFactory - Creating shared instance of singleton bean 'spring.lifecycle-org.springframework.boot.autoconfigure.context.LifecycleProperties'
2026-04-03 20:53:23 DEBUG o.s.b.f.s.DefaultListableBeanFactory - Autowiring by type from bean name 'lifecycleProcessor' via factory method to bean named 'spring.lifecycle-org.springframework.boot.autoconfigure.context.LifecycleProperties'
2026-04-03 20:53:23 DEBUG o.s.b.f.s.DefaultListableBeanFactory - Creating shared instance of singleton bean 'org.springframework.boot.autoconfigure.task.TaskSchedulingConfigurations$ThreadPoolTaskSchedulerBuilderConfiguration'
2026-04-03 20:53:23 DEBUG o.s.b.f.s.DefaultListableBeanFactory - Creating shared instance of singleton bean 'threadPoolTaskSchedulerBuilder'
2026-04-03 20:53:23 DEBUG o.s.b.f.s.DefaultListableBeanFactory - Creating shared instance of singleton bean 'spring.task.scheduling-org.springframework.boot.autoconfigure.task.TaskSchedulingProperties'
2026-04-03 20:53:23 DEBUG o.s.b.f.s.DefaultListableBeanFactory - Autowiring by type from bean name 'threadPoolTaskSchedulerBuilder' via factory method to bean named 'spring.task.scheduling-org.springframework.boot.autoconfigure.task.TaskSchedulingProperties'
2026-04-03 20:53:23 DEBUG o.s.b.f.s.DefaultListableBeanFactory - Creating shared instance of singleton bean 'org.springframework.boot.autoconfigure.task.TaskSchedulingConfigurations$SimpleAsyncTaskSchedulerBuilderConfiguration'
2026-04-03 20:53:23 DEBUG o.s.b.f.s.DefaultListableBeanFactory - Autowiring by type from bean name 'org.springframework.boot.autoconfigure.task.TaskSchedulingConfigurations$SimpleAsyncTaskSchedulerBuilderConfiguration' via constructor to bean named 'spring.task.scheduling-org.springframework.boot.autoconfigure.task.TaskSchedulingProperties'
2026-04-03 20:53:23 DEBUG o.s.b.f.s.DefaultListableBeanFactory - Creating shared instance of singleton bean 'simpleAsyncTaskSchedulerBuilder'
2026-04-03 20:53:23 DEBUG o.s.b.f.s.DefaultListableBeanFactory - Creating shared instance of singleton bean 'org.springframework.boot.autoconfigure.task.TaskSchedulingAutoConfiguration'
2026-04-03 20:53:23 DEBUG o.s.b.f.s.DefaultListableBeanFactory - Creating shared instance of singleton bean 'meterRegistryCloser'
2026-04-03 20:53:23 DEBUG o.s.b.f.s.DefaultListableBeanFactory - Autowiring by type from bean name 'meterRegistryCloser' via factory method to bean named 'org.springframework.boot.web.server.servlet.context.AnnotationConfigServletWebServerApplicationContext@1c59ecc9'
2026-04-03 20:53:23 DEBUG o.s.b.f.s.DefaultListableBeanFactory - Creating shared instance of singleton bean 'org.springframework.boot.micrometer.metrics.autoconfigure.CompositeMeterRegistryAutoConfiguration'
2026-04-03 20:53:23 DEBUG o.s.b.f.s.DefaultListableBeanFactory - Creating shared instance of singleton bean 'org.springframework.data.web.config.ProjectingArgumentResolverRegistrar'
2026-04-03 20:53:23 DEBUG o.s.b.f.s.DefaultListableBeanFactory - Creating shared instance of singleton bean 'offsetResolver'
2026-04-03 20:53:23 DEBUG o.s.b.f.s.DefaultListableBeanFactory - Creating shared instance of singleton bean 'org.springframework.boot.transaction.jta.autoconfigure.JtaAutoConfiguration'
2026-04-03 20:53:23 DEBUG o.s.b.f.s.DefaultListableBeanFactory - Creating shared instance of singleton bean 'org.springframework.boot.jdbc.autoconfigure.DataSourcePoolMetadataProvidersConfiguration'
2026-04-03 20:53:23 DEBUG o.s.b.f.s.DefaultListableBeanFactory - Creating shared instance of singleton bean 'org.springframework.boot.jdbc.autoconfigure.DataSourceAutoConfiguration'
2026-04-03 20:53:23 DEBUG o.s.b.f.s.DefaultListableBeanFactory - Creating shared instance of singleton bean 'org.springframework.boot.transaction.autoconfigure.TransactionManagerCustomizationAutoConfiguration'
2026-04-03 20:53:23 DEBUG o.s.b.f.s.DefaultListableBeanFactory - Creating shared instance of singleton bean 'platformTransactionManagerCustomizers'
2026-04-03 20:53:23 DEBUG o.s.b.f.s.DefaultListableBeanFactory - Creating shared instance of singleton bean 'transactionExecutionListeners'
2026-04-03 20:53:23 DEBUG o.s.b.f.s.DefaultListableBeanFactory - Creating shared instance of singleton bean 'spring.transaction-org.springframework.boot.transaction.autoconfigure.TransactionProperties'
2026-04-03 20:53:23 DEBUG o.s.b.f.s.DefaultListableBeanFactory - Creating shared instance of singleton bean 'org.springframework.boot.jpa.autoconfigure.JpaBaseConfiguration$PersistenceManagedTypesConfiguration'
2026-04-03 20:53:23 DEBUG o.s.b.f.s.DefaultListableBeanFactory - Creating shared instance of singleton bean 'transactionManager'
2026-04-03 20:53:23 DEBUG o.s.b.f.s.DefaultListableBeanFactory - Creating shared instance of singleton bean 'org.springframework.boot.hibernate.autoconfigure.HibernateJpaAutoConfiguration'
2026-04-03 20:53:23 DEBUG o.s.b.f.s.DefaultListableBeanFactory - Creating shared instance of singleton bean 'org.springframework.boot.data.jpa.autoconfigure.DataJpaRepositoriesAutoConfiguration'
2026-04-03 20:53:23 DEBUG o.s.b.f.s.DefaultListableBeanFactory - Creating shared instance of singleton bean 'eagerJpaMetamodelCacheCleanup'
2026-04-03 20:53:23 DEBUG o.s.b.f.s.DefaultListableBeanFactory - Creating shared instance of singleton bean 'org.springframework.data.jpa.util.JpaMetamodelCacheCleanup'
2026-04-03 20:53:23 DEBUG o.s.b.f.s.DefaultListableBeanFactory - Creating shared instance of singleton bean 'org.springframework.data.jpa.repository.support.JpaEvaluationContextExtension'
2026-04-03 20:53:23 DEBUG o.s.b.f.s.DefaultListableBeanFactory - Creating shared instance of singleton bean 'data-jpa.repository-aot-processor#0'
2026-04-03 20:53:23 DEBUG o.s.b.f.s.DefaultListableBeanFactory - Creating shared instance of singleton bean 'org.springframework.boot.devtools.autoconfigure.DevToolsDataSourceAutoConfiguration$DatabaseShutdownExecutorEntityManagerFactoryDependsOnConfiguration'
2026-04-03 20:53:23 DEBUG o.s.b.f.s.DefaultListableBeanFactory - Creating shared instance of singleton bean 'org.springframework.boot.devtools.autoconfigure.LocalDevToolsAutoConfiguration'
2026-04-03 20:53:23 DEBUG o.s.b.f.s.DefaultListableBeanFactory - Creating shared instance of singleton bean 'spring.devtools-org.springframework.boot.devtools.autoconfigure.DevToolsProperties'
2026-04-03 20:53:23 DEBUG o.s.b.f.s.DefaultListableBeanFactory - Creating shared instance of singleton bean 'org.springframework.boot.health.autoconfigure.application.AvailabilityHealthContributorAutoConfiguration'
2026-04-03 20:53:23 DEBUG o.s.b.f.s.DefaultListableBeanFactory - Creating shared instance of singleton bean 'healthEndpointGroupMembershipValidator'
2026-04-03 20:53:23 DEBUG o.s.b.f.s.DefaultListableBeanFactory - Autowiring by type from bean name 'healthEndpointGroupMembershipValidator' via factory method to bean named 'management.endpoint.health-org.springframework.boot.health.autoconfigure.actuate.endpoint.HealthEndpointProperties'
2026-04-03 20:53:23 DEBUG o.s.b.f.s.DefaultListableBeanFactory - Autowiring by type from bean name 'healthEndpointGroupMembershipValidator' via factory method to bean named 'healthContributorRegistry'
2026-04-03 20:53:23 DEBUG o.s.b.f.s.DefaultListableBeanFactory - Creating shared instance of singleton bean 'org.springframework.boot.health.autoconfigure.actuate.endpoint.HealthEndpointAutoConfiguration'
2026-04-03 20:53:23 DEBUG o.s.b.f.s.DefaultListableBeanFactory - Creating shared instance of singleton bean 'org.springframework.boot.http.converter.autoconfigure.JacksonHttpMessageConvertersConfiguration'
2026-04-03 20:53:23 DEBUG o.s.b.f.s.DefaultListableBeanFactory - Creating shared instance of singleton bean 'org.springframework.boot.http.converter.autoconfigure.Jackson2HttpMessageConvertersConfiguration'
2026-04-03 20:53:23 DEBUG o.s.b.f.s.DefaultListableBeanFactory - Creating shared instance of singleton bean 'clientConvertersCustomizer'
2026-04-03 20:53:23 DEBUG o.s.b.f.s.DefaultListableBeanFactory - Creating shared instance of singleton bean 'org.springframework.boot.jdbc.autoconfigure.JdbcTemplateConfiguration'
2026-04-03 20:53:23 DEBUG o.s.b.f.s.DefaultListableBeanFactory - Creating shared instance of singleton bean 'jdbcTemplate'
2026-04-03 20:53:23 DEBUG o.s.b.f.s.DefaultListableBeanFactory - Creating shared instance of singleton bean 'spring.jdbc-org.springframework.boot.jdbc.autoconfigure.JdbcProperties'
2026-04-03 20:53:23 DEBUG o.s.b.f.s.DefaultListableBeanFactory - Autowiring by type from bean name 'jdbcTemplate' via factory method to bean named 'dataSource'
2026-04-03 20:53:23 DEBUG o.s.b.f.s.DefaultListableBeanFactory - Autowiring by type from bean name 'jdbcTemplate' via factory method to bean named 'spring.jdbc-org.springframework.boot.jdbc.autoconfigure.JdbcProperties'
2026-04-03 20:53:23 DEBUG o.s.b.f.s.DefaultListableBeanFactory - Creating shared instance of singleton bean 'org.springframework.boot.jdbc.autoconfigure.NamedParameterJdbcTemplateConfiguration'
2026-04-03 20:53:23 DEBUG o.s.b.f.s.DefaultListableBeanFactory - Creating shared instance of singleton bean 'namedParameterJdbcTemplate'
2026-04-03 20:53:23 DEBUG o.s.b.f.s.DefaultListableBeanFactory - Autowiring by type from bean name 'namedParameterJdbcTemplate' via factory method to bean named 'jdbcTemplate'
2026-04-03 20:53:23 DEBUG o.s.b.f.s.DefaultListableBeanFactory - Creating shared instance of singleton bean 'org.springframework.boot.jdbc.autoconfigure.JdbcTemplateAutoConfiguration'
2026-04-03 20:53:23 DEBUG o.s.b.f.s.DefaultListableBeanFactory - Creating shared instance of singleton bean 'org.springframework.boot.jdbc.autoconfigure.JdbcClientAutoConfiguration'
2026-04-03 20:53:23 DEBUG o.s.b.f.s.DefaultListableBeanFactory - Creating shared instance of singleton bean 'jdbcClient'
2026-04-03 20:53:23 DEBUG o.s.b.f.s.DefaultListableBeanFactory - Autowiring by type from bean name 'jdbcClient' via factory method to bean named 'namedParameterJdbcTemplate'
2026-04-03 20:53:23 DEBUG o.s.b.f.s.DefaultListableBeanFactory - Creating shared instance of singleton bean 'org.springframework.boot.jdbc.autoconfigure.metrics.DataSourcePoolMetricsAutoConfiguration$HikariDataSourceMetricsConfiguration'
2026-04-03 20:53:23 DEBUG o.s.b.f.s.DefaultListableBeanFactory - Creating shared instance of singleton bean 'hikariDataSourceMeterBinder'
2026-04-03 20:53:23 DEBUG o.s.b.f.s.DefaultListableBeanFactory - Creating shared instance of singleton bean 'org.springframework.boot.jdbc.autoconfigure.metrics.DataSourcePoolMetricsAutoConfiguration$DataSourcePoolMetadataMetricsConfiguration'
2026-04-03 20:53:23 DEBUG o.s.b.f.s.DefaultListableBeanFactory - Creating shared instance of singleton bean 'dataSourcePoolMetadataMeterBinder'
2026-04-03 20:53:23 DEBUG o.s.b.f.s.DefaultListableBeanFactory - Autowiring by type from bean name 'dataSourcePoolMetadataMeterBinder' via factory method to bean named 'org.springframework.beans.factory.support.DefaultListableBeanFactory@63aff77e'
2026-04-03 20:53:23 DEBUG o.s.b.f.s.DefaultListableBeanFactory - Creating shared instance of singleton bean 'org.springframework.boot.jdbc.autoconfigure.metrics.DataSourcePoolMetricsAutoConfiguration'
2026-04-03 20:53:23 DEBUG o.s.b.f.s.DefaultListableBeanFactory - Creating shared instance of singleton bean 'spelValueExpressionResolver'
2026-04-03 20:53:23 DEBUG o.s.b.f.s.DefaultListableBeanFactory - Creating shared instance of singleton bean 'org.springframework.boot.micrometer.metrics.autoconfigure.jvm.JvmMetricsAutoConfiguration'
2026-04-03 20:53:23 DEBUG o.s.b.f.s.DefaultListableBeanFactory - Creating shared instance of singleton bean 'jvmGcMetrics'
2026-04-03 20:53:23 DEBUG o.s.b.f.s.DefaultListableBeanFactory - Creating shared instance of singleton bean 'jvmHeapPressureMetrics'
2026-04-03 20:53:23 DEBUG o.s.b.f.s.DefaultListableBeanFactory - Creating shared instance of singleton bean 'jvmMemoryMetrics'
2026-04-03 20:53:23 DEBUG o.s.b.f.s.DefaultListableBeanFactory - Creating shared instance of singleton bean 'jvmThreadMetrics'
2026-04-03 20:53:23 DEBUG o.s.b.f.s.DefaultListableBeanFactory - Creating shared instance of singleton bean 'classLoaderMetrics'
2026-04-03 20:53:23 DEBUG o.s.b.f.s.DefaultListableBeanFactory - Creating shared instance of singleton bean 'jvmInfoMetrics'
2026-04-03 20:53:23 DEBUG o.s.b.f.s.DefaultListableBeanFactory - Creating shared instance of singleton bean 'jvmCompilationMetrics'
2026-04-03 20:53:23 DEBUG o.s.b.f.s.DefaultListableBeanFactory - Creating shared instance of singleton bean 'org.springframework.boot.micrometer.metrics.autoconfigure.logging.logback.LogbackMetricsAutoConfiguration'
2026-04-03 20:53:23 DEBUG o.s.b.f.s.DefaultListableBeanFactory - Creating shared instance of singleton bean 'logbackMetrics'
2026-04-03 20:53:23 DEBUG o.s.b.f.s.DefaultListableBeanFactory - Creating shared instance of singleton bean 'org.springframework.boot.micrometer.metrics.autoconfigure.ssl.SslMetricsAutoConfiguration'
2026-04-03 20:53:23 DEBUG o.s.b.f.s.DefaultListableBeanFactory - Creating shared instance of singleton bean 'sslMeterBinder'
2026-04-03 20:53:23 DEBUG o.s.b.f.s.DefaultListableBeanFactory - Autowiring by type from bean name 'sslMeterBinder' via factory method to bean named 'sslBundleRegistry'
2026-04-03 20:53:23 DEBUG o.s.b.f.s.DefaultListableBeanFactory - Creating shared instance of singleton bean 'org.springframework.boot.micrometer.metrics.autoconfigure.startup.StartupTimeMetricsListenerAutoConfiguration'
2026-04-03 20:53:23 DEBUG o.s.b.f.s.DefaultListableBeanFactory - Creating shared instance of singleton bean 'startupTimeMetrics'
2026-04-03 20:53:23 DEBUG o.s.b.f.s.DefaultListableBeanFactory - Autowiring by type from bean name 'startupTimeMetrics' via factory method to bean named 'simpleMeterRegistry'
2026-04-03 20:53:23 DEBUG o.s.b.f.s.DefaultListableBeanFactory - Creating shared instance of singleton bean 'org.springframework.boot.micrometer.metrics.autoconfigure.system.SystemMetricsAutoConfiguration'
2026-04-03 20:53:23 DEBUG o.s.b.f.s.DefaultListableBeanFactory - Creating shared instance of singleton bean 'uptimeMetrics'
2026-04-03 20:53:23 DEBUG o.s.b.f.s.DefaultListableBeanFactory - Creating shared instance of singleton bean 'processorMetrics'
2026-04-03 20:53:23 DEBUG o.s.b.f.s.DefaultListableBeanFactory - Creating shared instance of singleton bean 'fileDescriptorMetrics'
2026-04-03 20:53:23 DEBUG o.s.b.f.s.DefaultListableBeanFactory - Creating shared instance of singleton bean 'diskSpaceMetrics'
2026-04-03 20:53:23 DEBUG o.s.b.f.s.DefaultListableBeanFactory - Autowiring by type from bean name 'diskSpaceMetrics' via factory method to bean named 'management.metrics-org.springframework.boot.micrometer.metrics.autoconfigure.MetricsProperties'
2026-04-03 20:53:23 DEBUG o.s.b.f.s.DefaultListableBeanFactory - Creating shared instance of singleton bean 'org.springframework.boot.micrometer.metrics.autoconfigure.task.TaskExecutorMetricsAutoConfiguration'
2026-04-03 20:53:23 DEBUG o.s.b.f.s.DefaultListableBeanFactory - Creating shared instance of singleton bean 'eagerTaskExecutorMetrics'
2026-04-03 20:53:23 DEBUG o.s.b.f.s.DefaultListableBeanFactory - Creating shared instance of singleton bean 'org.springframework.boot.micrometer.observation.autoconfigure.ScheduledTasksObservationAutoConfiguration'
2026-04-03 20:53:23 DEBUG o.s.b.f.s.DefaultListableBeanFactory - Creating shared instance of singleton bean 'observabilitySchedulingConfigurer'
2026-04-03 20:53:23 DEBUG o.s.b.f.s.DefaultListableBeanFactory - Autowiring by type from bean name 'observabilitySchedulingConfigurer' via factory method to bean named 'observationRegistry'
2026-04-03 20:53:23 DEBUG o.s.b.f.s.DefaultListableBeanFactory - Creating shared instance of singleton bean 'org.springframework.boot.persistence.autoconfigure.PersistenceExceptionTranslationAutoConfiguration'
2026-04-03 20:53:23 DEBUG o.s.b.f.s.DefaultListableBeanFactory - Creating shared instance of singleton bean 'multipartResolver'
2026-04-03 20:53:23 DEBUG o.s.b.f.s.DefaultListableBeanFactory - Creating shared instance of singleton bean 'org.springframework.boot.servlet.autoconfigure.actuate.web.ServletManagementContextAutoConfiguration'
2026-04-03 20:53:23 DEBUG o.s.b.f.s.DefaultListableBeanFactory - Creating shared instance of singleton bean 'managementServletContext'
2026-04-03 20:53:23 DEBUG o.s.b.f.s.DefaultListableBeanFactory - Autowiring by type from bean name 'managementServletContext' via factory method to bean named 'management.endpoints.web-org.springframework.boot.actuate.autoconfigure.endpoint.web.WebEndpointProperties'
2026-04-03 20:53:23 DEBUG o.s.b.f.s.DefaultListableBeanFactory - Creating shared instance of singleton bean 'org.springframework.boot.tomcat.autoconfigure.metrics.TomcatMetricsAutoConfiguration'
2026-04-03 20:53:23 DEBUG o.s.b.f.s.DefaultListableBeanFactory - Creating shared instance of singleton bean 'tomcatMetricsBinder'
2026-04-03 20:53:23 DEBUG o.s.b.f.s.DefaultListableBeanFactory - Autowiring by type from bean name 'tomcatMetricsBinder' via factory method to bean named 'simpleMeterRegistry'
2026-04-03 20:53:23 DEBUG o.s.b.f.s.DefaultListableBeanFactory - Creating shared instance of singleton bean 'org.springframework.boot.jdbc.autoconfigure.DataSourceTransactionManagerAutoConfiguration$JdbcTransactionManagerConfiguration'
2026-04-03 20:53:23 DEBUG o.s.b.f.s.DefaultListableBeanFactory - Creating shared instance of singleton bean 'org.springframework.boot.jdbc.autoconfigure.DataSourceTransactionManagerAutoConfiguration'
2026-04-03 20:53:23 DEBUG o.s.b.f.s.DefaultListableBeanFactory - Creating shared instance of singleton bean 'org.springframework.boot.transaction.autoconfigure.TransactionAutoConfiguration$EnableTransactionManagementConfiguration$CglibAutoProxyConfiguration'
2026-04-03 20:53:23 DEBUG o.s.b.f.s.DefaultListableBeanFactory - Creating shared instance of singleton bean 'org.springframework.boot.transaction.autoconfigure.TransactionAutoConfiguration$EnableTransactionManagementConfiguration'
2026-04-03 20:53:23 DEBUG o.s.b.f.s.DefaultListableBeanFactory - Creating shared instance of singleton bean 'org.springframework.boot.transaction.autoconfigure.TransactionAutoConfiguration$TransactionTemplateConfiguration'
2026-04-03 20:53:23 DEBUG o.s.b.f.s.DefaultListableBeanFactory - Creating shared instance of singleton bean 'transactionTemplate'
2026-04-03 20:53:23 DEBUG o.s.b.f.s.DefaultListableBeanFactory - Autowiring by type from bean name 'transactionTemplate' via factory method to bean named 'transactionManager'
2026-04-03 20:53:23 DEBUG o.s.b.f.s.DefaultListableBeanFactory - Creating shared instance of singleton bean 'org.springframework.boot.transaction.autoconfigure.TransactionAutoConfiguration'
2026-04-03 20:53:23 DEBUG o.s.b.f.s.DefaultListableBeanFactory - Creating shared instance of singleton bean 'org.springframework.boot.webmvc.autoconfigure.actuate.endpoint.web.WebMvcHealthEndpointExtensionAutoConfiguration'
2026-04-03 20:53:23 DEBUG o.s.b.f.s.DefaultListableBeanFactory - Creating shared instance of singleton bean 'healthEndpointWebMvcHandlerMapping'
2026-04-03 20:53:23 DEBUG o.s.b.f.s.DefaultListableBeanFactory - Autowiring by type from bean name 'healthEndpointWebMvcHandlerMapping' via factory method to bean named 'webEndpointDiscoverer'
2026-04-03 20:53:23 DEBUG o.s.b.f.s.DefaultListableBeanFactory - Autowiring by type from bean name 'healthEndpointWebMvcHandlerMapping' via factory method to bean named 'healthEndpointGroups'
2026-04-03 20:53:23 DEBUG o.s.b.f.s.DefaultListableBeanFactory - Creating shared instance of singleton bean 'webEndpointServletHandlerMapping'
2026-04-03 20:53:23 DEBUG o.s.b.f.s.DefaultListableBeanFactory - Creating shared instance of singleton bean 'management.endpoints.web.cors-org.springframework.boot.actuate.autoconfigure.endpoint.web.CorsEndpointProperties'
2026-04-03 20:53:23 DEBUG o.s.b.f.s.DefaultListableBeanFactory - Autowiring by type from bean name 'webEndpointServletHandlerMapping' via factory method to bean named 'webEndpointDiscoverer'
2026-04-03 20:53:23 DEBUG o.s.b.f.s.DefaultListableBeanFactory - Autowiring by type from bean name 'webEndpointServletHandlerMapping' via factory method to bean named 'servletEndpointDiscoverer'
2026-04-03 20:53:23 DEBUG o.s.b.f.s.DefaultListableBeanFactory - Autowiring by type from bean name 'webEndpointServletHandlerMapping' via factory method to bean named 'controllerEndpointDiscoverer'
2026-04-03 20:53:23 DEBUG o.s.b.f.s.DefaultListableBeanFactory - Autowiring by type from bean name 'webEndpointServletHandlerMapping' via factory method to bean named 'endpointMediaTypes'
2026-04-03 20:53:23 DEBUG o.s.b.f.s.DefaultListableBeanFactory - Autowiring by type from bean name 'webEndpointServletHandlerMapping' via factory method to bean named 'management.endpoints.web.cors-org.springframework.boot.actuate.autoconfigure.endpoint.web.CorsEndpointProperties'
2026-04-03 20:53:23 DEBUG o.s.b.f.s.DefaultListableBeanFactory - Autowiring by type from bean name 'webEndpointServletHandlerMapping' via factory method to bean named 'management.endpoints.web-org.springframework.boot.actuate.autoconfigure.endpoint.web.WebEndpointProperties'
2026-04-03 20:53:23 DEBUG o.s.b.f.s.DefaultListableBeanFactory - Autowiring by type from bean name 'webEndpointServletHandlerMapping' via factory method to bean named 'environment'
2026-04-03 20:53:23 INFO  o.s.b.a.e.w.EndpointLinksResolver - Exposing 13 endpoints beneath base path '/actuator'
2026-04-03 20:53:23 DEBUG o.s.b.f.s.DefaultListableBeanFactory - Creating shared instance of singleton bean 'controllerEndpointHandlerMapping'
2026-04-03 20:53:23 DEBUG o.s.b.f.s.DefaultListableBeanFactory - Autowiring by type from bean name 'controllerEndpointHandlerMapping' via factory method to bean named 'controllerEndpointDiscoverer'
2026-04-03 20:53:23 DEBUG o.s.b.f.s.DefaultListableBeanFactory - Autowiring by type from bean name 'controllerEndpointHandlerMapping' via factory method to bean named 'management.endpoints.web.cors-org.springframework.boot.actuate.autoconfigure.endpoint.web.CorsEndpointProperties'
2026-04-03 20:53:23 DEBUG o.s.b.f.s.DefaultListableBeanFactory - Autowiring by type from bean name 'controllerEndpointHandlerMapping' via factory method to bean named 'management.endpoints.web-org.springframework.boot.actuate.autoconfigure.endpoint.web.WebEndpointProperties'
2026-04-03 20:53:23 DEBUG o.s.b.f.s.DefaultListableBeanFactory - Autowiring by type from bean name 'controllerEndpointHandlerMapping' via factory method to bean named 'propertiesEndpointAccessResolver'
2026-04-03 20:53:23 DEBUG o.s.b.f.s.DefaultListableBeanFactory - Creating shared instance of singleton bean 'org.springframework.boot.actuate.autoconfigure.web.server.ManagementContextAutoConfiguration$SameManagementContextConfiguration$EnableSameManagementContextConfiguration'
2026-04-03 20:53:23 DEBUG o.s.b.f.s.DefaultListableBeanFactory - Creating shared instance of singleton bean 'org.springframework.boot.actuate.autoconfigure.web.server.ManagementContextAutoConfiguration$SameManagementContextConfiguration'
2026-04-03 20:53:23 DEBUG o.s.b.f.s.DefaultListableBeanFactory - Autowiring by type from bean name 'org.springframework.boot.actuate.autoconfigure.web.server.ManagementContextAutoConfiguration$SameManagementContextConfiguration' via constructor to bean named 'environment'
2026-04-03 20:53:23 DEBUG o.s.b.f.s.DefaultListableBeanFactory - Creating shared instance of singleton bean 'org.springframework.boot.actuate.autoconfigure.web.server.ManagementContextAutoConfiguration'
2026-04-03 20:53:23 DEBUG o.s.c.s.DefaultLifecycleProcessor - Starting beans in phase -2147483647
2026-04-03 20:53:23 DEBUG o.s.c.s.DefaultLifecycleProcessor - Successfully started bean 'springBootLoggingLifecycle'
2026-04-03 20:53:23 DEBUG o.s.c.s.DefaultLifecycleProcessor - Starting beans in phase 1073741823
2026-04-03 20:53:23 DEBUG o.s.c.s.DefaultLifecycleProcessor - Starting beans in phase 2147481599
2026-04-03 20:53:23 INFO  o.a.c.h.Http11NioProtocol - Starting ProtocolHandler ["http-nio-9000"]
2026-04-03 20:53:23 INFO  o.s.b.t.TomcatWebServer - Tomcat started on port 9000 (http) with context path '/'
2026-04-03 20:53:23 DEBUG o.s.c.s.DefaultLifecycleProcessor - Successfully started bean 'webServerStartStop'
2026-04-03 20:53:23 DEBUG o.s.c.s.DefaultLifecycleProcessor - Starting beans in phase 2147482623
2026-04-03 20:53:23 DEBUG o.s.c.s.DefaultLifecycleProcessor - Successfully started bean 'webServerGracefulShutdown'
2026-04-03 20:53:23 DEBUG o.s.b.a.l.ConditionEvaluationReportLogger - 


============================
CONDITIONS EVALUATION REPORT
============================


Positive matches:
-----------------

   AopAutoConfiguration matched:
      - @ConditionalOnBooleanProperty (spring.aop.auto=true) matched (OnPropertyCondition)

   AopAutoConfiguration.AspectJAutoProxyingConfiguration matched:
      - @ConditionalOnClass found required class 'org.aspectj.weaver.Advice' (OnClassCondition)

   AopAutoConfiguration.AspectJAutoProxyingConfiguration.CglibAutoProxyConfiguration matched:
      - @ConditionalOnBooleanProperty (spring.aop.proxy-target-class=true) matched (OnPropertyCondition)

   ApplicationAvailabilityAutoConfiguration#applicationAvailability matched:
      - @ConditionalOnMissingBean (types: org.springframework.boot.availability.ApplicationAvailability; SearchStrategy: all) did not find any beans (OnBeanCondition)

   AuditEventsEndpointAutoConfiguration matched:
      - @ConditionalOnAvailableEndpoint marked as exposed by a 'management.endpoints.web.exposure' property (OnAvailableEndpointCondition)

   AvailabilityHealthContributorAutoConfiguration matched:
      - @ConditionalOnClass found required class 'org.springframework.boot.health.contributor.Health' (OnClassCondition)

   AvailabilityProbesAutoConfiguration matched:
      - @ConditionalOnClass found required class 'org.springframework.boot.actuate.endpoint.annotation.Endpoint' (OnClassCondition)
      - @ConditionalOnBooleanProperty (management.endpoint.health.probes.enabled=true) matched (OnPropertyCondition)

   AvailabilityProbesAutoConfiguration#livenessStateHealthIndicator matched:
      - @ConditionalOnMissingBean (names: livenessStateHealthIndicator; SearchStrategy: all) did not find any beans (OnBeanCondition)

   AvailabilityProbesAutoConfiguration#readinessStateHealthIndicator matched:
      - @ConditionalOnMissingBean (names: readinessStateHealthIndicator; SearchStrategy: all) did not find any beans (OnBeanCondition)

   BeansEndpointAutoConfiguration matched:
      - @ConditionalOnAvailableEndpoint marked as exposed by a 'management.endpoints.web.exposure' property (OnAvailableEndpointCondition)

   BeansEndpointAutoConfiguration#beansEndpoint matched:
      - @ConditionalOnMissingBean (types: org.springframework.boot.actuate.beans.BeansEndpoint; SearchStrategy: all) did not find any beans (OnBeanCondition)

   CompositeMeterRegistryAutoConfiguration matched:
      - @ConditionalOnClass found required class 'io.micrometer.core.instrument.composite.CompositeMeterRegistry' (OnClassCondition)

   ConditionsReportEndpointAutoConfiguration matched:
      - @ConditionalOnAvailableEndpoint marked as exposed by a 'management.endpoints.web.exposure' property (OnAvailableEndpointCondition)

   ConditionsReportEndpointAutoConfiguration#conditionsReportEndpoint matched:
      - @ConditionalOnMissingBean (types: org.springframework.boot.actuate.autoconfigure.condition.ConditionsReportEndpoint; SearchStrategy: current) did not find any beans (OnBeanCondition)

   ConfigurationPropertiesReportEndpointAutoConfiguration matched:
      - @ConditionalOnAvailableEndpoint marked as exposed by a 'management.endpoints.web.exposure' property (OnAvailableEndpointCondition)

   ConfigurationPropertiesReportEndpointAutoConfiguration#configurationPropertiesReportEndpoint matched:
      - @ConditionalOnMissingBean (types: org.springframework.boot.actuate.context.properties.ConfigurationPropertiesReportEndpoint; SearchStrategy: all) did not find any beans (OnBeanCondition)

   ConfigurationPropertiesReportEndpointAutoConfiguration#configurationPropertiesReportEndpointWebExtension matched:
      - @ConditionalOnBean (types: org.springframework.boot.actuate.context.properties.ConfigurationPropertiesReportEndpoint; SearchStrategy: all) found bean 'configurationPropertiesReportEndpoint'; @ConditionalOnMissingBean (types: org.springframework.boot.actuate.context.properties.ConfigurationPropertiesReportEndpointWebExtension; SearchStrategy: all) did not find any beans (OnBeanCondition)
      - @ConditionalOnAvailableEndpoint marked as exposed by a 'management.endpoints.web.exposure' property (OnAvailableEndpointCondition)

   DataJpaRepositoriesAutoConfiguration matched:
      - @ConditionalOnClass found required class 'org.springframework.data.jpa.repository.JpaRepository' (OnClassCondition)
      - @ConditionalOnBooleanProperty (spring.data.jpa.repositories.enabled=true) matched (OnPropertyCondition)
      - @ConditionalOnBean (types: javax.sql.DataSource; SearchStrategy: all) found bean 'dataSource'; @ConditionalOnMissingBean (types: org.springframework.data.jpa.repository.support.JpaRepositoryFactoryBean,org.springframework.data.jpa.repository.config.JpaRepositoryConfigExtension; SearchStrategy: all) did not find any beans (OnBeanCondition)

   DataRepositoryMetricsAutoConfiguration matched:
      - @ConditionalOnClass found required class 'org.springframework.data.repository.Repository' (OnClassCondition)
      - @ConditionalOnBean (types: io.micrometer.core.instrument.MeterRegistry; SearchStrategy: all) found bean 'simpleMeterRegistry' (OnBeanCondition)

   DataRepositoryMetricsAutoConfiguration#metricsRepositoryMethodInvocationListener matched:
      - @ConditionalOnMissingBean (types: org.springframework.boot.data.metrics.MetricsRepositoryMethodInvocationListener; SearchStrategy: all) did not find any beans (OnBeanCondition)

   DataRepositoryMetricsAutoConfiguration#repositoryTagsProvider matched:
      - @ConditionalOnMissingBean (types: org.springframework.boot.data.metrics.RepositoryTagsProvider; SearchStrategy: all) did not find any beans (OnBeanCondition)

   DataSourceAutoConfiguration matched:
      - @ConditionalOnClass found required classes 'javax.sql.DataSource', 'org.springframework.jdbc.datasource.embedded.EmbeddedDatabaseType' (OnClassCondition)
      - @ConditionalOnMissingBean (types: io.r2dbc.spi.ConnectionFactory; SearchStrategy: all) did not find any beans (OnBeanCondition)

   DataSourceAutoConfiguration.PooledDataSourceConfiguration matched:
      - AnyNestedCondition 1 matched 1 did not; NestedCondition on DataSourceAutoConfiguration.PooledDataSourceCondition.PooledDataSourceAvailable PooledDataSource found supported DataSource; NestedCondition on DataSourceAutoConfiguration.PooledDataSourceCondition.ExplicitType @ConditionalOnProperty (spring.datasource.type) did not find property 'spring.datasource.type' (DataSourceAutoConfiguration.PooledDataSourceCondition)
      - @ConditionalOnMissingBean (types: javax.sql.DataSource,javax.sql.XADataSource; SearchStrategy: all) did not find any beans (OnBeanCondition)

   DataSourceAutoConfiguration.PooledDataSourceConfiguration#jdbcConnectionDetails matched:
      - @ConditionalOnMissingBean (types: org.springframework.boot.jdbc.autoconfigure.JdbcConnectionDetails; SearchStrategy: all) did not find any beans (OnBeanCondition)

   DataSourceConfiguration.Hikari matched:
      - @ConditionalOnClass found required class 'com.zaxxer.hikari.HikariDataSource' (OnClassCondition)
      - @ConditionalOnProperty (spring.datasource.type=com.zaxxer.hikari.HikariDataSource) matched (OnPropertyCondition)
      - @ConditionalOnMissingBean (types: javax.sql.DataSource; SearchStrategy: all) did not find any beans (OnBeanCondition)

   DataSourceHealthContributorAutoConfiguration matched:
      - @ConditionalOnClass found required classes 'org.springframework.jdbc.core.JdbcTemplate', 'org.springframework.jdbc.datasource.lookup.AbstractRoutingDataSource', 'org.springframework.boot.health.autoconfigure.contributor.ConditionalOnEnabledHealthIndicator' (OnClassCondition)
      - @ConditionalOnEnabledHealthIndicator management.health.defaults.enabled is considered true (OnEnabledHealthIndicatorCondition)
      - @ConditionalOnBean (types: javax.sql.DataSource; SearchStrategy: all) found bean 'dataSource' (OnBeanCondition)

   DataSourceHealthContributorAutoConfiguration#dbHealthContributor matched:
      - @ConditionalOnMissingBean (names: dbHealthIndicator,dbHealthContributor; SearchStrategy: all) did not find any beans (OnBeanCondition)

   DataSourceInitializationAutoConfiguration matched:
      - @ConditionalOnClass found required class 'org.springframework.jdbc.datasource.init.DatabasePopulator' (OnClassCondition)
      - SQL InitializationDatabase Initialization default value is EMBEDDED (OnSqlInitializationCondition)
      - @ConditionalOnSingleCandidate (types: javax.sql.DataSource; SearchStrategy: all) found a single bean 'dataSource'; @ConditionalOnMissingBean (types: org.springframework.boot.sql.autoconfigure.init.ApplicationScriptDatabaseInitializer; SearchStrategy: all) did not find any beans (OnBeanCondition)

   DataSourcePoolMetadataProvidersConfiguration.HikariPoolDataSourceMetadataProviderConfiguration matched:
      - @ConditionalOnClass found required class 'com.zaxxer.hikari.HikariDataSource' (OnClassCondition)

   DataSourcePoolMetricsAutoConfiguration matched:
      - @ConditionalOnClass found required classes 'javax.sql.DataSource', 'io.micrometer.core.instrument.MeterRegistry' (OnClassCondition)
      - @ConditionalOnBean (types: javax.sql.DataSource,io.micrometer.core.instrument.MeterRegistry; SearchStrategy: all) found beans 'simpleMeterRegistry', 'dataSource' (OnBeanCondition)

   DataSourcePoolMetricsAutoConfiguration.DataSourcePoolMetadataMetricsConfiguration matched:
      - @ConditionalOnBean (types: org.springframework.boot.jdbc.metadata.DataSourcePoolMetadataProvider; SearchStrategy: all) found bean 'hikariPoolDataSourceMetadataProvider' (OnBeanCondition)

   DataSourcePoolMetricsAutoConfiguration.HikariDataSourceMetricsConfiguration matched:
      - @ConditionalOnClass found required class 'com.zaxxer.hikari.HikariDataSource' (OnClassCondition)

   DataSourceTransactionManagerAutoConfiguration matched:
      - @ConditionalOnClass found required classes 'javax.sql.DataSource', 'org.springframework.jdbc.core.JdbcTemplate', 'org.springframework.transaction.TransactionManager' (OnClassCondition)

   DataSourceTransactionManagerAutoConfiguration.JdbcTransactionManagerConfiguration matched:
      - @ConditionalOnSingleCandidate (types: javax.sql.DataSource; SearchStrategy: all) found a single bean 'dataSource' (OnBeanCondition)

   DataWebAutoConfiguration matched:
      - @ConditionalOnClass found required classes 'org.springframework.data.web.PageableHandlerMethodArgumentResolver', 'org.springframework.web.servlet.config.annotation.WebMvcConfigurer' (OnClassCondition)
      - found 'session' scope (OnWebApplicationCondition)
      - @ConditionalOnMissingBean (types: org.springframework.data.web.PageableHandlerMethodArgumentResolver; SearchStrategy: all) did not find any beans (OnBeanCondition)

   DataWebAutoConfiguration#pageableCustomizer matched:
      - @ConditionalOnMissingBean (types: org.springframework.data.web.config.PageableHandlerMethodArgumentResolverCustomizer; SearchStrategy: all) did not find any beans (OnBeanCondition)

   DataWebAutoConfiguration#sortCustomizer matched:
      - @ConditionalOnMissingBean (types: org.springframework.data.web.config.SortHandlerMethodArgumentResolverCustomizer; SearchStrategy: all) did not find any beans (OnBeanCondition)

   DataWebAutoConfiguration#springDataWebSettings matched:
      - @ConditionalOnMissingBean (types: org.springframework.data.web.config.SpringDataWebSettings; SearchStrategy: all) did not find any beans (OnBeanCondition)

   DevToolsDataSourceAutoConfiguration matched:
      - @ConditionalOnClass found required class 'javax.sql.DataSource' (OnClassCondition)
      - Devtools devtools enabled. (OnEnabledDevToolsCondition)
      - DevTools DataSource Condition found auto-configured DataSource (DevToolsDataSourceAutoConfiguration.DevToolsDataSourceCondition)

   DevToolsDataSourceAutoConfiguration.DatabaseShutdownExecutorEntityManagerFactoryDependsOnConfiguration matched:
      - @ConditionalOnClass found required classes 'org.springframework.boot.jpa.autoconfigure.EntityManagerFactoryDependsOnPostProcessor', 'org.springframework.orm.jpa.LocalContainerEntityManagerFactoryBean' (OnClassCondition)
      - @ConditionalOnBean (types: org.springframework.orm.jpa.AbstractEntityManagerFactoryBean; SearchStrategy: all) found bean '&entityManagerFactory' (OnBeanCondition)

   DiskSpaceHealthContributorAutoConfiguration matched:
      - @ConditionalOnClass found required class 'org.springframework.boot.health.contributor.Health' (OnClassCondition)
      - @ConditionalOnEnabledHealthIndicator management.health.defaults.enabled is considered true (OnEnabledHealthIndicatorCondition)

   DiskSpaceHealthContributorAutoConfiguration#diskSpaceHealthIndicator matched:
      - @ConditionalOnMissingBean (names: diskSpaceHealthIndicator; SearchStrategy: all) did not find any beans (OnBeanCondition)

   DispatcherServletAutoConfiguration matched:
      - @ConditionalOnClass found required class 'org.springframework.web.servlet.DispatcherServlet' (OnClassCondition)
      - found 'session' scope (OnWebApplicationCondition)

   DispatcherServletAutoConfiguration.DispatcherServletConfiguration matched:
      - @ConditionalOnClass found required class 'jakarta.servlet.ServletRegistration' (OnClassCondition)
      - Default DispatcherServlet did not find dispatcher servlet beans (DispatcherServletAutoConfiguration.DefaultDispatcherServletCondition)

   DispatcherServletAutoConfiguration.DispatcherServletRegistrationConfiguration matched:
      - @ConditionalOnClass found required class 'jakarta.servlet.ServletRegistration' (OnClassCondition)
      - DispatcherServlet Registration did not find servlet registration bean (DispatcherServletAutoConfiguration.DispatcherServletRegistrationCondition)

   DispatcherServletAutoConfiguration.DispatcherServletRegistrationConfiguration#dispatcherServletRegistration matched:
      - @ConditionalOnBean (names: dispatcherServlet types: org.springframework.web.servlet.DispatcherServlet; SearchStrategy: all) found bean 'dispatcherServlet' (OnBeanCondition)

   EndpointAutoConfiguration#endpointCachingOperationInvokerAdvisor matched:
      - @ConditionalOnMissingBean (types: org.springframework.boot.actuate.endpoint.invoker.cache.CachingOperationInvokerAdvisor; SearchStrategy: all) did not find any beans (OnBeanCondition)

   EndpointAutoConfiguration#endpointOperationParameterMapper matched:
      - @ConditionalOnMissingBean (types: org.springframework.boot.actuate.endpoint.invoke.ParameterValueMapper; SearchStrategy: all) did not find any beans (OnBeanCondition)

   EndpointAutoConfiguration#propertiesEndpointAccessResolver matched:
      - @ConditionalOnMissingBean (types: org.springframework.boot.actuate.endpoint.EndpointAccessResolver; SearchStrategy: all) did not find any beans (OnBeanCondition)

   EnvironmentEndpointAutoConfiguration matched:
      - @ConditionalOnAvailableEndpoint marked as exposed by a 'management.endpoints.web.exposure' property (OnAvailableEndpointCondition)

   EnvironmentEndpointAutoConfiguration#environmentEndpoint matched:
      - @ConditionalOnMissingBean (types: org.springframework.boot.actuate.env.EnvironmentEndpoint; SearchStrategy: all) did not find any beans (OnBeanCondition)

   EnvironmentEndpointAutoConfiguration#environmentEndpointWebExtension matched:
      - @ConditionalOnBean (types: org.springframework.boot.actuate.env.EnvironmentEndpoint; SearchStrategy: all) found bean 'environmentEndpoint'; @ConditionalOnMissingBean (types: org.springframework.boot.actuate.env.EnvironmentEndpointWebExtension; SearchStrategy: all) did not find any beans (OnBeanCondition)
      - @ConditionalOnAvailableEndpoint marked as exposed by a 'management.endpoints.web.exposure' property (OnAvailableEndpointCondition)

   ErrorMvcAutoConfiguration matched:
      - @ConditionalOnClass found required classes 'jakarta.servlet.Servlet', 'org.springframework.web.servlet.DispatcherServlet' (OnClassCondition)
      - found 'session' scope (OnWebApplicationCondition)

   ErrorMvcAutoConfiguration#basicErrorController matched:
      - @ConditionalOnMissingBean (types: org.springframework.boot.webmvc.error.ErrorController; SearchStrategy: current) did not find any beans (OnBeanCondition)

   ErrorMvcAutoConfiguration#errorAttributes matched:
      - @ConditionalOnMissingBean (types: org.springframework.boot.webmvc.error.ErrorAttributes; SearchStrategy: current) did not find any beans (OnBeanCondition)

   ErrorMvcAutoConfiguration.DefaultErrorViewResolverConfiguration#conventionErrorViewResolver matched:
      - @ConditionalOnBean (types: org.springframework.web.servlet.DispatcherServlet; SearchStrategy: all) found bean 'dispatcherServlet'; @ConditionalOnMissingBean (types: org.springframework.boot.webmvc.autoconfigure.error.ErrorViewResolver; SearchStrategy: all) did not find any beans (OnBeanCondition)

   ErrorMvcAutoConfiguration.WhitelabelErrorViewConfiguration matched:
      - @ConditionalOnBooleanProperty (spring.web.error.whitelabel.enabled=true) matched (OnPropertyCondition)
      - ErrorTemplate Missing did not find error template view (ErrorMvcAutoConfiguration.ErrorTemplateMissingCondition)

   ErrorMvcAutoConfiguration.WhitelabelErrorViewConfiguration#beanNameViewResolver matched:
      - @ConditionalOnMissingBean (types: org.springframework.web.servlet.view.BeanNameViewResolver; SearchStrategy: all) did not find any beans (OnBeanCondition)

   ErrorMvcAutoConfiguration.WhitelabelErrorViewConfiguration#defaultErrorView matched:
      - @ConditionalOnMissingBean (names: error; SearchStrategy: all) did not find any beans (OnBeanCondition)

   HealthContributorAutoConfiguration#pingHealthContributor matched:
      - @ConditionalOnEnabledHealthIndicator management.health.defaults.enabled is considered true (OnEnabledHealthIndicatorCondition)

   HealthContributorRegistryAutoConfiguration#healthContributorRegistry matched:
      - @ConditionalOnMissingBean (types: org.springframework.boot.health.registry.HealthContributorRegistry; SearchStrategy: all) did not find any beans (OnBeanCondition)

   HealthEndpointAutoConfiguration matched:
      - @ConditionalOnClass found required class 'org.springframework.boot.actuate.endpoint.annotation.Endpoint' (OnClassCondition)
      - @ConditionalOnAvailableEndpoint marked as exposed by a 'management.endpoints.web.exposure' property (OnAvailableEndpointCondition)
      - @ConditionalOnBean (types: org.springframework.boot.health.registry.HealthContributorRegistry; SearchStrategy: all) found bean 'healthContributorRegistry' (OnBeanCondition)

   HealthEndpointConfiguration#healthEndpoint matched:
      - @ConditionalOnMissingBean (types: org.springframework.boot.health.actuate.endpoint.HealthEndpoint; SearchStrategy: all) did not find any beans (OnBeanCondition)

   HealthEndpointConfiguration#healthEndpointGroupMembershipValidator matched:
      - @ConditionalOnBooleanProperty (management.endpoint.health.validate-group-membership=true) matched (OnPropertyCondition)

   HealthEndpointConfiguration#healthEndpointGroups matched:
      - @ConditionalOnMissingBean (types: org.springframework.boot.health.actuate.endpoint.HealthEndpointGroups; SearchStrategy: all) did not find any beans (OnBeanCondition)

   HealthEndpointConfiguration#healthHttpCodeStatusMapper matched:
      - @ConditionalOnMissingBean (types: org.springframework.boot.health.actuate.endpoint.HttpCodeStatusMapper; SearchStrategy: all) did not find any beans (OnBeanCondition)

   HealthEndpointConfiguration#healthStatusAggregator matched:
      - @ConditionalOnMissingBean (types: org.springframework.boot.health.actuate.endpoint.StatusAggregator; SearchStrategy: all) did not find any beans (OnBeanCondition)

   HealthEndpointWebExtensionConfiguration matched:
      - found 'session' scope (OnWebApplicationCondition)
      - @ConditionalOnAvailableEndpoint marked as exposed by a 'management.endpoints.web.exposure' property (OnAvailableEndpointCondition)
      - @ConditionalOnBean (types: org.springframework.boot.health.actuate.endpoint.HealthEndpoint; SearchStrategy: all) found bean 'healthEndpoint' (OnBeanCondition)

   HealthEndpointWebExtensionConfiguration#healthEndpointWebExtension matched:
      - @ConditionalOnMissingBean (types: org.springframework.boot.health.actuate.endpoint.HealthEndpointWebExtension; SearchStrategy: all) did not find any beans (OnBeanCondition)

   HibernateJpaAutoConfiguration matched:
      - @ConditionalOnClass found required classes 'org.springframework.orm.jpa.LocalContainerEntityManagerFactoryBean', 'jakarta.persistence.EntityManager', 'org.hibernate.engine.spi.SessionImplementor' (OnClassCondition)

   HibernateJpaConfiguration matched:
      - @ConditionalOnSingleCandidate (types: javax.sql.DataSource; SearchStrategy: all) found a single bean 'dataSource' (OnBeanCondition)

   HttpEncodingAutoConfiguration matched:
      - @ConditionalOnClass found required class 'org.springframework.web.filter.CharacterEncodingFilter' (OnClassCondition)
      - found 'session' scope (OnWebApplicationCondition)
      - @ConditionalOnBooleanProperty (spring.servlet.encoding.enabled=true) matched (OnPropertyCondition)

   HttpEncodingAutoConfiguration#characterEncodingFilter matched:
      - @ConditionalOnMissingBean (types: org.springframework.web.filter.CharacterEncodingFilter; SearchStrategy: all) did not find any beans (OnBeanCondition)

   HttpExchangesEndpointAutoConfiguration matched:
      - @ConditionalOnAvailableEndpoint marked as exposed by a 'management.endpoints.web.exposure' property (OnAvailableEndpointCondition)

   HttpMessageConvertersAutoConfiguration matched:
      - @ConditionalOnClass found required class 'org.springframework.http.converter.HttpMessageConverter' (OnClassCondition)
      - NoneNestedConditions 0 matched 1 did not; NestedCondition on HttpMessageConvertersAutoConfiguration.NotReactiveWebApplicationCondition.ReactiveWebApplication did not find reactive web application classes (HttpMessageConvertersAutoConfiguration.NotReactiveWebApplicationCondition)

   HttpMessageConvertersAutoConfiguration.StringHttpMessageConverterConfiguration#stringHttpMessageConvertersCustomizer matched:
      - @ConditionalOnMissingBean (types: org.springframework.http.converter.StringHttpMessageConverter; SearchStrategy: all) did not find any beans (OnBeanCondition)

   InfoContributorAutoConfiguration#envInfoContributor matched:
      - @ConditionalOnEnabledInfoContributor management.info.env.enabled is true (OnEnabledInfoContributorCondition)

   InfoContributorAutoConfiguration#javaInfoContributor matched:
      - @ConditionalOnEnabledInfoContributor management.info.java.enabled is true (OnEnabledInfoContributorCondition)

   InfoContributorAutoConfiguration#osInfoContributor matched:
      - @ConditionalOnEnabledInfoContributor management.info.os.enabled is true (OnEnabledInfoContributorCondition)

   InfoEndpointAutoConfiguration matched:
      - @ConditionalOnAvailableEndpoint marked as exposed by a 'management.endpoints.web.exposure' property (OnAvailableEndpointCondition)

   InfoEndpointAutoConfiguration#infoEndpoint matched:
      - @ConditionalOnMissingBean (types: org.springframework.boot.actuate.info.InfoEndpoint; SearchStrategy: all) did not find any beans (OnBeanCondition)

   JacksonAutoConfiguration matched:
      - @ConditionalOnClass found required class 'tools.jackson.databind.json.JsonMapper' (OnClassCondition)

   JacksonAutoConfiguration#jacksonJsonMapper matched:
      - @ConditionalOnMissingBean (types: tools.jackson.databind.json.JsonMapper; SearchStrategy: all) did not find any beans (OnBeanCondition)

   JacksonAutoConfiguration#jsonMapperBuilder matched:
      - @ConditionalOnMissingBean (types: tools.jackson.databind.json.JsonMapper$Builder; SearchStrategy: all) did not find any beans (OnBeanCondition)

   JacksonAutoConfiguration.JsonProblemDetailsConfiguration matched:
      - @ConditionalOnClass found required class 'org.springframework.http.ProblemDetail' (OnClassCondition)

   JacksonEndpointAutoConfiguration matched:
      - @ConditionalOnClass found required class 'tools.jackson.databind.json.JsonMapper' (OnClassCondition)

   JacksonEndpointAutoConfiguration#endpointJsonMapper matched:
      - @ConditionalOnBooleanProperty (management.endpoints.jackson.isolated-json-mapper=true) matched (OnPropertyCondition)

   JacksonHttpMessageConvertersConfiguration.JacksonJsonHttpMessageConverterConfiguration matched:
      - @ConditionalOnClass found required class 'tools.jackson.databind.json.JsonMapper' (OnClassCondition)
      - @ConditionalOnProperty (spring.http.converters.preferred-json-mapper=jackson) matched (OnPropertyCondition)
      - @ConditionalOnBean (types: tools.jackson.databind.json.JsonMapper; SearchStrategy: all) found bean 'jacksonJsonMapper' (OnBeanCondition)

   JacksonHttpMessageConvertersConfiguration.JacksonJsonHttpMessageConverterConfiguration#jacksonJsonHttpMessageConvertersCustomizer matched:
      - @ConditionalOnMissingBean (types: org.springframework.http.converter.json.JacksonJsonHttpMessageConverter ignored: org.springframework.hateoas.server.mvc.TypeConstrainedJacksonJsonHttpMessageConverter,org.springframework.data.rest.webmvc.alps.AlpsJacksonJsonHttpMessageConverter; SearchStrategy: all) did not find any beans (OnBeanCondition)

   JdbcClientAutoConfiguration matched:
      - @ConditionalOnSingleCandidate (types: org.springframework.jdbc.core.namedparam.NamedParameterJdbcTemplate; SearchStrategy: all) found a single bean 'namedParameterJdbcTemplate'; @ConditionalOnMissingBean (types: org.springframework.jdbc.core.simple.JdbcClient; SearchStrategy: all) did not find any beans (OnBeanCondition)

   JdbcTemplateAutoConfiguration matched:
      - @ConditionalOnClass found required classes 'javax.sql.DataSource', 'org.springframework.jdbc.core.JdbcTemplate' (OnClassCondition)
      - @ConditionalOnSingleCandidate (types: javax.sql.DataSource; SearchStrategy: all) found a single bean 'dataSource' (OnBeanCondition)

   JdbcTemplateConfiguration matched:
      - @ConditionalOnMissingBean (types: org.springframework.jdbc.core.JdbcOperations; SearchStrategy: all) did not find any beans (OnBeanCondition)

   JpaBaseConfiguration#entityManagerFactory matched:
      - @ConditionalOnMissingBean (types: org.springframework.orm.jpa.LocalContainerEntityManagerFactoryBean,jakarta.persistence.EntityManagerFactory; SearchStrategy: all) did not find any beans (OnBeanCondition)

   JpaBaseConfiguration#entityManagerFactoryBuilder matched:
      - @ConditionalOnMissingBean (types: org.springframework.boot.jpa.EntityManagerFactoryBuilder; SearchStrategy: all) did not find any beans (OnBeanCondition)

   JpaBaseConfiguration#jpaVendorAdapter matched:
      - @ConditionalOnMissingBean (types: org.springframework.orm.jpa.JpaVendorAdapter; SearchStrategy: all) did not find any beans (OnBeanCondition)

   JpaBaseConfiguration#transactionManager matched:
      - @ConditionalOnMissingBean (types: org.springframework.transaction.TransactionManager; SearchStrategy: all) did not find any beans (OnBeanCondition)

   JpaBaseConfiguration.JpaWebConfiguration matched:
      - @ConditionalOnClass found required class 'org.springframework.web.servlet.config.annotation.WebMvcConfigurer' (OnClassCondition)
      - found 'session' scope (OnWebApplicationCondition)
      - @ConditionalOnBooleanProperty (spring.jpa.open-in-view=true) matched (OnPropertyCondition)
      - @ConditionalOnMissingBean (types: org.springframework.orm.jpa.support.OpenEntityManagerInViewInterceptor,org.springframework.orm.jpa.support.OpenEntityManagerInViewFilter; SearchStrategy: all) did not find any beans (OnBeanCondition)

   JpaBaseConfiguration.PersistenceManagedTypesConfiguration matched:
      - @ConditionalOnMissingBean (types: org.springframework.orm.jpa.LocalContainerEntityManagerFactoryBean,jakarta.persistence.EntityManagerFactory; SearchStrategy: all) did not find any beans (OnBeanCondition)

   JpaBaseConfiguration.PersistenceManagedTypesConfiguration#persistenceManagedTypes matched:
      - @ConditionalOnMissingBean (types: org.springframework.orm.jpa.persistenceunit.PersistenceManagedTypes; SearchStrategy: all) did not find any beans (OnBeanCondition)

   JtaAutoConfiguration matched:
      - @ConditionalOnClass found required class 'jakarta.transaction.Transaction' (OnClassCondition)
      - @ConditionalOnBooleanProperty (spring.jta.enabled=true) matched (OnPropertyCondition)

   JvmMetricsAutoConfiguration matched:
      - @ConditionalOnClass found required class 'io.micrometer.core.instrument.MeterRegistry' (OnClassCondition)
      - @ConditionalOnBean (types: io.micrometer.core.instrument.MeterRegistry; SearchStrategy: all) found bean 'simpleMeterRegistry' (OnBeanCondition)

   JvmMetricsAutoConfiguration#classLoaderMetrics matched:
      - @ConditionalOnMissingBean (types: io.micrometer.core.instrument.binder.jvm.ClassLoaderMetrics; SearchStrategy: all) did not find any beans (OnBeanCondition)

   JvmMetricsAutoConfiguration#jvmCompilationMetrics matched:
      - @ConditionalOnMissingBean (types: io.micrometer.core.instrument.binder.jvm.JvmCompilationMetrics; SearchStrategy: all) did not find any beans (OnBeanCondition)

   JvmMetricsAutoConfiguration#jvmGcMetrics matched:
      - @ConditionalOnMissingBean (types: io.micrometer.core.instrument.binder.jvm.JvmGcMetrics; SearchStrategy: all) did not find any beans (OnBeanCondition)

   JvmMetricsAutoConfiguration#jvmHeapPressureMetrics matched:
      - @ConditionalOnMissingBean (types: io.micrometer.core.instrument.binder.jvm.JvmHeapPressureMetrics; SearchStrategy: all) did not find any beans (OnBeanCondition)

   JvmMetricsAutoConfiguration#jvmInfoMetrics matched:
      - @ConditionalOnMissingBean (types: io.micrometer.core.instrument.binder.jvm.JvmInfoMetrics; SearchStrategy: all) did not find any beans (OnBeanCondition)

   JvmMetricsAutoConfiguration#jvmMemoryMetrics matched:
      - @ConditionalOnMissingBean (types: io.micrometer.core.instrument.binder.jvm.JvmMemoryMetrics; SearchStrategy: all) did not find any beans (OnBeanCondition)

   JvmMetricsAutoConfiguration#jvmThreadMetrics matched:
      - @ConditionalOnMissingBean (types: io.micrometer.core.instrument.binder.jvm.JvmThreadMetrics; SearchStrategy: all) did not find any beans (OnBeanCondition)

   LifecycleAutoConfiguration#defaultLifecycleProcessor matched:
      - @ConditionalOnMissingBean (names: lifecycleProcessor; SearchStrategy: current) did not find any beans (OnBeanCondition)

   LocalDevToolsAutoConfiguration matched:
      - Initialized Restarter Condition available and initialized (OnInitializedRestarterCondition)

   LogFileWebEndpointAutoConfiguration matched:
      - @ConditionalOnAvailableEndpoint marked as exposed by a 'management.endpoints.web.exposure' property (OnAvailableEndpointCondition)

   LogFileWebEndpointAutoConfiguration#logFileWebEndpoint matched:
      - Log File found logging.file.name application.log (LogFileWebEndpointAutoConfiguration.LogFileCondition)
      - @ConditionalOnMissingBean (types: org.springframework.boot.actuate.logging.LogFileWebEndpoint; SearchStrategy: all) did not find any beans (OnBeanCondition)

   LogbackMetricsAutoConfiguration matched:
      - @ConditionalOnClass found required classes 'io.micrometer.core.instrument.MeterRegistry', 'ch.qos.logback.classic.LoggerContext', 'org.slf4j.LoggerFactory' (OnClassCondition)
      - LogbackLoggingCondition ILoggerFactory is a Logback LoggerContext (LogbackMetricsAutoConfiguration.LogbackLoggingCondition)
      - @ConditionalOnBean (types: io.micrometer.core.instrument.MeterRegistry; SearchStrategy: all) found bean 'simpleMeterRegistry' (OnBeanCondition)

   LogbackMetricsAutoConfiguration#logbackMetrics matched:
      - @ConditionalOnMissingBean (types: io.micrometer.core.instrument.binder.logging.LogbackMetrics; SearchStrategy: all) did not find any beans (OnBeanCondition)

   LoggersEndpointAutoConfiguration matched:
      - @ConditionalOnAvailableEndpoint marked as exposed by a 'management.endpoints.web.exposure' property (OnAvailableEndpointCondition)

   LoggersEndpointAutoConfiguration#loggersEndpoint matched:
      - Logging System enabled (LoggersEndpointAutoConfiguration.OnEnabledLoggingSystemCondition)
      - @ConditionalOnBean (types: org.springframework.boot.logging.LoggingSystem; SearchStrategy: all) found bean 'springBootLoggingSystem'; @ConditionalOnMissingBean (types: org.springframework.boot.actuate.logging.LoggersEndpoint; SearchStrategy: all) did not find any beans (OnBeanCondition)

   ManagementContextAutoConfiguration.SameManagementContextConfiguration matched:
      - Management Port actual port type (SAME) matched required type (OnManagementPortCondition)

   MappingsEndpointAutoConfiguration matched:
      - @ConditionalOnAvailableEndpoint marked as exposed by a 'management.endpoints.web.exposure' property (OnAvailableEndpointCondition)

   MetricsAutoConfiguration matched:
      - @ConditionalOnClass found required class 'io.micrometer.core.annotation.Timed' (OnClassCondition)

   MetricsAutoConfiguration#micrometerClock matched:
      - @ConditionalOnMissingBean (types: io.micrometer.core.instrument.Clock; SearchStrategy: all) did not find any beans (OnBeanCondition)

   MetricsEndpointAutoConfiguration matched:
      - @ConditionalOnClass found required classes 'org.springframework.boot.actuate.autoconfigure.endpoint.condition.ConditionalOnAvailableEndpoint', 'io.micrometer.core.annotation.Timed' (OnClassCondition)
      - @ConditionalOnAvailableEndpoint marked as exposed by a 'management.endpoints.web.exposure' property (OnAvailableEndpointCondition)

   MetricsEndpointAutoConfiguration#metricsEndpoint matched:
      - @ConditionalOnBean (types: io.micrometer.core.instrument.MeterRegistry; SearchStrategy: all) found bean 'simpleMeterRegistry'; @ConditionalOnMissingBean (types: org.springframework.boot.micrometer.metrics.actuate.endpoint.MetricsEndpoint; SearchStrategy: all) did not find any beans (OnBeanCondition)

   MultipartAutoConfiguration matched:
      - @ConditionalOnClass found required classes 'jakarta.servlet.Servlet', 'org.springframework.web.multipart.support.StandardServletMultipartResolver', 'jakarta.servlet.MultipartConfigElement' (OnClassCondition)
      - found 'session' scope (OnWebApplicationCondition)
      - @ConditionalOnBooleanProperty (spring.servlet.multipart.enabled=true) matched (OnPropertyCondition)

   MultipartAutoConfiguration#multipartConfigElement matched:
      - @ConditionalOnMissingBean (types: jakarta.servlet.MultipartConfigElement; SearchStrategy: all) did not find any beans (OnBeanCondition)

   MultipartAutoConfiguration#multipartResolver matched:
      - @ConditionalOnMissingBean (types: org.springframework.web.multipart.MultipartResolver; SearchStrategy: all) did not find any beans (OnBeanCondition)

   NamedParameterJdbcTemplateConfiguration matched:
      - @ConditionalOnSingleCandidate (types: org.springframework.jdbc.core.JdbcTemplate; SearchStrategy: all) found a single bean 'jdbcTemplate'; @ConditionalOnMissingBean (types: org.springframework.jdbc.core.namedparam.NamedParameterJdbcOperations; SearchStrategy: all) did not find any beans (OnBeanCondition)

   ObservationAutoConfiguration matched:
      - @ConditionalOnClass found required class 'io.micrometer.observation.ObservationRegistry' (OnClassCondition)

   ObservationAutoConfiguration#observationRegistry matched:
      - @ConditionalOnMissingBean (types: io.micrometer.observation.ObservationRegistry; SearchStrategy: all) did not find any beans (OnBeanCondition)

   ObservationAutoConfiguration#spelValueExpressionResolver matched:
      - @ConditionalOnMissingBean (types: io.micrometer.common.annotation.ValueExpressionResolver; SearchStrategy: all) did not find any beans (OnBeanCondition)

   PersistenceExceptionTranslationAutoConfiguration matched:
      - @ConditionalOnClass found required class 'org.springframework.dao.annotation.PersistenceExceptionTranslationPostProcessor' (OnClassCondition)

   PersistenceExceptionTranslationAutoConfiguration#persistenceExceptionTranslationPostProcessor matched:
      - @ConditionalOnBooleanProperty (spring.persistence.exceptiontranslation.enabled=true) matched (OnPropertyCondition)
      - @ConditionalOnMissingBean (types: org.springframework.dao.annotation.PersistenceExceptionTranslationPostProcessor; SearchStrategy: all) did not find any beans (OnBeanCondition)

   PropertyPlaceholderAutoConfiguration#propertySourcesPlaceholderConfigurer matched:
      - @ConditionalOnMissingBean (types: org.springframework.context.support.PropertySourcesPlaceholderConfigurer; SearchStrategy: current) did not find any beans (OnBeanCondition)

   SbomEndpointAutoConfiguration matched:
      - @ConditionalOnAvailableEndpoint marked as exposed by a 'management.endpoints.web.exposure' property (OnAvailableEndpointCondition)

   SbomEndpointAutoConfiguration#sbomEndpoint matched:
      - @ConditionalOnMissingBean (types: org.springframework.boot.actuate.sbom.SbomEndpoint; SearchStrategy: all) did not find any beans (OnBeanCondition)

   SbomEndpointAutoConfiguration#sbomEndpointWebExtension matched:
      - @ConditionalOnBean (types: org.springframework.boot.actuate.sbom.SbomEndpoint; SearchStrategy: all) found bean 'sbomEndpoint'; @ConditionalOnMissingBean (types: org.springframework.boot.actuate.sbom.SbomEndpointWebExtension; SearchStrategy: all) did not find any beans (OnBeanCondition)
      - @ConditionalOnAvailableEndpoint marked as exposed by a 'management.endpoints.web.exposure' property (OnAvailableEndpointCondition)

   ScheduledTasksEndpointAutoConfiguration matched:
      - @ConditionalOnAvailableEndpoint marked as exposed by a 'management.endpoints.web.exposure' property (OnAvailableEndpointCondition)

   ScheduledTasksEndpointAutoConfiguration#scheduledTasksEndpoint matched:
      - @ConditionalOnMissingBean (types: org.springframework.boot.actuate.scheduling.ScheduledTasksEndpoint; SearchStrategy: all) did not find any beans (OnBeanCondition)

   ScheduledTasksObservationAutoConfiguration matched:
      - @ConditionalOnClass found required class 'org.springframework.scheduling.concurrent.ThreadPoolTaskScheduler' (OnClassCondition)
      - @ConditionalOnBean (types: io.micrometer.observation.ObservationRegistry; SearchStrategy: all) found bean 'observationRegistry' (OnBeanCondition)

   ServletEndpointManagementContextConfiguration matched:
      - found 'session' scope (OnWebApplicationCondition)

   ServletManagementContextAutoConfiguration matched:
      - @ConditionalOnClass found required classes 'jakarta.servlet.Servlet', 'org.springframework.boot.actuate.autoconfigure.endpoint.web.WebEndpointProperties' (OnClassCondition)
      - found 'session' scope (OnWebApplicationCondition)

   ServletMappingsAutoConfiguration matched:
      - @ConditionalOnClass found required classes 'org.springframework.boot.actuate.autoconfigure.endpoint.condition.ConditionalOnAvailableEndpoint', 'org.springframework.boot.actuate.web.mappings.MappingsEndpoint' (OnClassCondition)
      - found 'session' scope (OnWebApplicationCondition)
      - @ConditionalOnAvailableEndpoint marked as exposed by a 'management.endpoints.web.exposure' property (OnAvailableEndpointCondition)

   SimpleMetricsExportAutoConfiguration matched:
      - @ConditionalOnEnabledMetricsExport management.defaults.metrics.export.enabled is considered true (OnMetricsExportEnabledCondition)
      - @ConditionalOnBean (types: io.micrometer.core.instrument.Clock; SearchStrategy: all) found bean 'micrometerClock'; @ConditionalOnMissingBean (types: io.micrometer.core.instrument.MeterRegistry; SearchStrategy: all) did not find any beans (OnBeanCondition)

   SimpleMetricsExportAutoConfiguration#simpleConfig matched:
      - @ConditionalOnMissingBean (types: io.micrometer.core.instrument.simple.SimpleConfig; SearchStrategy: all) did not find any beans (OnBeanCondition)

   SslAutoConfiguration#sslBundleRegistry matched:
      - @ConditionalOnMissingBean (types: org.springframework.boot.ssl.SslBundleRegistry,org.springframework.boot.ssl.SslBundles; SearchStrategy: all) did not find any beans (OnBeanCondition)

   SslHealthContributorAutoConfiguration matched:
      - @ConditionalOnClass found required class 'org.springframework.boot.health.contributor.Health' (OnClassCondition)
      - @ConditionalOnEnabledHealthIndicator management.health.defaults.enabled is considered true (OnEnabledHealthIndicatorCondition)

   SslHealthContributorAutoConfiguration#sslHealthIndicator matched:
      - @ConditionalOnMissingBean (names: sslHealthIndicator; SearchStrategy: all) did not find any beans (OnBeanCondition)

   SslHealthContributorAutoConfiguration#sslInfo matched:
      - @ConditionalOnMissingBean (types: org.springframework.boot.info.SslInfo; SearchStrategy: all) did not find any beans (OnBeanCondition)

   SslMetricsAutoConfiguration matched:
      - @ConditionalOnClass found required class 'io.micrometer.core.instrument.MeterRegistry' (OnClassCondition)
      - @ConditionalOnBean (types: io.micrometer.core.instrument.MeterRegistry,org.springframework.boot.ssl.SslBundles; SearchStrategy: all) found beans 'sslBundleRegistry', 'simpleMeterRegistry' (OnBeanCondition)

   StartupTimeMetricsListenerAutoConfiguration matched:
      - @ConditionalOnClass found required class 'io.micrometer.core.instrument.MeterRegistry' (OnClassCondition)
      - @ConditionalOnBean (types: io.micrometer.core.instrument.MeterRegistry; SearchStrategy: all) found bean 'simpleMeterRegistry' (OnBeanCondition)

   StartupTimeMetricsListenerAutoConfiguration#startupTimeMetrics matched:
      - @ConditionalOnMissingBean (types: org.springframework.boot.micrometer.metrics.startup.StartupTimeMetricsListener; SearchStrategy: all) did not find any beans (OnBeanCondition)

   SystemMetricsAutoConfiguration matched:
      - @ConditionalOnClass found required class 'io.micrometer.core.instrument.MeterRegistry' (OnClassCondition)
      - @ConditionalOnBean (types: io.micrometer.core.instrument.MeterRegistry; SearchStrategy: all) found bean 'simpleMeterRegistry' (OnBeanCondition)

   SystemMetricsAutoConfiguration#diskSpaceMetrics matched:
      - @ConditionalOnMissingBean (types: org.springframework.boot.micrometer.metrics.system.DiskSpaceMetricsBinder; SearchStrategy: all) did not find any beans (OnBeanCondition)

   SystemMetricsAutoConfiguration#fileDescriptorMetrics matched:
      - @ConditionalOnMissingBean (types: io.micrometer.core.instrument.binder.system.FileDescriptorMetrics; SearchStrategy: all) did not find any beans (OnBeanCondition)

   SystemMetricsAutoConfiguration#processorMetrics matched:
      - @ConditionalOnMissingBean (types: io.micrometer.core.instrument.binder.system.ProcessorMetrics; SearchStrategy: all) did not find any beans (OnBeanCondition)

   SystemMetricsAutoConfiguration#uptimeMetrics matched:
      - @ConditionalOnMissingBean (types: io.micrometer.core.instrument.binder.system.UptimeMetrics; SearchStrategy: all) did not find any beans (OnBeanCondition)

   TaskExecutionAutoConfiguration matched:
      - @ConditionalOnClass found required class 'org.springframework.scheduling.concurrent.ThreadPoolTaskExecutor' (OnClassCondition)

   TaskExecutorConfigurations.AsyncConfigurerConfiguration matched:
      - @ConditionalOnMissingBean (types: org.springframework.scheduling.annotation.AsyncConfigurer; SearchStrategy: all) did not find any beans (OnBeanCondition)

   TaskExecutorConfigurations.SimpleAsyncTaskExecutorBuilderConfiguration#simpleAsyncTaskExecutorBuilder matched:
      - @ConditionalOnThreading found PLATFORM (OnThreadingCondition)
      - @ConditionalOnMissingBean (types: org.springframework.boot.task.SimpleAsyncTaskExecutorBuilder; SearchStrategy: all) did not find any beans (OnBeanCondition)

   TaskExecutorConfigurations.TaskExecutorConfiguration matched:
      - AnyNestedCondition 1 matched 1 did not; NestedCondition on TaskExecutorConfigurations.OnExecutorCondition.ModelCondition @ConditionalOnProperty (spring.task.execution.mode=force) did not find property 'spring.task.execution.mode'; NestedCondition on TaskExecutorConfigurations.OnExecutorCondition.ExecutorBeanCondition @ConditionalOnMissingBean (types: java.util.concurrent.Executor; SearchStrategy: all) did not find any beans (TaskExecutorConfigurations.OnExecutorCondition)

   TaskExecutorConfigurations.TaskExecutorConfiguration#applicationTaskExecutor matched:
      - @ConditionalOnThreading found PLATFORM (OnThreadingCondition)

   TaskExecutorConfigurations.ThreadPoolTaskExecutorBuilderConfiguration#threadPoolTaskExecutorBuilder matched:
      - @ConditionalOnMissingBean (types: org.springframework.boot.task.ThreadPoolTaskExecutorBuilder; SearchStrategy: all) did not find any beans (OnBeanCondition)

   TaskExecutorMetricsAutoConfiguration matched:
      - @ConditionalOnClass found required class 'io.micrometer.core.instrument.binder.jvm.ExecutorServiceMetrics' (OnClassCondition)
      - @ConditionalOnBean (types: java.util.concurrent.Executor,io.micrometer.core.instrument.MeterRegistry; SearchStrategy: all) found beans 'applicationTaskExecutor', 'simpleMeterRegistry' (OnBeanCondition)

   TaskSchedulingAutoConfiguration matched:
      - @ConditionalOnClass found required class 'org.springframework.scheduling.concurrent.ThreadPoolTaskScheduler' (OnClassCondition)

   TaskSchedulingConfigurations.SimpleAsyncTaskSchedulerBuilderConfiguration#simpleAsyncTaskSchedulerBuilder matched:
      - @ConditionalOnMissingBean (types: org.springframework.boot.task.SimpleAsyncTaskSchedulerBuilder; SearchStrategy: all) did not find any beans (OnBeanCondition)
      - @ConditionalOnThreading found PLATFORM (OnThreadingCondition)

   TaskSchedulingConfigurations.ThreadPoolTaskSchedulerBuilderConfiguration#threadPoolTaskSchedulerBuilder matched:
      - @ConditionalOnMissingBean (types: org.springframework.boot.task.ThreadPoolTaskSchedulerBuilder; SearchStrategy: all) did not find any beans (OnBeanCondition)

   ThreadDumpEndpointAutoConfiguration matched:
      - @ConditionalOnAvailableEndpoint marked as exposed by a 'management.endpoints.web.exposure' property (OnAvailableEndpointCondition)

   ThreadDumpEndpointAutoConfiguration#dumpEndpoint matched:
      - @ConditionalOnMissingBean (types: org.springframework.boot.actuate.management.ThreadDumpEndpoint; SearchStrategy: all) did not find any beans (OnBeanCondition)

   TomcatMetricsAutoConfiguration matched:
      - @ConditionalOnClass found required classes 'io.micrometer.core.instrument.binder.tomcat.TomcatMetrics', 'org.apache.catalina.Manager', 'io.micrometer.core.instrument.MeterRegistry' (OnClassCondition)
      - @ConditionalOnWebApplication (required) found 'session' scope (OnWebApplicationCondition)

   TomcatMetricsAutoConfiguration#tomcatMetricsBinder matched:
      - @ConditionalOnBean (types: io.micrometer.core.instrument.MeterRegistry; SearchStrategy: all) found bean 'simpleMeterRegistry'; @ConditionalOnMissingBean (types: io.micrometer.core.instrument.binder.tomcat.TomcatMetrics,org.springframework.boot.tomcat.metrics.TomcatMetricsBinder; SearchStrategy: all) did not find any beans (OnBeanCondition)

   TomcatServletWebServerAutoConfiguration matched:
      - @ConditionalOnClass found required classes 'jakarta.servlet.ServletRequest', 'org.apache.catalina.startup.Tomcat', 'org.apache.coyote.UpgradeProtocol', 'org.springframework.boot.tomcat.servlet.TomcatServletWebServerFactory' (OnClassCondition)
      - found 'session' scope (OnWebApplicationCondition)

   TomcatServletWebServerAutoConfiguration#tomcatServletWebServerFactory matched:
      - @ConditionalOnMissingBean (types: org.springframework.boot.web.server.servlet.ServletWebServerFactory; SearchStrategy: current) did not find any beans (OnBeanCondition)

   TomcatWebServerConfiguration matched:
      - @ConditionalOnWarDeployment the application is not deployed as a WAR file. (OnWarDeploymentCondition)

   TomcatWebServerConfiguration.TomcatWebSocketConfiguration matched:
      - @ConditionalOnClass found required class 'org.apache.tomcat.websocket.server.WsSci' (OnClassCondition)

   TransactionAutoConfiguration matched:
      - @ConditionalOnClass found required class 'org.springframework.transaction.PlatformTransactionManager' (OnClassCondition)

   TransactionAutoConfiguration.EnableTransactionManagementConfiguration matched:
      - @ConditionalOnBean (types: org.springframework.transaction.TransactionManager; SearchStrategy: all) found bean 'transactionManager'; @ConditionalOnMissingBean (types: org.springframework.transaction.annotation.AbstractTransactionManagementConfiguration; SearchStrategy: all) did not find any beans (OnBeanCondition)

   TransactionAutoConfiguration.EnableTransactionManagementConfiguration.CglibAutoProxyConfiguration matched:
      - @ConditionalOnBooleanProperty (spring.aop.proxy-target-class=true) matched (OnPropertyCondition)

   TransactionAutoConfiguration.TransactionTemplateConfiguration matched:
      - @ConditionalOnSingleCandidate (types: org.springframework.transaction.PlatformTransactionManager; SearchStrategy: all) found a single bean 'transactionManager' (OnBeanCondition)

   TransactionAutoConfiguration.TransactionTemplateConfiguration#transactionTemplate matched:
      - @ConditionalOnMissingBean (types: org.springframework.transaction.support.TransactionOperations; SearchStrategy: all) did not find any beans (OnBeanCondition)

   TransactionManagerCustomizationAutoConfiguration matched:
      - @ConditionalOnClass found required class 'org.springframework.transaction.PlatformTransactionManager' (OnClassCondition)

   TransactionManagerCustomizationAutoConfiguration#platformTransactionManagerCustomizers matched:
      - @ConditionalOnMissingBean (types: org.springframework.boot.transaction.autoconfigure.TransactionManagerCustomizers; SearchStrategy: all) did not find any beans (OnBeanCondition)

   WebEndpointAutoConfiguration matched:
      - @ConditionalOnWebApplication (required) found 'session' scope (OnWebApplicationCondition)

   WebEndpointAutoConfiguration#controllerEndpointDiscoverer matched:
      - @ConditionalOnMissingBean (types: org.springframework.boot.actuate.endpoint.web.annotation.ControllerEndpointsSupplier; SearchStrategy: all) did not find any beans (OnBeanCondition)

   WebEndpointAutoConfiguration#endpointMediaTypes matched:
      - @ConditionalOnMissingBean (types: org.springframework.boot.actuate.endpoint.web.EndpointMediaTypes; SearchStrategy: all) did not find any beans (OnBeanCondition)

   WebEndpointAutoConfiguration#pathMappedEndpoints matched:
      - @ConditionalOnMissingBean (types: org.springframework.boot.actuate.endpoint.web.PathMappedEndpoints; SearchStrategy: all) did not find any beans (OnBeanCondition)

   WebEndpointAutoConfiguration#webEndpointDiscoverer matched:
      - @ConditionalOnMissingBean (types: org.springframework.boot.actuate.endpoint.web.WebEndpointsSupplier; SearchStrategy: all) did not find any beans (OnBeanCondition)

   WebEndpointAutoConfiguration.WebEndpointServletConfiguration matched:
      - found 'session' scope (OnWebApplicationCondition)

   WebEndpointAutoConfiguration.WebEndpointServletConfiguration#servletEndpointDiscoverer matched:
      - @ConditionalOnMissingBean (types: org.springframework.boot.actuate.endpoint.web.annotation.ServletEndpointsSupplier; SearchStrategy: all) did not find any beans (OnBeanCondition)

   WebMvcAutoConfiguration matched:
      - @ConditionalOnClass found required classes 'jakarta.servlet.Servlet', 'org.springframework.web.servlet.DispatcherServlet', 'org.springframework.web.servlet.config.annotation.WebMvcConfigurer' (OnClassCondition)
      - found 'session' scope (OnWebApplicationCondition)
      - @ConditionalOnMissingBean (types: org.springframework.web.servlet.config.annotation.WebMvcConfigurationSupport; SearchStrategy: all) did not find any beans (OnBeanCondition)

   WebMvcAutoConfiguration#formContentFilter matched:
      - @ConditionalOnBooleanProperty (spring.mvc.formcontent.filter.enabled=true) matched (OnPropertyCondition)
      - @ConditionalOnMissingBean (types: org.springframework.web.filter.FormContentFilter; SearchStrategy: all) did not find any beans (OnBeanCondition)

   WebMvcAutoConfiguration.EnableWebMvcConfiguration#flashMapManager matched:
      - @ConditionalOnMissingBean (names: flashMapManager; SearchStrategy: all) did not find any beans (OnBeanCondition)

   WebMvcAutoConfiguration.EnableWebMvcConfiguration#localeResolver matched:
      - @ConditionalOnMissingBean (names: localeResolver; SearchStrategy: all) did not find any beans (OnBeanCondition)

   WebMvcAutoConfiguration.EnableWebMvcConfiguration#viewNameTranslator matched:
      - @ConditionalOnMissingBean (names: viewNameTranslator; SearchStrategy: all) did not find any beans (OnBeanCondition)

   WebMvcAutoConfiguration.WebMvcAutoConfigurationAdapter#defaultViewResolver matched:
      - @ConditionalOnMissingBean (types: org.springframework.web.servlet.view.InternalResourceViewResolver; SearchStrategy: all) did not find any beans (OnBeanCondition)

   WebMvcAutoConfiguration.WebMvcAutoConfigurationAdapter#requestContextFilter matched:
      - @ConditionalOnMissingBean (types: org.springframework.web.context.request.RequestContextListener,org.springframework.web.filter.RequestContextFilter; SearchStrategy: all) did not find any beans (OnBeanCondition)

   WebMvcAutoConfiguration.WebMvcAutoConfigurationAdapter#viewResolver matched:
      - @ConditionalOnBean (types: org.springframework.web.servlet.ViewResolver; SearchStrategy: all) found beans 'defaultViewResolver', 'beanNameViewResolver', 'mvcViewResolver'; @ConditionalOnMissingBean (names: viewResolver types: org.springframework.web.servlet.view.ContentNegotiatingViewResolver; SearchStrategy: all) did not find any beans (OnBeanCondition)

   WebMvcEndpointManagementContextConfiguration matched:
      - found 'session' scope (OnWebApplicationCondition)
      - @ConditionalOnBean (types: org.springframework.web.servlet.DispatcherServlet,org.springframework.boot.actuate.endpoint.web.WebEndpointsSupplier; SearchStrategy: all) found beans 'webEndpointDiscoverer', 'dispatcherServlet' (OnBeanCondition)

   WebMvcEndpointManagementContextConfiguration#controllerEndpointHandlerMapping matched:
      - @ConditionalOnMissingBean (types: org.springframework.boot.webmvc.actuate.endpoint.web.ControllerEndpointHandlerMapping; SearchStrategy: all) did not find any beans (OnBeanCondition)

   WebMvcEndpointManagementContextConfiguration#endpointJsonMapperWebMvcConfigurer matched:
      - @ConditionalOnBean (types: org.springframework.boot.actuate.endpoint.jackson.EndpointJsonMapper; SearchStrategy: all) found bean 'endpointJsonMapper' (OnBeanCondition)

   WebMvcEndpointManagementContextConfiguration#webEndpointServletHandlerMapping matched:
      - @ConditionalOnMissingBean (types: org.springframework.boot.webmvc.actuate.endpoint.web.WebMvcEndpointHandlerMapping; SearchStrategy: all) did not find any beans (OnBeanCondition)

   WebMvcHealthEndpointExtensionAutoConfiguration matched:
      - @ConditionalOnClass found required class 'org.springframework.boot.health.actuate.endpoint.HealthEndpoint' (OnClassCondition)
      - found 'session' scope (OnWebApplicationCondition)
      - @ConditionalOnAvailableEndpoint marked as exposed by a 'management.endpoints.web.exposure' property (OnAvailableEndpointCondition)
      - @ConditionalOnBean (types: org.springframework.boot.health.actuate.endpoint.HealthEndpoint,org.springframework.boot.actuate.endpoint.web.WebEndpointsSupplier,org.springframework.boot.health.actuate.endpoint.HealthEndpointGroups; SearchStrategy: all) found beans 'webEndpointDiscoverer', 'healthEndpoint', 'healthEndpointGroups' (OnBeanCondition)

   WebMvcMappingsAutoConfiguration matched:
      - @ConditionalOnClass found required classes 'org.springframework.boot.actuate.autoconfigure.endpoint.condition.ConditionalOnAvailableEndpoint', 'org.springframework.web.servlet.DispatcherServlet', 'org.springframework.boot.actuate.web.mappings.MappingsEndpoint' (OnClassCondition)
      - found 'session' scope (OnWebApplicationCondition)
      - @ConditionalOnAvailableEndpoint marked as exposed by a 'management.endpoints.web.exposure' property (OnAvailableEndpointCondition)
      - @ConditionalOnBean (types: org.springframework.web.servlet.DispatcherServlet; SearchStrategy: all) found bean 'dispatcherServlet' (OnBeanCondition)

   WebMvcObservationAutoConfiguration matched:
      - @ConditionalOnClass found required classes 'org.springframework.web.servlet.DispatcherServlet', 'io.micrometer.observation.Observation', 'org.springframework.boot.micrometer.observation.autoconfigure.ObservationProperties' (OnClassCondition)
      - found 'session' scope (OnWebApplicationCondition)
      - @ConditionalOnBean (types: io.micrometer.observation.ObservationRegistry; SearchStrategy: all) found bean 'observationRegistry' (OnBeanCondition)

   WebMvcObservationAutoConfiguration#webMvcObservationFilter matched:
      - @ConditionalOnMissingBean (types: org.springframework.web.filter.ServerHttpObservationFilter; SearchStrategy: all) did not find any beans (OnBeanCondition)

   WebMvcObservationAutoConfiguration.MeterFilterConfiguration matched:
      - @ConditionalOnClass found required classes 'io.micrometer.core.instrument.MeterRegistry', 'org.springframework.boot.micrometer.metrics.autoconfigure.MetricsProperties' (OnClassCondition)
      - @ConditionalOnBean (types: io.micrometer.core.instrument.MeterRegistry; SearchStrategy: all) found bean 'simpleMeterRegistry' (OnBeanCondition)


Negative matches:
-----------------

   AopAutoConfiguration.AspectJAutoProxyingConfiguration.JdkDynamicAutoProxyConfiguration:
      Did not match:
         - @ConditionalOnBooleanProperty (spring.aop.proxy-target-class=false) did not find property 'spring.aop.proxy-target-class' (OnPropertyCondition)

   AopAutoConfiguration.ClassProxyingConfiguration:
      Did not match:
         - @ConditionalOnMissingClass found unwanted class 'org.aspectj.weaver.Advice' (OnClassCondition)

   AppOpticsMetricsExportAutoConfiguration:
      Did not match:
         - @ConditionalOnClass did not find required class 'io.micrometer.appoptics.AppOpticsMeterRegistry' (OnClassCondition)

   AtlasMetricsExportAutoConfiguration:
      Did not match:
         - @ConditionalOnClass did not find required class 'io.micrometer.atlas.AtlasMeterRegistry' (OnClassCondition)

   AuditAutoConfiguration:
      Did not match:
         - @ConditionalOnBean (types: org.springframework.boot.actuate.audit.AuditEventRepository; SearchStrategy: all) did not find any beans of type org.springframework.boot.actuate.audit.AuditEventRepository (OnBeanCondition)
      Matched:
         - @ConditionalOnBooleanProperty (management.auditevents.enabled=true) matched (OnPropertyCondition)

   AuditEventsEndpointAutoConfiguration#auditEventsEndpoint:
      Did not match:
         - @ConditionalOnBean (types: org.springframework.boot.actuate.audit.AuditEventRepository; SearchStrategy: all) did not find any beans of type org.springframework.boot.actuate.audit.AuditEventRepository (OnBeanCondition)

   AvailabilityHealthContributorAutoConfiguration#livenessStateHealthIndicator:
      Did not match:
         - @ConditionalOnBooleanProperty (management.health.livenessstate.enabled=true) did not find property 'management.health.livenessstate.enabled' (OnPropertyCondition)

   AvailabilityHealthContributorAutoConfiguration#readinessStateHealthIndicator:
      Did not match:
         - @ConditionalOnBooleanProperty (management.health.readinessstate.enabled=true) did not find property 'management.health.readinessstate.enabled' (OnPropertyCondition)

   CompositeMeterRegistryConfiguration:
      Did not match:
         - NoneNestedConditions 1 matched 1 did not; NestedCondition on CompositeMeterRegistryConfiguration.MultipleNonPrimaryMeterRegistriesCondition.SingleInjectableMeterRegistry @ConditionalOnSingleCandidate (types: io.micrometer.core.instrument.MeterRegistry; SearchStrategy: all) found a single bean 'simpleMeterRegistry'; NestedCondition on CompositeMeterRegistryConfiguration.MultipleNonPrimaryMeterRegistriesCondition.NoMeterRegistryCondition @ConditionalOnMissingBean (types: io.micrometer.core.instrument.MeterRegistry; SearchStrategy: all) found beans of type 'io.micrometer.core.instrument.MeterRegistry' simpleMeterRegistry (CompositeMeterRegistryConfiguration.MultipleNonPrimaryMeterRegistriesCondition)

   DataJpaRepositoriesAutoConfiguration#entityManagerFactoryBootstrapExecutorCustomizer:
      Did not match:
         - AnyNestedCondition 0 matched 2 did not; NestedCondition on DataJpaRepositoriesAutoConfiguration.BootstrapExecutorCondition.LazyBootstrapMode @ConditionalOnProperty (spring.data.jpa.repositories.bootstrap-mode=lazy) did not find property 'spring.data.jpa.repositories.bootstrap-mode'; NestedCondition on DataJpaRepositoriesAutoConfiguration.BootstrapExecutorCondition.DeferredBootstrapMode @ConditionalOnProperty (spring.data.jpa.repositories.bootstrap-mode=deferred) did not find property 'spring.data.jpa.repositories.bootstrap-mode' (DataJpaRepositoriesAutoConfiguration.BootstrapExecutorCondition)

   DataSourceAutoConfiguration.EmbeddedDatabaseConfiguration:
      Did not match:
         - EmbeddedDataSource spring.datasource.url is set (DataSourceAutoConfiguration.EmbeddedDatabaseCondition)

   DataSourceCheckpointRestoreConfiguration:
      Did not match:
         - @ConditionalOnClass did not find required class 'org.crac.Resource' (OnClassCondition)

   DataSourceConfiguration.Dbcp2:
      Did not match:
         - @ConditionalOnClass did not find required class 'org.apache.commons.dbcp2.BasicDataSource' (OnClassCondition)

   DataSourceConfiguration.Generic:
      Did not match:
         - @ConditionalOnProperty (spring.datasource.type) did not find property 'spring.datasource.type' (OnPropertyCondition)

   DataSourceConfiguration.OracleUcp:
      Did not match:
         - @ConditionalOnClass did not find required classes 'oracle.ucp.jdbc.PoolDataSourceImpl', 'oracle.jdbc.OracleConnection' (OnClassCondition)

   DataSourceConfiguration.Tomcat:
      Did not match:
         - @ConditionalOnClass did not find required class 'org.apache.tomcat.jdbc.pool.DataSource' (OnClassCondition)

   DataSourceJmxConfiguration:
      Did not match:
         - @ConditionalOnBooleanProperty (spring.jmx.enabled=true) did not find property 'spring.jmx.enabled' (OnPropertyCondition)

   DataSourcePoolMetadataProvidersConfiguration.CommonsDbcp2PoolDataSourceMetadataProviderConfiguration:
      Did not match:
         - @ConditionalOnClass did not find required class 'org.apache.commons.dbcp2.BasicDataSource' (OnClassCondition)

   DataSourcePoolMetadataProvidersConfiguration.OracleUcpPoolDataSourceMetadataProviderConfiguration:
      Did not match:
         - @ConditionalOnClass did not find required classes 'oracle.ucp.jdbc.PoolDataSource', 'oracle.jdbc.OracleConnection' (OnClassCondition)

   DataSourcePoolMetadataProvidersConfiguration.TomcatDataSourcePoolMetadataProviderConfiguration:
      Did not match:
         - @ConditionalOnClass did not find required class 'org.apache.tomcat.jdbc.pool.DataSource' (OnClassCondition)

   DataSourceTransactionManagerAutoConfiguration.JdbcTransactionManagerConfiguration#transactionManager:
      Did not match:
         - @ConditionalOnMissingBean (types: org.springframework.transaction.TransactionManager; SearchStrategy: all) found beans of type 'org.springframework.transaction.TransactionManager' transactionManager (OnBeanCondition)

   DatadogMetricsExportAutoConfiguration:
      Did not match:
         - @ConditionalOnClass did not find required class 'io.micrometer.datadog.DatadogMeterRegistry' (OnClassCondition)

   DevToolsR2dbcAutoConfiguration:
      Did not match:
         - @ConditionalOnClass did not find required class 'io.r2dbc.spi.ConnectionFactory' (OnClassCondition)

   DispatcherServletAutoConfiguration.DispatcherServletConfiguration#multipartResolver:
      Did not match:
         - @ConditionalOnBean (types: org.springframework.web.multipart.MultipartResolver; SearchStrategy: all) did not find any beans of type org.springframework.web.multipart.MultipartResolver (OnBeanCondition)

   DynatraceMetricsExportAutoConfiguration:
      Did not match:
         - @ConditionalOnClass did not find required class 'io.micrometer.dynatrace.DynatraceMeterRegistry' (OnClassCondition)

   ElasticMetricsExportAutoConfiguration:
      Did not match:
         - @ConditionalOnClass did not find required class 'io.micrometer.elastic.ElasticMeterRegistry' (OnClassCondition)

   GangliaMetricsExportAutoConfiguration:
      Did not match:
         - @ConditionalOnClass did not find required class 'io.micrometer.ganglia.GangliaMeterRegistry' (OnClassCondition)

   GraphiteMetricsExportAutoConfiguration:
      Did not match:
         - @ConditionalOnClass did not find required class 'io.micrometer.graphite.GraphiteMeterRegistry' (OnClassCondition)

   GsonHttpMessageConvertersConfiguration:
      Did not match:
         - @ConditionalOnClass did not find required class 'com.google.gson.Gson' (OnClassCondition)

   HealthContributorRegistryAutoConfiguration.ReactiveHealthContributorRegistryConfiguration:
      Did not match:
         - @ConditionalOnClass did not find required class 'reactor.core.publisher.Flux' (OnClassCondition)

   HealthEndpointReactiveWebExtensionConfiguration:
      Did not match:
         - did not find reactive web application classes (OnWebApplicationCondition)

   HeapDumpWebEndpointAutoConfiguration:
      Did not match:
         - @ConditionalOnAvailableEndpoint the configured access for endpoint 'heapdump' is NONE (OnAvailableEndpointCondition)

   HibernateMetricsAutoConfiguration:
      Did not match:
         - @ConditionalOnClass did not find required class 'org.hibernate.stat.HibernateMetrics' (OnClassCondition)

   HttpExchangesEndpointAutoConfiguration#httpExchangesEndpoint:
      Did not match:
         - @ConditionalOnBean (types: org.springframework.boot.actuate.web.exchanges.HttpExchangeRepository; SearchStrategy: all) did not find any beans of type org.springframework.boot.actuate.web.exchanges.HttpExchangeRepository (OnBeanCondition)

   HumioMetricsExportAutoConfiguration:
      Did not match:
         - @ConditionalOnClass did not find required class 'io.micrometer.humio.HumioMeterRegistry' (OnClassCondition)

   InfluxMetricsExportAutoConfiguration:
      Did not match:
         - @ConditionalOnClass did not find required class 'io.micrometer.influx.InfluxMeterRegistry' (OnClassCondition)

   InfoContributorAutoConfiguration#buildInfoContributor:
      Did not match:
         - @ConditionalOnSingleCandidate (types: org.springframework.boot.info.BuildProperties; SearchStrategy: all) did not find any beans (OnBeanCondition)

   InfoContributorAutoConfiguration#gitInfoContributor:
      Did not match:
         - @ConditionalOnSingleCandidate (types: org.springframework.boot.info.GitProperties; SearchStrategy: all) did not find any beans (OnBeanCondition)

   InfoContributorAutoConfiguration#processInfoContributor:
      Did not match:
         - @ConditionalOnEnabledInfoContributor management.info.process.enabled is not true (OnEnabledInfoContributorCondition)

   InfoContributorAutoConfiguration#sslInfo:
      Did not match:
         - @ConditionalOnEnabledInfoContributor management.info.ssl.enabled is not true (OnEnabledInfoContributorCondition)

   InfoContributorAutoConfiguration#sslInfoContributor:
      Did not match:
         - @ConditionalOnEnabledInfoContributor management.info.ssl.enabled is not true (OnEnabledInfoContributorCondition)

   Jackson2EndpointAutoConfiguration:
      Did not match:
         - @ConditionalOnClass did not find required class 'com.fasterxml.jackson.databind.ObjectMapper' (OnClassCondition)

   Jackson2HttpMessageConvertersConfiguration.MappingJackson2HttpMessageConverterConfiguration:
      Did not match:
         - @ConditionalOnClass did not find required class 'com.fasterxml.jackson.databind.ObjectMapper' (OnClassCondition)

   Jackson2HttpMessageConvertersConfiguration.MappingJackson2XmlHttpMessageConverterConfiguration:
      Did not match:
         - @ConditionalOnClass did not find required class 'tools.jackson.dataformat.xml.XmlMapper' (OnClassCondition)

   JacksonAutoConfiguration.CborConfiguration:
      Did not match:
         - @ConditionalOnClass did not find required class 'tools.jackson.dataformat.cbor.CBORMapper' (OnClassCondition)

   JacksonAutoConfiguration.XmlConfiguration:
      Did not match:
         - @ConditionalOnClass did not find required class 'tools.jackson.dataformat.xml.XmlMapper' (OnClassCondition)

   JacksonHttpMessageConvertersConfiguration.JacksonXmlHttpMessageConverterConfiguration:
      Did not match:
         - @ConditionalOnClass did not find required class 'tools.jackson.dataformat.xml.XmlMapper' (OnClassCondition)

   JmxAutoConfiguration:
      Did not match:
         - @ConditionalOnBooleanProperty (spring.jmx.enabled=true) did not find property 'spring.jmx.enabled' (OnPropertyCondition)
      Matched:
         - @ConditionalOnClass found required class 'org.springframework.jmx.export.MBeanExporter' (OnClassCondition)

   JmxEndpointAutoConfiguration:
      Did not match:
         - @ConditionalOnBooleanProperty (spring.jmx.enabled=true) did not find property 'spring.jmx.enabled' (OnPropertyCondition)

   JmxMetricsExportAutoConfiguration:
      Did not match:
         - @ConditionalOnClass did not find required class 'io.micrometer.jmx.JmxMeterRegistry' (OnClassCondition)

   JndiDataSourceAutoConfiguration:
      Did not match:
         - @ConditionalOnProperty (spring.datasource.jndi-name) did not find property 'spring.datasource.jndi-name' (OnPropertyCondition)
      Matched:
         - @ConditionalOnClass found required classes 'javax.sql.DataSource', 'org.springframework.jdbc.datasource.embedded.EmbeddedDatabaseType' (OnClassCondition)

   JndiJtaConfiguration:
      Did not match:
         - @ConditionalOnJndi JNDI environment is not available (OnJndiCondition)
      Matched:
         - @ConditionalOnClass found required class 'org.springframework.transaction.jta.JtaTransactionManager' (OnClassCondition)

   JsonbHttpMessageConvertersConfiguration:
      Did not match:
         - @ConditionalOnClass did not find required class 'jakarta.json.bind.Jsonb' (OnClassCondition)

   JvmMetricsAutoConfiguration.VirtualThreadMetricsConfiguration:
      Did not match:
         - @ConditionalOnClass did not find required class 'io.micrometer.java21.instrument.binder.jdk.VirtualThreadMetrics' (OnClassCondition)

   KairosMetricsExportAutoConfiguration:
      Did not match:
         - @ConditionalOnClass did not find required class 'io.micrometer.kairos.KairosMeterRegistry' (OnClassCondition)

   KotlinSerializationHttpMessageConvertersConfiguration:
      Did not match:
         - @ConditionalOnClass did not find required classes 'kotlinx.serialization.Serializable', 'kotlinx.serialization.json.Json' (OnClassCondition)

   LocalDevToolsAutoConfiguration.LiveReloadConfiguration:
      Did not match:
         - @ConditionalOnBooleanProperty (spring.devtools.livereload.enabled=true) did not find property 'spring.devtools.livereload.enabled' (OnPropertyCondition)

   LocalDevToolsAutoConfiguration.RestartConfiguration:
      Did not match:
         - @ConditionalOnBooleanProperty (spring.devtools.restart.enabled=true) found different value in property 'spring.devtools.restart.enabled' (OnPropertyCondition)

   Log4J2MetricsAutoConfiguration:
      Did not match:
         - @ConditionalOnClass did not find required class 'org.apache.logging.log4j.core.LoggerContext' (OnClassCondition)

   ManagementContextAutoConfiguration.DifferentManagementContextConfiguration:
      Did not match:
         - Management Port actual port type (SAME) did not match required type (DIFFERENT) (OnManagementPortCondition)

   MessageSourceAutoConfiguration:
      Did not match:
         - ResourceBundle did not find bundle with basename messages (MessageSourceAutoConfiguration.ResourceBundleCondition)

   MetricsAspectsAutoConfiguration:
      Did not match:
         - @ConditionalOnBooleanProperty (management.observations.annotations.enabled=true) did not find property 'management.observations.annotations.enabled' (OnPropertyCondition)
      Matched:
         - @ConditionalOnClass found required classes 'io.micrometer.core.instrument.MeterRegistry', 'org.aspectj.weaver.Advice' (OnClassCondition)

   NewRelicMetricsExportAutoConfiguration:
      Did not match:
         - @ConditionalOnClass did not find required class 'io.micrometer.newrelic.NewRelicMeterRegistry' (OnClassCondition)

   NoOpMeterRegistryConfiguration:
      Did not match:
         - @ConditionalOnMissingBean (types: io.micrometer.core.instrument.MeterRegistry; SearchStrategy: all) found beans of type 'io.micrometer.core.instrument.MeterRegistry' simpleMeterRegistry (OnBeanCondition)

   ObservationAutoConfiguration.ObservedAspectConfiguration:
      Did not match:
         - @ConditionalOnBooleanProperty (management.observations.annotations.enabled=true) did not find property 'management.observations.annotations.enabled' (OnPropertyCondition)
      Matched:
         - @ConditionalOnClass found required class 'org.aspectj.weaver.Advice' (OnClassCondition)

   OtlpMetricsExportAutoConfiguration:
      Did not match:
         - @ConditionalOnClass did not find required class 'io.micrometer.registry.otlp.OtlpMeterRegistry' (OnClassCondition)

   ProjectInfoAutoConfiguration#buildProperties:
      Did not match:
         - @ConditionalOnResource did not find resource '${spring.info.build.location:classpath:META-INF/build-info.properties}' (OnResourceCondition)

   ProjectInfoAutoConfiguration#gitProperties:
      Did not match:
         - GitResource did not find git info at classpath:git.properties (ProjectInfoAutoConfiguration.GitResourceAvailableCondition)

   PrometheusMetricsExportAutoConfiguration:
      Did not match:
         - @ConditionalOnClass did not find required class 'io.micrometer.prometheusmetrics.PrometheusMeterRegistry' (OnClassCondition)

   RemoteDevToolsAutoConfiguration:
      Did not match:
         - @ConditionalOnProperty (spring.devtools.remote.secret) did not find property 'spring.devtools.remote.secret' (OnPropertyCondition)
      Matched:
         - @ConditionalOnClass found required classes 'jakarta.servlet.Filter', 'org.springframework.http.server.ServerHttpRequest', 'org.springframework.boot.web.server.autoconfigure.ServerProperties' (OnClassCondition)

   ServletHttpExchangesAutoConfiguration:
      Did not match:
         - @ConditionalOnBean (types: org.springframework.boot.actuate.web.exchanges.HttpExchangeRepository; SearchStrategy: all) did not find any beans of type org.springframework.boot.actuate.web.exchanges.HttpExchangeRepository (OnBeanCondition)
      Matched:
         - found 'session' scope (OnWebApplicationCondition)
         - @ConditionalOnBooleanProperty (management.httpexchanges.recording.enabled=true) matched (OnPropertyCondition)

   ServletManagementContextAutoConfiguration.ApplicationContextFilterConfiguration:
      Did not match:
         - @ConditionalOnBooleanProperty (management.server.add-application-context-header=true) did not find property 'management.server.add-application-context-header' (OnPropertyCondition)

   ServletWebServerConfiguration#forwardedHeaderFilter:
      Did not match:
         - @ConditionalOnProperty (server.forward-headers-strategy=framework) did not find property 'server.forward-headers-strategy' (OnPropertyCondition)

   ShutdownEndpointAutoConfiguration:
      Did not match:
         - @ConditionalOnAvailableEndpoint the configured access for endpoint 'shutdown' is NONE (OnAvailableEndpointCondition)

   SpringApplicationAdminJmxAutoConfiguration:
      Did not match:
         - @ConditionalOnBooleanProperty (spring.application.admin.enabled=true) did not find property 'spring.application.admin.enabled' (OnPropertyCondition)

   StackdriverMetricsExportAutoConfiguration:
      Did not match:
         - @ConditionalOnClass did not find required class 'io.micrometer.stackdriver.StackdriverMeterRegistry' (OnClassCondition)

   StartupEndpointAutoConfiguration:
      Did not match:
         - ApplicationStartup configured applicationStartup is of type class org.springframework.core.metrics.DefaultApplicationStartup, expected BufferingApplicationStartup. (StartupEndpointAutoConfiguration.ApplicationStartupCondition)

   StatsdMetricsExportAutoConfiguration:
      Did not match:
         - @ConditionalOnClass did not find required class 'io.micrometer.statsd.StatsdMeterRegistry' (OnClassCondition)

   TaskExecutorConfigurations.AsyncConfigurerWrapperConfiguration:
      Did not match:
         - @ConditionalOnBean (types: org.springframework.scheduling.annotation.AsyncConfigurer; SearchStrategy: all) did not find any beans of type org.springframework.scheduling.annotation.AsyncConfigurer (OnBeanCondition)

   TaskExecutorConfigurations.SimpleAsyncTaskExecutorBuilderConfiguration#simpleAsyncTaskExecutorBuilderVirtualThreads:
      Did not match:
         - @ConditionalOnThreading did not find VIRTUAL (OnThreadingCondition)

   TaskExecutorConfigurations.TaskExecutorConfiguration#applicationTaskExecutorVirtualThreads:
      Did not match:
         - @ConditionalOnThreading did not find VIRTUAL (OnThreadingCondition)

   TaskSchedulingAutoConfiguration#scheduledBeanLazyInitializationExcludeFilter:
      Did not match:
         - @ConditionalOnBean (names: org.springframework.scheduling.config.internalScheduledAnnotationProcessor; SearchStrategy: all) did not find any beans named org.springframework.scheduling.config.internalScheduledAnnotationProcessor (OnBeanCondition)

   TaskSchedulingConfigurations.SimpleAsyncTaskSchedulerBuilderConfiguration#simpleAsyncTaskSchedulerBuilderVirtualThreads:
      Did not match:
         - @ConditionalOnThreading did not find VIRTUAL (OnThreadingCondition)

   TaskSchedulingConfigurations.TaskSchedulerConfiguration:
      Did not match:
         - @ConditionalOnBean (names: org.springframework.scheduling.config.internalScheduledAnnotationProcessor; SearchStrategy: all) did not find any beans named org.springframework.scheduling.config.internalScheduledAnnotationProcessor (OnBeanCondition)

   TomcatReactiveManagementContextAutoConfiguration:
      Did not match:
         - @ConditionalOnWebApplication did not find reactive web application classes (OnWebApplicationCondition)

   TomcatReactiveWebServerAutoConfiguration:
      Did not match:
         - @ConditionalOnWebApplication did not find reactive web application classes (OnWebApplicationCondition)

   TomcatServletManagementContextAutoConfiguration:
      Did not match:
         - Management Port actual port type (SAME) did not match required type (DIFFERENT) (OnManagementPortCondition)
      Matched:
         - @ConditionalOnClass found required class 'org.springframework.boot.actuate.autoconfigure.web.server.ManagementContextFactory' (OnClassCondition)
         - found 'session' scope (OnWebApplicationCondition)

   TomcatServletWebServerAutoConfiguration#tomcatForwardedHeaderFilterCustomizer:
      Did not match:
         - @ConditionalOnProperty (server.forward-headers-strategy=framework) did not find property 'server.forward-headers-strategy' (OnPropertyCondition)

   TomcatWebServerConfiguration#tomcatVirtualThreadsProtocolHandlerCustomizer:
      Did not match:
         - @ConditionalOnThreading did not find VIRTUAL (OnThreadingCondition)

   TransactionAutoConfiguration#transactionalOperator:
      Did not match:
         - @ConditionalOnSingleCandidate (types: org.springframework.transaction.ReactiveTransactionManager; SearchStrategy: all) did not find any beans (OnBeanCondition)

   TransactionAutoConfiguration.AspectJTransactionManagementConfiguration:
      Did not match:
         - @ConditionalOnBean (types: org.springframework.transaction.aspectj.AbstractTransactionAspect; SearchStrategy: all) did not find any beans of type org.springframework.transaction.aspectj.AbstractTransactionAspect (OnBeanCondition)

   TransactionAutoConfiguration.EnableTransactionManagementConfiguration.JdkDynamicAutoProxyConfiguration:
      Did not match:
         - @ConditionalOnBooleanProperty (spring.aop.proxy-target-class=false) did not find property 'spring.aop.proxy-target-class' (OnPropertyCondition)

   WebMvcAutoConfiguration#hiddenHttpMethodFilter:
      Did not match:
         - @ConditionalOnBooleanProperty (spring.mvc.hiddenmethod.filter.enabled=true) did not find property 'spring.mvc.hiddenmethod.filter.enabled' (OnPropertyCondition)

   WebMvcAutoConfiguration.ProblemDetailsErrorHandlingConfiguration:
      Did not match:
         - @ConditionalOnBooleanProperty (spring.mvc.problemdetails.enabled=true) did not find property 'spring.mvc.problemdetails.enabled' (OnPropertyCondition)

   WebMvcAutoConfiguration.ResourceChainCustomizerConfiguration:
      Did not match:
         - @ConditionalOnEnabledResourceChain did not find class org.webjars.WebJarVersionLocator (OnEnabledResourceChainCondition)

   WebMvcAutoConfiguration.WebMvcAutoConfigurationAdapter#beanNameViewResolver:
      Did not match:
         - @ConditionalOnMissingBean (types: org.springframework.web.servlet.view.BeanNameViewResolver; SearchStrategy: all) found beans of type 'org.springframework.web.servlet.view.BeanNameViewResolver' beanNameViewResolver (OnBeanCondition)

   WebMvcEndpointManagementContextConfiguration#endpointJackson2ObjectMapperWebMvcConfigurer:
      Did not match:
         - @ConditionalOnBean (types: org.springframework.boot.actuate.endpoint.jackson.EndpointJackson2ObjectMapper; SearchStrategy: all) did not find any beans of type org.springframework.boot.actuate.endpoint.jackson.EndpointJackson2ObjectMapper (OnBeanCondition)

   WebMvcEndpointManagementContextConfiguration#managementHealthEndpointWebMvcHandlerMapping:
      Did not match:
         - Management Port actual port type (SAME) did not match required type (DIFFERENT) (OnManagementPortCondition)
      Matched:
         - @ConditionalOnAvailableEndpoint marked as exposed by a 'management.endpoints.web.exposure' property (OnAvailableEndpointCondition)

   XADataSourceAutoConfiguration:
      Did not match:
         - @ConditionalOnBean (types: org.springframework.boot.jdbc.XADataSourceWrapper; SearchStrategy: all) did not find any beans of type org.springframework.boot.jdbc.XADataSourceWrapper (OnBeanCondition)
      Matched:
         - @ConditionalOnClass found required classes 'javax.sql.DataSource', 'jakarta.transaction.TransactionManager', 'org.springframework.jdbc.datasource.embedded.EmbeddedDatabaseType' (OnClassCondition)


Exclusions:
-----------

    None


Unconditional classes:
----------------------

    org.springframework.boot.health.autoconfigure.registry.HealthContributorRegistryAutoConfiguration

    org.springframework.boot.autoconfigure.context.ConfigurationPropertiesAutoConfiguration

    org.springframework.boot.autoconfigure.ssl.SslAutoConfiguration

    org.springframework.boot.actuate.autoconfigure.info.InfoContributorAutoConfiguration

    org.springframework.boot.autoconfigure.context.PropertyPlaceholderAutoConfiguration

    org.springframework.boot.autoconfigure.context.LifecycleAutoConfiguration

    org.springframework.boot.actuate.autoconfigure.endpoint.EndpointAutoConfiguration

    org.springframework.boot.health.autoconfigure.contributor.HealthContributorAutoConfiguration

    org.springframework.boot.autoconfigure.availability.ApplicationAvailabilityAutoConfiguration

    org.springframework.boot.autoconfigure.info.ProjectInfoAutoConfiguration

    org.springframework.boot.actuate.autoconfigure.web.server.ManagementContextAutoConfiguration



2026-04-03 20:53:23 INFO  c.s.s.p.ProdReadyFeaturesApplication - Started ProdReadyFeaturesApplication in 5.396 seconds (process running for 5.914)
2026-04-03 20:53:23 DEBUG o.s.b.a.ApplicationAvailabilityBean - Application availability state LivenessState changed to CORRECT
2026-04-03 20:53:23 DEBUG o.s.b.d.r.Restarter - Creating new Restarter for thread Thread[#3,main,5,main]
2026-04-03 20:53:23 DEBUG o.s.b.d.r.Restarter - Immediately restarting application
2026-04-03 20:53:23 DEBUG o.s.b.d.r.Restarter - Starting application com.shikhilrane.shikhil.prod_ready_features.ProdReadyFeaturesApplication with URLs [file:/Users/shikhilrane/Downloads/Programming/Git-remote-repos/Learnings/_13_Spring_Boot_CS/Spring_Boot_Learning/_04_Production_Ready_SpringBoot_Features/_06_Spring_Boot_Actuator/prod-ready-features/target/classes/]
2026-04-03 20:53:23 DEBUG o.s.b.a.ApplicationAvailabilityBean - Application availability state ReadinessState changed to ACCEPTING_TRAFFIC
2026-04-03 20:53:50 INFO  o.a.c.c.C.[.[.[/] - Initializing Spring DispatcherServlet 'dispatcherServlet'
2026-04-03 20:53:50 INFO  o.s.w.s.DispatcherServlet - Initializing Servlet 'dispatcherServlet'
2026-04-03 20:53:50 DEBUG o.s.w.s.DispatcherServlet - Detected StandardServletMultipartResolver
2026-04-03 20:53:50 DEBUG o.s.w.s.DispatcherServlet - Detected AcceptHeaderLocaleResolver
2026-04-03 20:53:50 DEBUG o.s.w.s.DispatcherServlet - Detected org.springframework.web.servlet.view.DefaultRequestToViewNameTranslator@1c0d9350
2026-04-03 20:53:50 DEBUG o.s.w.s.DispatcherServlet - Detected org.springframework.web.servlet.support.SessionFlashMapManager@38d77868
2026-04-03 20:53:50 DEBUG o.s.w.s.DispatcherServlet - enableLoggingRequestDetails='false': request parameters and headers will be masked to prevent unsafe logging of potentially sensitive data
2026-04-03 20:53:50 INFO  o.s.w.s.DispatcherServlet - Completed initialization in 5 ms
2026-04-03 20:53:50 DEBUG o.s.w.s.DispatcherServlet - GET "/actuator", parameters={}
2026-04-03 20:53:50 DEBUG o.s.b.w.a.e.w.WebMvcEndpointHandlerMapping - Mapped to Actuator root web endpoint
2026-04-03 20:53:50 DEBUG o.s.w.s.m.m.a.RequestResponseBodyMethodProcessor - Using 'application/vnd.spring-boot.actuator.v3+json;q=0.8', given [text/html, application/xhtml+xml, image/avif, image/webp, image/apng, application/xml;q=0.9, */*;q=0.8, application/signed-exchange;v=b3;q=0.7] and supported [application/vnd.spring-boot.actuator.v3+json, application/vnd.spring-boot.actuator.v2+json, application/json]
2026-04-03 20:53:50 DEBUG o.s.w.s.m.m.a.RequestResponseBodyMethodProcessor - Writing [APIResponse(timestamp=2026-04-03T20:53:50.902919, data={_links={self=[Link@226e607 href = 'http://lo (truncated)...]
2026-04-03 20:53:50 DEBUG o.s.w.s.DispatcherServlet - Completed 200 OK
2026-04-03 20:53:51 DEBUG o.s.w.s.DispatcherServlet - GET "/favicon.ico", parameters={}
2026-04-03 20:53:51 DEBUG o.s.w.s.h.SimpleUrlHandlerMapping - Mapped to ResourceHttpRequestHandler [classpath [META-INF/resources/], classpath [resources/], classpath [static/], classpath [public/], ServletContext [/]]
2026-04-03 20:53:51 DEBUG o.s.o.j.s.OpenEntityManagerInViewInterceptor - Opening JPA EntityManager in OpenEntityManagerInViewInterceptor
2026-04-03 20:53:51 DEBUG o.h.o.core - HHH006588: Opening session [tenant=null]
2026-04-03 20:53:51 DEBUG o.s.w.s.r.ResourceHttpRequestHandler - Resource not found
2026-04-03 20:53:51 DEBUG o.s.w.s.m.s.DefaultHandlerExceptionResolver - Resolved [org.springframework.web.servlet.resource.NoResourceFoundException: No static resource favicon.ico for request '/favicon.ico'.]
2026-04-03 20:53:51 DEBUG o.s.o.j.s.OpenEntityManagerInViewInterceptor - Closing JPA EntityManager in OpenEntityManagerInViewInterceptor
2026-04-03 20:53:51 DEBUG o.h.s.metrics - HHH000401: Logging session metrics:
	0 ns acquiring 0 JDBC connections
	0 ns releasing 0 JDBC connections
	0 ns preparing 0 JDBC statements
	0 ns executing 0 JDBC statements
	0 ns executing 0 JDBC batches
	0 ns performing 0 second-level cache puts
	0 ns performing 0 second-level cache hits
	0 ns performing 0 second-level cache misses
	0 ns executing 0 flushes (flushing a total of 0 entities and 0 collections)
	0 ns executing 0 pre-partial-flushes
	0 ns executing 0 partial-flushes (flushing a total of 0 entities and 0 collections)

2026-04-03 20:53:51 DEBUG o.s.w.s.DispatcherServlet - Completed 404 NOT_FOUND
2026-04-03 20:53:51 DEBUG o.s.w.s.DispatcherServlet - "ERROR" dispatch for GET "/error", parameters={}
2026-04-03 20:53:51 DEBUG o.s.w.s.m.m.a.RequestMappingHandlerMapping - Mapped to org.springframework.boot.webmvc.autoconfigure.error.BasicErrorController#error(HttpServletRequest)
2026-04-03 20:53:51 DEBUG o.s.o.j.s.OpenEntityManagerInViewInterceptor - Opening JPA EntityManager in OpenEntityManagerInViewInterceptor
2026-04-03 20:53:51 DEBUG o.h.o.core - HHH006588: Opening session [tenant=null]
2026-04-03 20:53:51 DEBUG o.s.w.s.m.m.a.HttpEntityMethodProcessor - Using 'application/json;q=0.8', given [image/avif, image/webp, image/apng, image/svg+xml, image/*, */*;q=0.8] and supported [application/json, application/*+json]
2026-04-03 20:53:51 DEBUG o.s.w.s.m.m.a.HttpEntityMethodProcessor - Writing [APIResponse(timestamp=2026-04-03T20:53:51.361571, data={timestamp=Fri Apr 03 20:53:51 IST 2026, stat (truncated)...]
2026-04-03 20:53:51 DEBUG o.s.o.j.s.OpenEntityManagerInViewInterceptor - Closing JPA EntityManager in OpenEntityManagerInViewInterceptor
2026-04-03 20:53:51 DEBUG o.h.s.metrics - HHH000401: Logging session metrics:
	0 ns acquiring 0 JDBC connections
	0 ns releasing 0 JDBC connections
	0 ns preparing 0 JDBC statements
	0 ns executing 0 JDBC statements
	0 ns executing 0 JDBC batches
	0 ns performing 0 second-level cache puts
	0 ns performing 0 second-level cache hits
	0 ns performing 0 second-level cache misses
	0 ns executing 0 flushes (flushing a total of 0 entities and 0 collections)
	0 ns executing 0 pre-partial-flushes
	0 ns executing 0 partial-flushes (flushing a total of 0 entities and 0 collections)

2026-04-03 20:53:51 DEBUG o.s.w.s.DispatcherServlet - Exiting from "ERROR" dispatch, status 404
2026-04-03 20:53:51 DEBUG c.z.h.p.HikariPool - HikariPool-1 - Pool stats (total=10/10, idle=10/10, active=0, waiting=0)
2026-04-03 20:53:51 DEBUG c.z.h.p.HikariPool - HikariPool-1 - Fill pool skipped, pool has sufficient level or currently being filled.
2026-04-03 20:54:21 DEBUG c.z.h.p.HikariPool - HikariPool-1 - Pool stats (total=10/10, idle=10/10, active=0, waiting=0)
2026-04-03 20:54:21 DEBUG c.z.h.p.HikariPool - HikariPool-1 - Fill pool skipped, pool has sufficient level or currently being filled.
2026-04-03 20:54:51 DEBUG c.z.h.p.HikariPool - HikariPool-1 - Pool stats (total=10/10, idle=10/10, active=0, waiting=0)
2026-04-03 20:54:51 DEBUG c.z.h.p.HikariPool - HikariPool-1 - Fill pool skipped, pool has sufficient level or currently being filled.
2026-04-03 20:54:59 DEBUG c.z.h.p.HikariPool - HikariPool-1 - keepalive: connection com.mysql.cj.jdbc.ConnectionImpl@75591811 is alive
2026-04-03 20:54:59 DEBUG c.z.h.p.HikariPool - HikariPool-1 - keepalive: connection com.mysql.cj.jdbc.ConnectionImpl@6ad139bf is alive
2026-04-03 20:55:01 DEBUG c.z.h.p.HikariPool - HikariPool-1 - keepalive: connection com.mysql.cj.jdbc.ConnectionImpl@44664b47 is alive
2026-04-03 20:55:02 DEBUG c.z.h.p.HikariPool - HikariPool-1 - keepalive: connection com.mysql.cj.jdbc.ConnectionImpl@1576e75e is alive
2026-04-03 20:55:08 DEBUG c.z.h.p.HikariPool - HikariPool-1 - keepalive: connection com.mysql.cj.jdbc.ConnectionImpl@2156c1de is alive
2026-04-03 20:55:08 DEBUG c.z.h.p.HikariPool - HikariPool-1 - keepalive: connection com.mysql.cj.jdbc.ConnectionImpl@3464122a is alive
2026-04-03 20:55:16 DEBUG c.z.h.p.HikariPool - HikariPool-1 - keepalive: connection com.mysql.cj.jdbc.ConnectionImpl@11381e89 is alive
2026-04-03 20:55:16 DEBUG c.z.h.p.HikariPool - HikariPool-1 - keepalive: connection com.mysql.cj.jdbc.ConnectionImpl@ce51da0 is alive
2026-04-03 20:55:19 DEBUG c.z.h.p.HikariPool - HikariPool-1 - keepalive: connection com.mysql.cj.jdbc.ConnectionImpl@35551f28 is alive
2026-04-03 20:55:21 DEBUG c.z.h.p.HikariPool - HikariPool-1 - keepalive: connection com.mysql.cj.jdbc.ConnectionImpl@6582cd77 is alive
2026-04-03 20:55:21 DEBUG c.z.h.p.HikariPool - HikariPool-1 - Pool stats (total=10/10, idle=10/10, active=0, waiting=0)
2026-04-03 20:55:21 DEBUG c.z.h.p.HikariPool - HikariPool-1 - Fill pool skipped, pool has sufficient level or currently being filled.
2026-04-03 20:55:51 DEBUG c.z.h.p.HikariPool - HikariPool-1 - Pool stats (total=10/10, idle=10/10, active=0, waiting=0)
2026-04-03 20:55:51 DEBUG c.z.h.p.HikariPool - HikariPool-1 - Fill pool skipped, pool has sufficient level or currently being filled.
2026-04-03 20:56:21 DEBUG c.z.h.p.HikariPool - HikariPool-1 - Pool stats (total=10/10, idle=10/10, active=0, waiting=0)
2026-04-03 20:56:21 DEBUG c.z.h.p.HikariPool - HikariPool-1 - Fill pool skipped, pool has sufficient level or currently being filled.
2026-04-03 20:56:36 DEBUG c.z.h.p.HikariPool - HikariPool-1 - keepalive: connection com.mysql.cj.jdbc.ConnectionImpl@75591811 is alive
2026-04-03 20:56:38 DEBUG c.z.h.p.HikariPool - HikariPool-1 - keepalive: connection com.mysql.cj.jdbc.ConnectionImpl@6ad139bf is alive
2026-04-03 20:56:41 DEBUG c.z.h.p.HikariPool - HikariPool-1 - keepalive: connection com.mysql.cj.jdbc.ConnectionImpl@44664b47 is alive
2026-04-03 20:56:42 DEBUG c.z.h.p.HikariPool - HikariPool-1 - keepalive: connection com.mysql.cj.jdbc.ConnectionImpl@1576e75e is alive
2026-04-03 20:56:51 DEBUG c.z.h.p.HikariPool - HikariPool-1 - Pool stats (total=10/10, idle=10/10, active=0, waiting=0)
2026-04-03 20:56:51 DEBUG c.z.h.p.HikariPool - HikariPool-1 - Fill pool skipped, pool has sufficient level or currently being filled.
2026-04-03 20:56:54 DEBUG c.z.h.p.HikariPool - HikariPool-1 - keepalive: connection com.mysql.cj.jdbc.ConnectionImpl@2156c1de is alive
2026-04-03 20:56:55 DEBUG c.z.h.p.HikariPool - HikariPool-1 - keepalive: connection com.mysql.cj.jdbc.ConnectionImpl@3464122a is alive
2026-04-03 20:57:10 DEBUG c.z.h.p.HikariPool - HikariPool-1 - keepalive: connection com.mysql.cj.jdbc.ConnectionImpl@11381e89 is alive
2026-04-03 20:57:10 DEBUG c.z.h.p.HikariPool - HikariPool-1 - keepalive: connection com.mysql.cj.jdbc.ConnectionImpl@ce51da0 is alive
2026-04-03 20:57:16 DEBUG c.z.h.p.HikariPool - HikariPool-1 - keepalive: connection com.mysql.cj.jdbc.ConnectionImpl@35551f28 is alive
2026-04-03 20:57:18 DEBUG o.s.w.s.DispatcherServlet - GET "/actuator/conditions", parameters={}
2026-04-03 20:57:18 DEBUG o.s.b.w.a.e.w.WebMvcEndpointHandlerMapping - Mapped to Actuator web endpoint 'conditions'
2026-04-03 20:57:18 DEBUG o.s.w.s.m.m.a.RequestResponseBodyMethodProcessor - Read "application/octet-stream" to []
2026-04-03 20:57:18 DEBUG o.s.w.s.m.m.a.RequestResponseBodyMethodProcessor - Using 'application/vnd.spring-boot.actuator.v3+json;q=0.8', given [text/html, application/xhtml+xml, image/avif, image/webp, image/apng, application/xml;q=0.9, */*;q=0.8, application/signed-exchange;v=b3;q=0.7] and supported [application/vnd.spring-boot.actuator.v3+json, application/vnd.spring-boot.actuator.v2+json, application/json]
2026-04-03 20:57:18 DEBUG o.s.w.s.m.m.a.RequestResponseBodyMethodProcessor - Writing [APIResponse(timestamp=2026-04-03T20:57:18.330446, data=org.springframework.boot.actuate.autoconfigur (truncated)...]
2026-04-03 20:57:18 DEBUG o.s.w.s.DispatcherServlet - Completed 200 OK
2026-04-03 20:57:21 DEBUG c.z.h.p.HikariPool - HikariPool-1 - keepalive: connection com.mysql.cj.jdbc.ConnectionImpl@6582cd77 is alive
2026-04-03 20:57:21 DEBUG c.z.h.p.HikariPool - HikariPool-1 - Pool stats (total=10/10, idle=10/10, active=0, waiting=0)
2026-04-03 20:57:21 DEBUG c.z.h.p.HikariPool - HikariPool-1 - Fill pool skipped, pool has sufficient level or currently being filled.
2026-04-03 20:57:50 DEBUG o.s.w.s.DispatcherServlet - GET "/actuator", parameters={}
2026-04-03 20:57:50 DEBUG o.s.b.w.a.e.w.WebMvcEndpointHandlerMapping - Mapped to Actuator root web endpoint
2026-04-03 20:57:50 DEBUG o.s.w.s.m.m.a.RequestResponseBodyMethodProcessor - Using 'application/vnd.spring-boot.actuator.v3+json;q=0.8', given [text/html, application/xhtml+xml, image/avif, image/webp, image/apng, application/xml;q=0.9, */*;q=0.8, application/signed-exchange;v=b3;q=0.7] and supported [application/vnd.spring-boot.actuator.v3+json, application/vnd.spring-boot.actuator.v2+json, application/json]
2026-04-03 20:57:50 DEBUG o.s.w.s.m.m.a.RequestResponseBodyMethodProcessor - Writing [APIResponse(timestamp=2026-04-03T20:57:50.337057, data={_links={self=[Link@34dc127 href = 'http://lo (truncated)...]
2026-04-03 20:57:50 DEBUG o.s.w.s.DispatcherServlet - Completed 200 OK
2026-04-03 20:57:51 DEBUG c.z.h.p.HikariPool - HikariPool-1 - Pool stats (total=10/10, idle=10/10, active=0, waiting=0)
2026-04-03 20:57:51 DEBUG c.z.h.p.HikariPool - HikariPool-1 - Fill pool skipped, pool has sufficient level or currently being filled.
2026-04-03 20:57:52 DEBUG o.s.w.s.DispatcherServlet - GET "/actuator", parameters={}
2026-04-03 20:57:52 DEBUG o.s.b.w.a.e.w.WebMvcEndpointHandlerMapping - Mapped to Actuator root web endpoint
2026-04-03 20:57:52 DEBUG o.s.w.s.m.m.a.RequestResponseBodyMethodProcessor - Using 'application/vnd.spring-boot.actuator.v3+json;q=0.8', given [text/html, application/xhtml+xml, image/avif, image/webp, image/apng, application/xml;q=0.9, */*;q=0.8, application/signed-exchange;v=b3;q=0.7] and supported [application/vnd.spring-boot.actuator.v3+json, application/vnd.spring-boot.actuator.v2+json, application/json]
2026-04-03 20:57:52 DEBUG o.s.w.s.m.m.a.RequestResponseBodyMethodProcessor - Writing [APIResponse(timestamp=2026-04-03T20:57:52.111556, data={_links={self=[Link@48352d07 href = 'http://l (truncated)...]
2026-04-03 20:57:52 DEBUG o.s.w.s.DispatcherServlet - Completed 200 OK
2026-04-03 20:57:54 DEBUG o.s.w.s.DispatcherServlet - GET "/actuator", parameters={}
2026-04-03 20:57:54 DEBUG o.s.b.w.a.e.w.WebMvcEndpointHandlerMapping - Mapped to Actuator root web endpoint
2026-04-03 20:57:54 DEBUG o.s.w.s.m.m.a.RequestResponseBodyMethodProcessor - Using 'application/vnd.spring-boot.actuator.v3+json;q=0.8', given [text/html, application/xhtml+xml, image/avif, image/webp, image/apng, application/xml;q=0.9, */*;q=0.8, application/signed-exchange;v=b3;q=0.7] and supported [application/vnd.spring-boot.actuator.v3+json, application/vnd.spring-boot.actuator.v2+json, application/json]
2026-04-03 20:57:54 DEBUG o.s.w.s.m.m.a.RequestResponseBodyMethodProcessor - Writing [APIResponse(timestamp=2026-04-03T20:57:54.020065, data={_links={self=[Link@69255b5 href = 'http://lo (truncated)...]
2026-04-03 20:57:54 DEBUG o.s.w.s.DispatcherServlet - Completed 200 OK
2026-04-03 20:57:59 DEBUG o.s.w.s.DispatcherServlet - GET "/actuator/beans", parameters={}
2026-04-03 20:57:59 DEBUG o.s.b.w.a.e.w.WebMvcEndpointHandlerMapping - Mapped to Actuator web endpoint 'beans'
2026-04-03 20:57:59 DEBUG o.s.w.s.m.m.a.RequestResponseBodyMethodProcessor - Read "application/octet-stream" to []
2026-04-03 20:57:59 DEBUG o.s.w.s.m.m.a.RequestResponseBodyMethodProcessor - Using 'application/vnd.spring-boot.actuator.v3+json;q=0.8', given [text/html, application/xhtml+xml, image/avif, image/webp, image/apng, application/xml;q=0.9, */*;q=0.8, application/signed-exchange;v=b3;q=0.7] and supported [application/vnd.spring-boot.actuator.v3+json, application/vnd.spring-boot.actuator.v2+json, application/json]
2026-04-03 20:57:59 DEBUG o.s.w.s.m.m.a.RequestResponseBodyMethodProcessor - Writing [APIResponse(timestamp=2026-04-03T20:57:59.775530, data=org.springframework.boot.actuate.beans.BeansE (truncated)...]
2026-04-03 20:57:59 DEBUG o.s.w.s.DispatcherServlet - Completed 200 OK
2026-04-03 20:58:13 DEBUG c.z.h.p.HikariPool - HikariPool-1 - keepalive: connection com.mysql.cj.jdbc.ConnectionImpl@75591811 is alive
2026-04-03 20:58:16 DEBUG c.z.h.p.HikariPool - HikariPool-1 - keepalive: connection com.mysql.cj.jdbc.ConnectionImpl@6ad139bf is alive
2026-04-03 20:58:20 DEBUG c.z.h.p.HikariPool - HikariPool-1 - keepalive: connection com.mysql.cj.jdbc.ConnectionImpl@44664b47 is alive
2026-04-03 20:58:21 DEBUG c.z.h.p.HikariPool - HikariPool-1 - Pool stats (total=10/10, idle=10/10, active=0, waiting=0)
2026-04-03 20:58:21 DEBUG c.z.h.p.HikariPool - HikariPool-1 - Fill pool skipped, pool has sufficient level or currently being filled.
2026-04-03 20:58:22 DEBUG c.z.h.p.HikariPool - HikariPool-1 - keepalive: connection com.mysql.cj.jdbc.ConnectionImpl@1576e75e is alive
2026-04-03 20:58:40 DEBUG c.z.h.p.HikariPool - HikariPool-1 - keepalive: connection com.mysql.cj.jdbc.ConnectionImpl@2156c1de is alive
2026-04-03 20:58:41 DEBUG c.z.h.p.HikariPool - HikariPool-1 - keepalive: connection com.mysql.cj.jdbc.ConnectionImpl@3464122a is alive
2026-04-03 20:58:51 DEBUG c.z.h.p.HikariPool - HikariPool-1 - Pool stats (total=10/10, idle=10/10, active=0, waiting=0)
2026-04-03 20:58:51 DEBUG c.z.h.p.HikariPool - HikariPool-1 - Fill pool skipped, pool has sufficient level or currently being filled.
2026-04-03 20:58:55 DEBUG o.s.w.s.DispatcherServlet - GET "/actuator/beans", parameters={}
2026-04-03 20:58:55 DEBUG o.s.b.w.a.e.w.WebMvcEndpointHandlerMapping - Mapped to Actuator web endpoint 'beans'
2026-04-03 20:58:55 DEBUG o.s.w.s.m.m.a.RequestResponseBodyMethodProcessor - Read "application/octet-stream" to []
2026-04-03 20:58:55 DEBUG o.s.w.s.m.m.a.RequestResponseBodyMethodProcessor - Using 'application/vnd.spring-boot.actuator.v3+json;q=0.8', given [text/html, application/xhtml+xml, image/avif, image/webp, image/apng, application/xml;q=0.9, */*;q=0.8, application/signed-exchange;v=b3;q=0.7] and supported [application/vnd.spring-boot.actuator.v3+json, application/vnd.spring-boot.actuator.v2+json, application/json]
2026-04-03 20:58:55 DEBUG o.s.w.s.m.m.a.RequestResponseBodyMethodProcessor - Writing [APIResponse(timestamp=2026-04-03T20:58:55.480137, data=org.springframework.boot.actuate.beans.BeansE (truncated)...]
2026-04-03 20:58:55 DEBUG o.s.w.s.DispatcherServlet - Completed 200 OK
2026-04-03 20:59:04 DEBUG c.z.h.p.HikariPool - HikariPool-1 - keepalive: connection com.mysql.cj.jdbc.ConnectionImpl@11381e89 is alive
2026-04-03 20:59:05 DEBUG c.z.h.p.HikariPool - HikariPool-1 - keepalive: connection com.mysql.cj.jdbc.ConnectionImpl@ce51da0 is alive
2026-04-03 20:59:13 DEBUG c.z.h.p.HikariPool - HikariPool-1 - keepalive: connection com.mysql.cj.jdbc.ConnectionImpl@35551f28 is alive
2026-04-03 20:59:20 DEBUG c.z.h.p.HikariPool - HikariPool-1 - keepalive: connection com.mysql.cj.jdbc.ConnectionImpl@6582cd77 is alive
2026-04-03 20:59:21 DEBUG c.z.h.p.HikariPool - HikariPool-1 - Pool stats (total=10/10, idle=10/10, active=0, waiting=0)
2026-04-03 20:59:21 DEBUG c.z.h.p.HikariPool - HikariPool-1 - Fill pool skipped, pool has sufficient level or currently being filled.
2026-04-03 20:59:50 DEBUG c.z.h.p.HikariPool - HikariPool-1 - keepalive: connection com.mysql.cj.jdbc.ConnectionImpl@75591811 is alive
2026-04-03 20:59:51 DEBUG c.z.h.p.HikariPool - HikariPool-1 - Pool stats (total=10/10, idle=10/10, active=0, waiting=0)
2026-04-03 20:59:51 DEBUG c.z.h.p.HikariPool - HikariPool-1 - Fill pool skipped, pool has sufficient level or currently being filled.
2026-04-03 20:59:54 DEBUG c.z.h.p.HikariPool - HikariPool-1 - keepalive: connection com.mysql.cj.jdbc.ConnectionImpl@6ad139bf is alive
2026-04-03 21:00:00 DEBUG c.z.h.p.HikariPool - HikariPool-1 - keepalive: connection com.mysql.cj.jdbc.ConnectionImpl@44664b47 is alive
2026-04-03 21:00:02 DEBUG c.z.h.p.HikariPool - HikariPool-1 - keepalive: connection com.mysql.cj.jdbc.ConnectionImpl@1576e75e is alive
2026-04-03 21:00:11 DEBUG o.s.w.s.DispatcherServlet - GET "/actuator/info", parameters={}
2026-04-03 21:00:11 DEBUG o.s.b.w.a.e.w.WebMvcEndpointHandlerMapping - Mapped to Actuator web endpoint 'info'
2026-04-03 21:00:11 DEBUG o.s.w.s.m.m.a.RequestResponseBodyMethodProcessor - Read "application/octet-stream" to []
2026-04-03 21:00:11 DEBUG o.s.w.s.m.m.a.RequestResponseBodyMethodProcessor - Using 'application/vnd.spring-boot.actuator.v3+json;q=0.8', given [text/html, application/xhtml+xml, image/avif, image/webp, image/apng, application/xml;q=0.9, */*;q=0.8, application/signed-exchange;v=b3;q=0.7] and supported [application/vnd.spring-boot.actuator.v3+json, application/vnd.spring-boot.actuator.v2+json, application/json]
2026-04-03 21:00:11 DEBUG o.s.w.s.m.m.a.RequestResponseBodyMethodProcessor - Writing [APIResponse(timestamp=2026-04-03T21:00:11.662028, data={app={author=Shikhil Rane, version=1.0.0, doc (truncated)...]
2026-04-03 21:00:11 DEBUG o.s.w.s.DispatcherServlet - Completed 200 OK
2026-04-03 21:00:21 DEBUG c.z.h.p.HikariPool - HikariPool-1 - Pool stats (total=10/10, idle=10/10, active=0, waiting=0)
2026-04-03 21:00:21 DEBUG c.z.h.p.HikariPool - HikariPool-1 - Fill pool skipped, pool has sufficient level or currently being filled.
2026-04-03 21:00:27 DEBUG c.z.h.p.HikariPool - HikariPool-1 - keepalive: connection com.mysql.cj.jdbc.ConnectionImpl@2156c1de is alive
2026-04-03 21:00:28 DEBUG c.z.h.p.HikariPool - HikariPool-1 - keepalive: connection com.mysql.cj.jdbc.ConnectionImpl@3464122a is alive
2026-04-03 21:00:51 DEBUG c.z.h.p.HikariPool - HikariPool-1 - Pool stats (total=10/10, idle=10/10, active=0, waiting=0)
2026-04-03 21:00:51 DEBUG c.z.h.p.HikariPool - HikariPool-1 - Fill pool skipped, pool has sufficient level or currently being filled.
2026-04-03 21:00:58 DEBUG c.z.h.p.HikariPool - HikariPool-1 - keepalive: connection com.mysql.cj.jdbc.ConnectionImpl@11381e89 is alive
2026-04-03 21:00:59 DEBUG c.z.h.p.HikariPool - HikariPool-1 - keepalive: connection com.mysql.cj.jdbc.ConnectionImpl@ce51da0 is alive
2026-04-03 21:01:10 DEBUG c.z.h.p.HikariPool - HikariPool-1 - keepalive: connection com.mysql.cj.jdbc.ConnectionImpl@35551f28 is alive
2026-04-03 21:01:19 DEBUG c.z.h.p.HikariPool - HikariPool-1 - keepalive: connection com.mysql.cj.jdbc.ConnectionImpl@6582cd77 is alive
2026-04-03 21:01:21 DEBUG c.z.h.p.HikariPool - HikariPool-1 - Pool stats (total=10/10, idle=10/10, active=0, waiting=0)
2026-04-03 21:01:21 DEBUG c.z.h.p.HikariPool - HikariPool-1 - Fill pool skipped, pool has sufficient level or currently being filled.
2026-04-03 21:01:28 DEBUG c.z.h.p.HikariPool - HikariPool-1 - keepalive: connection com.mysql.cj.jdbc.ConnectionImpl@75591811 is alive
2026-04-03 21:01:32 DEBUG c.z.h.p.HikariPool - HikariPool-1 - keepalive: connection com.mysql.cj.jdbc.ConnectionImpl@6ad139bf is alive
2026-04-03 21:01:39 DEBUG c.z.h.p.HikariPool - HikariPool-1 - keepalive: connection com.mysql.cj.jdbc.ConnectionImpl@44664b47 is alive
2026-04-03 21:01:42 DEBUG c.z.h.p.HikariPool - HikariPool-1 - keepalive: connection com.mysql.cj.jdbc.ConnectionImpl@1576e75e is alive
2026-04-03 21:01:51 DEBUG c.z.h.p.HikariPool - HikariPool-1 - Pool stats (total=10/10, idle=10/10, active=0, waiting=0)
2026-04-03 21:01:51 DEBUG c.z.h.p.HikariPool - HikariPool-1 - Fill pool skipped, pool has sufficient level or currently being filled.
2026-04-03 21:02:13 DEBUG c.z.h.p.HikariPool - HikariPool-1 - keepalive: connection com.mysql.cj.jdbc.ConnectionImpl@2156c1de is alive
2026-04-03 21:02:14 DEBUG c.z.h.p.HikariPool - HikariPool-1 - keepalive: connection com.mysql.cj.jdbc.ConnectionImpl@3464122a is alive
2026-04-03 21:02:21 DEBUG c.z.h.p.HikariPool - HikariPool-1 - Pool stats (total=10/10, idle=10/10, active=0, waiting=0)
2026-04-03 21:02:21 DEBUG c.z.h.p.HikariPool - HikariPool-1 - Fill pool skipped, pool has sufficient level or currently being filled.
2026-04-03 21:02:27 DEBUG o.s.w.s.DispatcherServlet - GET "/actuator/health", parameters={}
2026-04-03 21:02:27 DEBUG o.s.b.w.a.e.w.WebMvcEndpointHandlerMapping - Mapped to Actuator web endpoint 'health'
2026-04-03 21:02:27 DEBUG o.s.w.s.m.m.a.RequestResponseBodyMethodProcessor - Read "application/octet-stream" to []
2026-04-03 21:02:27 DEBUG o.s.j.d.DataSourceUtils - Fetching JDBC Connection from DataSource
2026-04-03 21:02:27 DEBUG o.s.j.d.DataSourceUtils - Fetching JDBC Connection from DataSource
2026-04-03 21:02:27 DEBUG o.s.w.s.m.m.a.HttpEntityMethodProcessor - Using 'application/vnd.spring-boot.actuator.v3+json;q=0.8', given [text/html, application/xhtml+xml, image/avif, image/webp, image/apng, application/xml;q=0.9, */*;q=0.8, application/signed-exchange;v=b3;q=0.7] and supported [application/vnd.spring-boot.actuator.v3+json, application/vnd.spring-boot.actuator.v2+json, application/json]
2026-04-03 21:02:27 DEBUG o.s.w.s.m.m.a.HttpEntityMethodProcessor - Writing [APIResponse(timestamp=2026-04-03T21:02:27.234758, data=org.springframework.boot.health.actuate.endpo (truncated)...]
2026-04-03 21:02:27 DEBUG o.s.w.s.DispatcherServlet - Completed 200 OK
2026-04-03 21:02:39 DEBUG o.s.w.s.DispatcherServlet - GET "/actuator/metrics", parameters={}
2026-04-03 21:02:39 DEBUG o.s.b.w.a.e.w.WebMvcEndpointHandlerMapping - Mapped to Actuator web endpoint 'metrics'
2026-04-03 21:02:39 DEBUG o.s.w.s.m.m.a.RequestResponseBodyMethodProcessor - Read "application/octet-stream" to []
2026-04-03 21:02:39 DEBUG o.s.w.s.m.m.a.RequestResponseBodyMethodProcessor - Using 'application/vnd.spring-boot.actuator.v3+json;q=0.8', given [text/html, application/xhtml+xml, image/avif, image/webp, image/apng, application/xml;q=0.9, */*;q=0.8, application/signed-exchange;v=b3;q=0.7] and supported [application/vnd.spring-boot.actuator.v3+json, application/vnd.spring-boot.actuator.v2+json, application/json]
2026-04-03 21:02:39 DEBUG o.s.w.s.m.m.a.RequestResponseBodyMethodProcessor - Writing [APIResponse(timestamp=2026-04-03T21:02:39.457940, data=org.springframework.boot.micrometer.metrics.a (truncated)...]
2026-04-03 21:02:39 DEBUG o.s.w.s.DispatcherServlet - Completed 200 OK
2026-04-03 21:02:51 DEBUG c.z.h.p.HikariPool - HikariPool-1 - Pool stats (total=10/10, idle=10/10, active=0, waiting=0)
2026-04-03 21:02:51 DEBUG c.z.h.p.HikariPool - HikariPool-1 - Fill pool skipped, pool has sufficient level or currently being filled.
2026-04-03 21:02:52 DEBUG c.z.h.p.HikariPool - HikariPool-1 - keepalive: connection com.mysql.cj.jdbc.ConnectionImpl@11381e89 is alive
2026-04-03 21:02:53 DEBUG c.z.h.p.HikariPool - HikariPool-1 - keepalive: connection com.mysql.cj.jdbc.ConnectionImpl@ce51da0 is alive
2026-04-03 21:03:05 DEBUG c.z.h.p.HikariPool - HikariPool-1 - keepalive: connection com.mysql.cj.jdbc.ConnectionImpl@75591811 is alive
2026-04-03 21:03:07 DEBUG c.z.h.p.HikariPool - HikariPool-1 - keepalive: connection com.mysql.cj.jdbc.ConnectionImpl@35551f28 is alive
2026-04-03 21:03:10 DEBUG c.z.h.p.HikariPool - HikariPool-1 - keepalive: connection com.mysql.cj.jdbc.ConnectionImpl@6ad139bf is alive
2026-04-03 21:03:19 DEBUG c.z.h.p.HikariPool - HikariPool-1 - keepalive: connection com.mysql.cj.jdbc.ConnectionImpl@6582cd77 is alive
2026-04-03 21:03:19 DEBUG c.z.h.p.HikariPool - HikariPool-1 - keepalive: connection com.mysql.cj.jdbc.ConnectionImpl@44664b47 is alive
2026-04-03 21:03:21 DEBUG c.z.h.p.HikariPool - HikariPool-1 - Pool stats (total=10/10, idle=10/10, active=0, waiting=0)
2026-04-03 21:03:21 DEBUG c.z.h.p.HikariPool - HikariPool-1 - Fill pool skipped, pool has sufficient level or currently being filled.
2026-04-03 21:03:23 DEBUG c.z.h.p.HikariPool - HikariPool-1 - keepalive: connection com.mysql.cj.jdbc.ConnectionImpl@1576e75e is alive
2026-04-03 21:03:51 DEBUG c.z.h.p.HikariPool - HikariPool-1 - Pool stats (total=10/10, idle=10/10, active=0, waiting=0)
2026-04-03 21:03:51 DEBUG c.z.h.p.HikariPool - HikariPool-1 - Fill pool skipped, pool has sufficient level or currently being filled.
2026-04-03 21:03:59 DEBUG c.z.h.p.HikariPool - HikariPool-1 - keepalive: connection com.mysql.cj.jdbc.ConnectionImpl@2156c1de is alive
2026-04-03 21:04:01 DEBUG c.z.h.p.HikariPool - HikariPool-1 - keepalive: connection com.mysql.cj.jdbc.ConnectionImpl@3464122a is alive
2026-04-03 21:04:21 DEBUG c.z.h.p.HikariPool - HikariPool-1 - Pool stats (total=10/10, idle=10/10, active=0, waiting=0)
2026-04-03 21:04:21 DEBUG c.z.h.p.HikariPool - HikariPool-1 - Fill pool skipped, pool has sufficient level or currently being filled.
2026-04-03 21:04:42 DEBUG c.z.h.p.HikariPool - HikariPool-1 - keepalive: connection com.mysql.cj.jdbc.ConnectionImpl@75591811 is alive
2026-04-03 21:04:46 DEBUG c.z.h.p.HikariPool - HikariPool-1 - keepalive: connection com.mysql.cj.jdbc.ConnectionImpl@11381e89 is alive
2026-04-03 21:04:48 DEBUG c.z.h.p.HikariPool - HikariPool-1 - keepalive: connection com.mysql.cj.jdbc.ConnectionImpl@ce51da0 is alive
2026-04-03 21:04:48 DEBUG c.z.h.p.HikariPool - HikariPool-1 - keepalive: connection com.mysql.cj.jdbc.ConnectionImpl@6ad139bf is alive
2026-04-03 21:04:51 DEBUG c.z.h.p.HikariPool - HikariPool-1 - Pool stats (total=10/10, idle=10/10, active=0, waiting=0)
2026-04-03 21:04:51 DEBUG c.z.h.p.HikariPool - HikariPool-1 - Fill pool skipped, pool has sufficient level or currently being filled.
2026-04-03 21:04:59 DEBUG c.z.h.p.HikariPool - HikariPool-1 - keepalive: connection com.mysql.cj.jdbc.ConnectionImpl@44664b47 is alive
2026-04-03 21:05:03 DEBUG c.z.h.p.HikariPool - HikariPool-1 - keepalive: connection com.mysql.cj.jdbc.ConnectionImpl@1576e75e is alive
2026-04-03 21:05:04 DEBUG c.z.h.p.HikariPool - HikariPool-1 - keepalive: connection com.mysql.cj.jdbc.ConnectionImpl@35551f28 is alive
2026-04-03 21:05:18 DEBUG c.z.h.p.HikariPool - HikariPool-1 - keepalive: connection com.mysql.cj.jdbc.ConnectionImpl@6582cd77 is alive
2026-04-03 21:05:21 DEBUG c.z.h.p.HikariPool - HikariPool-1 - Pool stats (total=10/10, idle=10/10, active=0, waiting=0)
2026-04-03 21:05:21 DEBUG c.z.h.p.HikariPool - HikariPool-1 - Fill pool skipped, pool has sufficient level or currently being filled.
2026-04-03 21:05:45 DEBUG c.z.h.p.HikariPool - HikariPool-1 - keepalive: connection com.mysql.cj.jdbc.ConnectionImpl@2156c1de is alive
2026-04-03 21:05:48 DEBUG c.z.h.p.HikariPool - HikariPool-1 - keepalive: connection com.mysql.cj.jdbc.ConnectionImpl@3464122a is alive
2026-04-03 21:05:51 DEBUG c.z.h.p.HikariPool - HikariPool-1 - Pool stats (total=10/10, idle=10/10, active=0, waiting=0)
2026-04-03 21:05:51 DEBUG c.z.h.p.HikariPool - HikariPool-1 - Fill pool skipped, pool has sufficient level or currently being filled.
2026-04-03 21:06:19 DEBUG c.z.h.p.HikariPool - HikariPool-1 - keepalive: connection com.mysql.cj.jdbc.ConnectionImpl@75591811 is alive
2026-04-03 21:06:21 DEBUG c.z.h.p.HikariPool - HikariPool-1 - Pool stats (total=10/10, idle=10/10, active=0, waiting=0)
2026-04-03 21:06:21 DEBUG c.z.h.p.HikariPool - HikariPool-1 - Fill pool skipped, pool has sufficient level or currently being filled.
2026-04-03 21:06:27 DEBUG c.z.h.p.HikariPool - HikariPool-1 - keepalive: connection com.mysql.cj.jdbc.ConnectionImpl@6ad139bf is alive
2026-04-03 21:06:38 DEBUG c.z.h.p.HikariPool - HikariPool-1 - keepalive: connection com.mysql.cj.jdbc.ConnectionImpl@44664b47 is alive
2026-04-03 21:06:40 DEBUG c.z.h.p.HikariPool - HikariPool-1 - keepalive: connection com.mysql.cj.jdbc.ConnectionImpl@11381e89 is alive
2026-04-03 21:06:42 DEBUG c.z.h.p.HikariPool - HikariPool-1 - keepalive: connection com.mysql.cj.jdbc.ConnectionImpl@ce51da0 is alive
2026-04-03 21:06:43 DEBUG c.z.h.p.HikariPool - HikariPool-1 - keepalive: connection com.mysql.cj.jdbc.ConnectionImpl@1576e75e is alive
2026-04-03 21:06:51 DEBUG c.z.h.p.HikariPool - HikariPool-1 - Pool stats (total=10/10, idle=10/10, active=0, waiting=0)
2026-04-03 21:06:51 DEBUG c.z.h.p.HikariPool - HikariPool-1 - Fill pool skipped, pool has sufficient level or currently being filled.
2026-04-03 21:07:01 DEBUG c.z.h.p.HikariPool - HikariPool-1 - keepalive: connection com.mysql.cj.jdbc.ConnectionImpl@35551f28 is alive
2026-04-03 21:07:18 DEBUG c.z.h.p.HikariPool - HikariPool-1 - keepalive: connection com.mysql.cj.jdbc.ConnectionImpl@6582cd77 is alive
2026-04-03 21:07:21 DEBUG c.z.h.p.HikariPool - HikariPool-1 - Pool stats (total=10/10, idle=10/10, active=0, waiting=0)
2026-04-03 21:07:21 DEBUG c.z.h.p.HikariPool - HikariPool-1 - Fill pool skipped, pool has sufficient level or currently being filled.
2026-04-03 21:07:28 DEBUG o.s.w.s.DispatcherServlet - GET "/actuator/configprops/%7Bprefix%7D", parameters={}
2026-04-03 21:07:28 DEBUG o.s.b.w.a.e.w.WebMvcEndpointHandlerMapping - Mapped to Actuator web endpoint 'configprops-prefix'
2026-04-03 21:07:28 DEBUG o.s.w.s.m.m.a.RequestResponseBodyMethodProcessor - Read "application/octet-stream" to []
2026-04-03 21:07:28 DEBUG o.s.w.s.m.m.a.HttpEntityMethodProcessor - Using 'application/vnd.spring-boot.actuator.v3+json;q=0.8', given [text/html, application/xhtml+xml, image/avif, image/webp, image/apng, application/xml;q=0.9, */*;q=0.8, application/signed-exchange;v=b3;q=0.7] and supported [application/vnd.spring-boot.actuator.v3+json, application/vnd.spring-boot.actuator.v2+json, application/json]
2026-04-03 21:07:28 DEBUG o.s.w.s.m.m.a.HttpEntityMethodProcessor - Writing [APIResponse(timestamp=2026-04-03T21:07:28.462554, data=null, error=null)]
2026-04-03 21:07:28 DEBUG o.s.w.s.DispatcherServlet - Completed 404 NOT_FOUND
2026-04-03 21:07:31 DEBUG c.z.h.p.HikariPool - HikariPool-1 - keepalive: connection com.mysql.cj.jdbc.ConnectionImpl@2156c1de is alive
2026-04-03 21:07:34 DEBUG c.z.h.p.HikariPool - HikariPool-1 - keepalive: connection com.mysql.cj.jdbc.ConnectionImpl@3464122a is alive
2026-04-03 21:07:35 DEBUG o.s.w.s.DispatcherServlet - GET "/actuator/configprops/%7Bprefix%7D", parameters={}
2026-04-03 21:07:35 DEBUG o.s.b.w.a.e.w.WebMvcEndpointHandlerMapping - Mapped to Actuator web endpoint 'configprops-prefix'
2026-04-03 21:07:35 DEBUG o.s.w.s.m.m.a.RequestResponseBodyMethodProcessor - Read "application/octet-stream" to []
2026-04-03 21:07:35 DEBUG o.s.w.s.m.m.a.HttpEntityMethodProcessor - Using 'application/vnd.spring-boot.actuator.v3+json;q=0.8', given [text/html, application/xhtml+xml, image/avif, image/webp, image/apng, application/xml;q=0.9, */*;q=0.8, application/signed-exchange;v=b3;q=0.7] and supported [application/vnd.spring-boot.actuator.v3+json, application/vnd.spring-boot.actuator.v2+json, application/json]
2026-04-03 21:07:35 DEBUG o.s.w.s.m.m.a.HttpEntityMethodProcessor - Writing [APIResponse(timestamp=2026-04-03T21:07:35.518545, data=null, error=null)]
2026-04-03 21:07:35 DEBUG o.s.w.s.DispatcherServlet - Completed 404 NOT_FOUND
2026-04-03 21:07:51 DEBUG c.z.h.p.HikariPool - HikariPool-1 - Pool stats (total=10/10, idle=10/10, active=0, waiting=0)
2026-04-03 21:07:51 DEBUG c.z.h.p.HikariPool - HikariPool-1 - Fill pool skipped, pool has sufficient level or currently being filled.
2026-04-03 21:07:57 DEBUG c.z.h.p.HikariPool - HikariPool-1 - keepalive: connection com.mysql.cj.jdbc.ConnectionImpl@75591811 is alive
2026-04-03 21:08:05 DEBUG c.z.h.p.HikariPool - HikariPool-1 - keepalive: connection com.mysql.cj.jdbc.ConnectionImpl@6ad139bf is alive
2026-04-03 21:08:18 DEBUG c.z.h.p.HikariPool - HikariPool-1 - keepalive: connection com.mysql.cj.jdbc.ConnectionImpl@44664b47 is alive
2026-04-03 21:08:21 DEBUG c.z.h.p.HikariPool - HikariPool-1 - Pool stats (total=10/10, idle=10/10, active=0, waiting=0)
2026-04-03 21:08:21 DEBUG c.z.h.p.HikariPool - HikariPool-1 - Fill pool skipped, pool has sufficient level or currently being filled.
2026-04-03 21:08:23 DEBUG c.z.h.p.HikariPool - HikariPool-1 - keepalive: connection com.mysql.cj.jdbc.ConnectionImpl@1576e75e is alive
2026-04-03 21:08:33 DEBUG o.s.w.s.DispatcherServlet - GET "/actuator/metrics", parameters={}
2026-04-03 21:08:33 DEBUG o.s.b.w.a.e.w.WebMvcEndpointHandlerMapping - Mapped to Actuator web endpoint 'metrics'
2026-04-03 21:08:33 DEBUG o.s.w.s.m.m.a.RequestResponseBodyMethodProcessor - Read "application/octet-stream" to []
2026-04-03 21:08:33 DEBUG o.s.w.s.m.m.a.RequestResponseBodyMethodProcessor - Using 'application/vnd.spring-boot.actuator.v3+json;q=0.8', given [text/html, application/xhtml+xml, image/avif, image/webp, image/apng, application/xml;q=0.9, */*;q=0.8, application/signed-exchange;v=b3;q=0.7] and supported [application/vnd.spring-boot.actuator.v3+json, application/vnd.spring-boot.actuator.v2+json, application/json]
2026-04-03 21:08:33 DEBUG o.s.w.s.m.m.a.RequestResponseBodyMethodProcessor - Writing [APIResponse(timestamp=2026-04-03T21:08:33.626020, data=org.springframework.boot.micrometer.metrics.a (truncated)...]
2026-04-03 21:08:33 DEBUG o.s.w.s.DispatcherServlet - Completed 200 OK
2026-04-03 21:08:34 DEBUG c.z.h.p.HikariPool - HikariPool-1 - keepalive: connection com.mysql.cj.jdbc.ConnectionImpl@11381e89 is alive
2026-04-03 21:08:37 DEBUG c.z.h.p.HikariPool - HikariPool-1 - keepalive: connection com.mysql.cj.jdbc.ConnectionImpl@ce51da0 is alive
2026-04-03 21:08:49 DEBUG o.s.w.s.DispatcherServlet - GET "/actuator/metrics/disk.free", parameters={}
2026-04-03 21:08:49 DEBUG o.s.b.w.a.e.w.WebMvcEndpointHandlerMapping - Mapped to Actuator web endpoint 'metrics-requiredMetricName'
2026-04-03 21:08:49 DEBUG o.s.w.s.m.m.a.RequestResponseBodyMethodProcessor - Read "application/octet-stream" to []
2026-04-03 21:08:49 DEBUG o.s.w.s.m.m.a.RequestResponseBodyMethodProcessor - Using 'application/vnd.spring-boot.actuator.v3+json;q=0.8', given [text/html, application/xhtml+xml, image/avif, image/webp, image/apng, application/xml;q=0.9, */*;q=0.8, application/signed-exchange;v=b3;q=0.7] and supported [application/vnd.spring-boot.actuator.v3+json, application/vnd.spring-boot.actuator.v2+json, application/json]
2026-04-03 21:08:49 DEBUG o.s.w.s.m.m.a.RequestResponseBodyMethodProcessor - Writing [APIResponse(timestamp=2026-04-03T21:08:49.381643, data=org.springframework.boot.micrometer.metrics.a (truncated)...]
2026-04-03 21:08:49 DEBUG o.s.w.s.DispatcherServlet - Completed 200 OK
2026-04-03 21:08:51 DEBUG c.z.h.p.HikariPool - HikariPool-1 - Pool stats (total=10/10, idle=10/10, active=0, waiting=0)
2026-04-03 21:08:51 DEBUG c.z.h.p.HikariPool - HikariPool-1 - Fill pool skipped, pool has sufficient level or currently being filled.
2026-04-03 21:08:58 DEBUG c.z.h.p.HikariPool - HikariPool-1 - keepalive: connection com.mysql.cj.jdbc.ConnectionImpl@35551f28 is alive
2026-04-03 21:09:17 DEBUG c.z.h.p.HikariPool - HikariPool-1 - keepalive: connection com.mysql.cj.jdbc.ConnectionImpl@6582cd77 is alive
2026-04-03 21:09:18 DEBUG c.z.h.p.HikariPool - HikariPool-1 - keepalive: connection com.mysql.cj.jdbc.ConnectionImpl@2156c1de is alive
2026-04-03 21:09:20 DEBUG o.s.w.s.DispatcherServlet - GET "/actuator/hikaricp.connections.max", parameters={}
2026-04-03 21:09:20 DEBUG o.s.w.s.h.SimpleUrlHandlerMapping - Mapped to ResourceHttpRequestHandler [classpath [META-INF/resources/], classpath [resources/], classpath [static/], classpath [public/], ServletContext [/]]
2026-04-03 21:09:20 DEBUG o.s.o.j.s.OpenEntityManagerInViewInterceptor - Opening JPA EntityManager in OpenEntityManagerInViewInterceptor
2026-04-03 21:09:20 DEBUG o.h.o.core - HHH006588: Opening session [tenant=null]
2026-04-03 21:09:20 DEBUG o.s.w.s.r.ResourceHttpRequestHandler - Resource not found
2026-04-03 21:09:20 DEBUG o.s.w.s.m.s.DefaultHandlerExceptionResolver - Resolved [org.springframework.web.servlet.resource.NoResourceFoundException: No static resource actuator/hikaricp.connections.max for request '/actuator/hikaricp.connections.max'.]
2026-04-03 21:09:20 DEBUG o.s.o.j.s.OpenEntityManagerInViewInterceptor - Closing JPA EntityManager in OpenEntityManagerInViewInterceptor
2026-04-03 21:09:20 DEBUG o.h.s.metrics - HHH000401: Logging session metrics:
	0 ns acquiring 0 JDBC connections
	0 ns releasing 0 JDBC connections
	0 ns preparing 0 JDBC statements
	0 ns executing 0 JDBC statements
	0 ns executing 0 JDBC batches
	0 ns performing 0 second-level cache puts
	0 ns performing 0 second-level cache hits
	0 ns performing 0 second-level cache misses
	0 ns executing 0 flushes (flushing a total of 0 entities and 0 collections)
	0 ns executing 0 pre-partial-flushes
	0 ns executing 0 partial-flushes (flushing a total of 0 entities and 0 collections)

2026-04-03 21:09:20 DEBUG o.s.w.s.DispatcherServlet - Completed 404 NOT_FOUND
2026-04-03 21:09:20 DEBUG o.s.w.s.DispatcherServlet - "ERROR" dispatch for GET "/error", parameters={}
2026-04-03 21:09:20 DEBUG o.s.w.s.m.m.a.RequestMappingHandlerMapping - Mapped to org.springframework.boot.webmvc.autoconfigure.error.BasicErrorController#errorHtml(HttpServletRequest, HttpServletResponse)
2026-04-03 21:09:20 DEBUG o.s.o.j.s.OpenEntityManagerInViewInterceptor - Opening JPA EntityManager in OpenEntityManagerInViewInterceptor
2026-04-03 21:09:20 DEBUG o.h.o.core - HHH006588: Opening session [tenant=null]
2026-04-03 21:09:20 DEBUG o.s.w.s.v.ContentNegotiatingViewResolver - Selected 'text/html' given [text/html, text/html;q=0.8]
2026-04-03 21:09:20 DEBUG o.s.o.j.s.OpenEntityManagerInViewInterceptor - Closing JPA EntityManager in OpenEntityManagerInViewInterceptor
2026-04-03 21:09:20 DEBUG o.h.s.metrics - HHH000401: Logging session metrics:
	0 ns acquiring 0 JDBC connections
	0 ns releasing 0 JDBC connections
	0 ns preparing 0 JDBC statements
	0 ns executing 0 JDBC statements
	0 ns executing 0 JDBC batches
	0 ns performing 0 second-level cache puts
	0 ns performing 0 second-level cache hits
	0 ns performing 0 second-level cache misses
	0 ns executing 0 flushes (flushing a total of 0 entities and 0 collections)
	0 ns executing 0 pre-partial-flushes
	0 ns executing 0 partial-flushes (flushing a total of 0 entities and 0 collections)

2026-04-03 21:09:20 DEBUG o.s.w.s.DispatcherServlet - Exiting from "ERROR" dispatch, status 404
2026-04-03 21:09:21 DEBUG c.z.h.p.HikariPool - HikariPool-1 - keepalive: connection com.mysql.cj.jdbc.ConnectionImpl@3464122a is alive
2026-04-03 21:09:21 DEBUG c.z.h.p.HikariPool - HikariPool-1 - Pool stats (total=10/10, idle=10/10, active=0, waiting=0)
2026-04-03 21:09:21 DEBUG c.z.h.p.HikariPool - HikariPool-1 - Fill pool skipped, pool has sufficient level or currently being filled.
2026-04-03 21:09:34 DEBUG c.z.h.p.HikariPool - HikariPool-1 - keepalive: connection com.mysql.cj.jdbc.ConnectionImpl@75591811 is alive
2026-04-03 21:09:43 DEBUG c.z.h.p.HikariPool - HikariPool-1 - keepalive: connection com.mysql.cj.jdbc.ConnectionImpl@6ad139bf is alive
2026-04-03 21:09:51 DEBUG c.z.h.p.HikariPool - HikariPool-1 - Pool stats (total=10/10, idle=10/10, active=0, waiting=0)
2026-04-03 21:09:51 DEBUG c.z.h.p.HikariPool - HikariPool-1 - Fill pool skipped, pool has sufficient level or currently being filled.
2026-04-03 21:09:57 DEBUG c.z.h.p.HikariPool - HikariPool-1 - keepalive: connection com.mysql.cj.jdbc.ConnectionImpl@44664b47 is alive
2026-04-03 21:10:03 DEBUG c.z.h.p.HikariPool - HikariPool-1 - keepalive: connection com.mysql.cj.jdbc.ConnectionImpl@1576e75e is alive
2026-04-03 21:10:10 DEBUG o.s.w.s.DispatcherServlet - GET "/actuator/metrics/disk.total", parameters={}
2026-04-03 21:10:10 DEBUG o.s.b.w.a.e.w.WebMvcEndpointHandlerMapping - Mapped to Actuator web endpoint 'metrics-requiredMetricName'
2026-04-03 21:10:10 DEBUG o.s.w.s.m.m.a.RequestResponseBodyMethodProcessor - Read "application/octet-stream" to []
2026-04-03 21:10:10 DEBUG o.s.w.s.m.m.a.RequestResponseBodyMethodProcessor - Using 'application/vnd.spring-boot.actuator.v3+json;q=0.8', given [text/html, application/xhtml+xml, image/avif, image/webp, image/apng, application/xml;q=0.9, */*;q=0.8, application/signed-exchange;v=b3;q=0.7] and supported [application/vnd.spring-boot.actuator.v3+json, application/vnd.spring-boot.actuator.v2+json, application/json]
2026-04-03 21:10:10 DEBUG o.s.w.s.m.m.a.RequestResponseBodyMethodProcessor - Writing [APIResponse(timestamp=2026-04-03T21:10:10.137750, data=org.springframework.boot.micrometer.metrics.a (truncated)...]
2026-04-03 21:10:10 DEBUG o.s.w.s.DispatcherServlet - Completed 200 OK
2026-04-03 21:10:19 DEBUG o.s.w.s.DispatcherServlet - GET "/Users/shikhilrane/Downloads/Programming/Git-remote-repos/Learnings/_13_Spring_Boot_CS/Spring_Boot_Learning/_04_Production_Ready_SpringBoot_Features/_06_Spring_Boot_Actuator/prod-ready-features/", parameters={}
2026-04-03 21:10:19 DEBUG o.s.w.s.h.SimpleUrlHandlerMapping - Mapped to ResourceHttpRequestHandler [classpath [META-INF/resources/], classpath [resources/], classpath [static/], classpath [public/], ServletContext [/]]
2026-04-03 21:10:19 DEBUG o.s.o.j.s.OpenEntityManagerInViewInterceptor - Opening JPA EntityManager in OpenEntityManagerInViewInterceptor
2026-04-03 21:10:19 DEBUG o.h.o.core - HHH006588: Opening session [tenant=null]
2026-04-03 21:10:19 DEBUG o.s.w.s.r.ResourceHttpRequestHandler - Resource not found
2026-04-03 21:10:19 DEBUG o.s.w.s.m.s.DefaultHandlerExceptionResolver - Resolved [org.springframework.web.servlet.resource.NoResourceFoundException: No static resource Users/shikhilrane/Downloads/Programming/Git-remote-repos/Learnings/_13_Spring_Boot_CS/Spring_Boot_Learning/_04_Production_Ready_SpringBoot_Features/_06_Spring_Boot_Actuator/prod-ready-features for request '/Users/shikhilrane/Downloads/Programming/Git-remote-repos/Learnings/_13_Spring_Boot_CS/Spring_Boot_Learning/_04_Production_Ready_SpringBoot_Features/_06_Spring_Boot_Actuator/prod-ready-features/'.]
2026-04-03 21:10:19 DEBUG o.s.o.j.s.OpenEntityManagerInViewInterceptor - Closing JPA EntityManager in OpenEntityManagerInViewInterceptor
2026-04-03 21:10:19 DEBUG o.h.s.metrics - HHH000401: Logging session metrics:
	0 ns acquiring 0 JDBC connections
	0 ns releasing 0 JDBC connections
	0 ns preparing 0 JDBC statements
	0 ns executing 0 JDBC statements
	0 ns executing 0 JDBC batches
	0 ns performing 0 second-level cache puts
	0 ns performing 0 second-level cache hits
	0 ns performing 0 second-level cache misses
	0 ns executing 0 flushes (flushing a total of 0 entities and 0 collections)
	0 ns executing 0 pre-partial-flushes
	0 ns executing 0 partial-flushes (flushing a total of 0 entities and 0 collections)

2026-04-03 21:10:19 DEBUG o.s.w.s.DispatcherServlet - Completed 404 NOT_FOUND
2026-04-03 21:10:19 DEBUG o.s.w.s.DispatcherServlet - "ERROR" dispatch for GET "/error", parameters={}
2026-04-03 21:10:19 DEBUG o.s.w.s.m.m.a.RequestMappingHandlerMapping - Mapped to org.springframework.boot.webmvc.autoconfigure.error.BasicErrorController#errorHtml(HttpServletRequest, HttpServletResponse)
2026-04-03 21:10:19 DEBUG o.s.o.j.s.OpenEntityManagerInViewInterceptor - Opening JPA EntityManager in OpenEntityManagerInViewInterceptor
2026-04-03 21:10:19 DEBUG o.h.o.core - HHH006588: Opening session [tenant=null]
2026-04-03 21:10:19 DEBUG o.s.w.s.v.ContentNegotiatingViewResolver - Selected 'text/html' given [text/html, text/html;q=0.8]
2026-04-03 21:10:19 DEBUG o.s.o.j.s.OpenEntityManagerInViewInterceptor - Closing JPA EntityManager in OpenEntityManagerInViewInterceptor
2026-04-03 21:10:19 DEBUG o.h.s.metrics - HHH000401: Logging session metrics:
	0 ns acquiring 0 JDBC connections
	0 ns releasing 0 JDBC connections
	0 ns preparing 0 JDBC statements
	0 ns executing 0 JDBC statements
	0 ns executing 0 JDBC batches
	0 ns performing 0 second-level cache puts
	0 ns performing 0 second-level cache hits
	0 ns performing 0 second-level cache misses
	0 ns executing 0 flushes (flushing a total of 0 entities and 0 collections)
	0 ns executing 0 pre-partial-flushes
	0 ns executing 0 partial-flushes (flushing a total of 0 entities and 0 collections)

2026-04-03 21:10:19 DEBUG o.s.w.s.DispatcherServlet - Exiting from "ERROR" dispatch, status 404
2026-04-03 21:10:21 DEBUG c.z.h.p.HikariPool - HikariPool-1 - Pool stats (total=10/10, idle=10/10, active=0, waiting=0)
2026-04-03 21:10:21 DEBUG c.z.h.p.HikariPool - HikariPool-1 - Fill pool skipped, pool has sufficient level or currently being filled.
2026-04-03 21:10:29 DEBUG c.z.h.p.HikariPool - HikariPool-1 - keepalive: connection com.mysql.cj.jdbc.ConnectionImpl@11381e89 is alive
2026-04-03 21:10:31 DEBUG c.z.h.p.HikariPool - HikariPool-1 - keepalive: connection com.mysql.cj.jdbc.ConnectionImpl@ce51da0 is alive
2026-04-03 21:10:51 DEBUG c.z.h.p.HikariPool - HikariPool-1 - Pool stats (total=10/10, idle=10/10, active=0, waiting=0)
2026-04-03 21:10:51 DEBUG c.z.h.p.HikariPool - HikariPool-1 - Fill pool skipped, pool has sufficient level or currently being filled.
2026-04-03 21:10:55 DEBUG c.z.h.p.HikariPool - HikariPool-1 - keepalive: connection com.mysql.cj.jdbc.ConnectionImpl@35551f28 is alive
2026-04-03 21:11:04 DEBUG c.z.h.p.HikariPool - HikariPool-1 - keepalive: connection com.mysql.cj.jdbc.ConnectionImpl@2156c1de is alive
2026-04-03 21:11:07 DEBUG c.z.h.p.HikariPool - HikariPool-1 - keepalive: connection com.mysql.cj.jdbc.ConnectionImpl@3464122a is alive
2026-04-03 21:11:11 DEBUG c.z.h.p.HikariPool - HikariPool-1 - keepalive: connection com.mysql.cj.jdbc.ConnectionImpl@75591811 is alive
2026-04-03 21:11:17 DEBUG c.z.h.p.HikariPool - HikariPool-1 - keepalive: connection com.mysql.cj.jdbc.ConnectionImpl@6582cd77 is alive
2026-04-03 21:11:21 DEBUG c.z.h.p.HikariPool - HikariPool-1 - keepalive: connection com.mysql.cj.jdbc.ConnectionImpl@6ad139bf is alive
2026-04-03 21:11:21 DEBUG c.z.h.p.HikariPool - HikariPool-1 - Pool stats (total=10/10, idle=10/10, active=0, waiting=0)
2026-04-03 21:11:21 DEBUG c.z.h.p.HikariPool - HikariPool-1 - Fill pool skipped, pool has sufficient level or currently being filled.
2026-04-03 21:11:37 DEBUG c.z.h.p.HikariPool - HikariPool-1 - keepalive: connection com.mysql.cj.jdbc.ConnectionImpl@44664b47 is alive
2026-04-03 21:11:43 DEBUG c.z.h.p.HikariPool - HikariPool-1 - keepalive: connection com.mysql.cj.jdbc.ConnectionImpl@1576e75e is alive
2026-04-03 21:11:51 DEBUG c.z.h.p.HikariPool - HikariPool-1 - Pool stats (total=10/10, idle=10/10, active=0, waiting=0)
2026-04-03 21:11:51 DEBUG c.z.h.p.HikariPool - HikariPool-1 - Fill pool skipped, pool has sufficient level or currently being filled.
2026-04-03 21:12:19 DEBUG o.s.b.a.ApplicationAvailabilityBean - Application availability state ReadinessState changed from ACCEPTING_TRAFFIC to REFUSING_TRAFFIC
2026-04-03 21:12:19 DEBUG o.s.b.w.s.s.c.AnnotationConfigServletWebServerApplicationContext - Closing org.springframework.boot.web.server.servlet.context.AnnotationConfigServletWebServerApplicationContext@1c59ecc9, started on Fri Apr 03 20:53:19 IST 2026
2026-04-03 21:12:19 DEBUG o.s.c.s.DefaultLifecycleProcessor - Stopping beans in phase 2147482623
2026-04-03 21:12:19 INFO  o.s.b.t.GracefulShutdown - Commencing graceful shutdown. Waiting for active requests to complete
2026-04-03 21:12:21 INFO  o.s.b.t.GracefulShutdown - Graceful shutdown complete
2026-04-03 21:12:21 DEBUG o.s.c.s.DefaultLifecycleProcessor - Stopping beans in phase 2147481599
2026-04-03 21:12:21 DEBUG o.s.c.s.DefaultLifecycleProcessor - Bean 'webServerGracefulShutdown' completed its stop procedure
2026-04-03 21:12:21 DEBUG o.s.c.s.DefaultLifecycleProcessor - Bean 'webServerStartStop' completed its stop procedure
2026-04-03 21:12:21 DEBUG o.s.c.s.DefaultLifecycleProcessor - Stopping beans in phase 1073741823
2026-04-03 21:12:21 DEBUG o.s.c.s.DefaultLifecycleProcessor - Bean 'applicationTaskExecutor' completed its stop procedure
2026-04-03 21:12:21 DEBUG o.s.c.s.DefaultLifecycleProcessor - Stopping beans in phase -2147483647
2026-04-03 21:12:21 DEBUG o.s.c.s.DefaultLifecycleProcessor - Bean 'springBootLoggingLifecycle' completed its stop procedure
2026-04-03 21:12:21 INFO  o.s.o.j.LocalContainerEntityManagerFactoryBean - Closing JPA EntityManagerFactory for persistence unit 'default'
2026-04-03 21:12:21 DEBUG o.h.o.factory - HHH90020005: Closing factory [f73552df-f413-483a-9b1b-61b600b90293]
2026-04-03 21:12:21 INFO  c.z.h.HikariDataSource - HikariPool-1 - Shutdown initiated...
2026-04-03 21:12:21 DEBUG c.z.h.p.HikariPool - HikariPool-1 - Before shutdown stats (total=10/10, idle=10/10, active=0, waiting=0)
2026-04-03 21:12:21 DEBUG c.z.h.p.PoolBase - HikariPool-1 - Closing connection com.mysql.cj.jdbc.ConnectionImpl@6ad139bf: (connection evicted)
2026-04-03 21:12:21 DEBUG c.z.h.p.PoolBase - HikariPool-1 - Closing connection com.mysql.cj.jdbc.ConnectionImpl@3464122a: (connection evicted)
2026-04-03 21:12:21 DEBUG c.z.h.p.PoolBase - HikariPool-1 - Closing connection com.mysql.cj.jdbc.ConnectionImpl@75591811: (connection evicted)
2026-04-03 21:12:21 DEBUG c.z.h.p.PoolBase - HikariPool-1 - Closing connection com.mysql.cj.jdbc.ConnectionImpl@44664b47: (connection evicted)
2026-04-03 21:12:21 DEBUG c.z.h.p.PoolBase - HikariPool-1 - Closing connection com.mysql.cj.jdbc.ConnectionImpl@1576e75e: (connection evicted)
2026-04-03 21:12:21 DEBUG c.z.h.p.PoolBase - HikariPool-1 - Closing connection com.mysql.cj.jdbc.ConnectionImpl@ce51da0: (connection evicted)
2026-04-03 21:12:21 DEBUG c.z.h.p.PoolBase - HikariPool-1 - Closing connection com.mysql.cj.jdbc.ConnectionImpl@11381e89: (connection evicted)
2026-04-03 21:12:21 DEBUG c.z.h.p.PoolBase - HikariPool-1 - Closing connection com.mysql.cj.jdbc.ConnectionImpl@35551f28: (connection evicted)
2026-04-03 21:12:21 DEBUG c.z.h.p.PoolBase - HikariPool-1 - Closing connection com.mysql.cj.jdbc.ConnectionImpl@6582cd77: (connection evicted)
2026-04-03 21:12:21 DEBUG c.z.h.p.PoolBase - HikariPool-1 - Closing connection com.mysql.cj.jdbc.ConnectionImpl@2156c1de: (connection evicted)
2026-04-03 21:12:21 DEBUG c.z.h.p.HikariPool - HikariPool-1 - After  shutdown stats (total=0/10, idle=0/10, active=0, waiting=0)
2026-04-03 21:12:21 INFO  c.z.h.HikariDataSource - HikariPool-1 - Shutdown completed.
2026-04-03 21:12:21 DEBUG o.s.s.c.ThreadPoolTaskExecutor - Shutting down ExecutorService 'applicationTaskExecutor'
2026-04-03 21:12:21 DEBUG o.s.b.f.s.DisposableBeanAdapter - Custom destroy method 'close' on bean with name 'simpleMeterRegistry' completed
